deposit_number,axn,registry_title,observed_body_subject,work_locus,identity_status,restoration_status,conflict_status,lifecycle_status,severity,evidence,recommendation,projection_status,registration_blocking,repair_priority,bibliographic_type_status,registry_content_type,recommended_content_type,creator_role_status,registry_creator,observed_byline,title_status,version_identity_status,registry_version,observed_body_version,manifestation_status,date_status,body_declaration_status,review_status,canonical_match_basis,audit_snapshot_commit,audit_date,registration_block_reason,oai_recommendation,license_status,batch_action,audit_history,defect_codes
1014,AXN:0402.ARCHIVAL.👁‍🗨🔍🏴⚡❤️♠️,[DUPLICATE — SUPERSEDED → DOI: 10.5281/zenodo.20629192] Allen Ginsberg — Canon Provenance Node (New Human Canon),Sappho — Canon Provenance Node,INLINE_TEXT,WRONG_OBJECT,MIS-SEATED_PRIMARY_OBJECT,DECLARED_BY_AUDIT_UNRESOLVED,VERIFY_SUPERSESSION_FIELDS,P0,Registry AXN 0402; body data/texts/AXN-0402-text.md; body blob SHA 86dff5c6bd81df287876f67ce82e8da0f034e16f,"Remove Sappho body from this record; recover the Allen Ginsberg node from DOI/source witnesses. Until recovered, expose metadata-only with explicit WRONG_OBJECT quarantine. Verify SUPERSEDED lifecycle pointers.",NOT_YET_AUDITED,YES,R0,NOT_YET_AUDITED,,,NOT_YET_AUDITED,,,NOT_YET_AUDITED,NOT_YET_AUDITED,,,NOT_YET_AUDITED,NOT_YET_AUDITED,NOT_YET_AUDITED,PRIOR_BATCH_ADJUDICATION,,055429ac82edc967f09c4640ffd0b049cff78e6e,2026-07-31,,,NOT_YET_AUDITED,PRIOR_BATCH_ROW,[],
1015,AXN:0403.ARCHIVAL.🦋🕖🔜♠️⛵▲,[DUPLICATE — SUPERSEDED → DOI: 10.5281/zenodo.20629192] Allen Ginsberg — Canon Provenance Node (New Human Canon),Sappho — Canon Provenance Node,INLINE_TEXT,WRONG_OBJECT,MIS-SEATED_PRIMARY_OBJECT,DECLARED_BY_AUDIT_UNRESOLVED,VERIFY_SUPERSESSION_FIELDS,P0,Registry AXN 0403; body data/texts/AXN-0403-text.md; body blob SHA 86dff5c6bd81df287876f67ce82e8da0f034e16f,Same repair class as #1014. Determine whether #1014 and #1015 are legitimate duplicate records of one DOI before restoring; preserve both identifiers and declare their relation.,NOT_YET_AUDITED,YES,R0,NOT_YET_AUDITED,,,NOT_YET_AUDITED,,,NOT_YET_AUDITED,NOT_YET_AUDITED,,,NOT_YET_AUDITED,NOT_YET_AUDITED,NOT_YET_AUDITED,PRIOR_BATCH_ADJUDICATION,,055429ac82edc967f09c4640ffd0b049cff78e6e,2026-07-31,,,NOT_YET_AUDITED,PRIOR_BATCH_ROW,[],
1018,AXN:0406.ARCHIVAL.🌇⚙️🏺📐🔩🗺️,[DUPLICATE — SUPERSEDED → DOI: 10.5281/zenodo.20629202] Emily Dickinson — Canon Provenance Node (New Human Canon),Sappho — Canon Provenance Node,INLINE_TEXT,WRONG_OBJECT,MIS-SEATED_PRIMARY_OBJECT,DECLARED_BY_AUDIT_UNRESOLVED,VERIFY_SUPERSESSION_FIELDS,P0,Registry AXN 0406; body data/texts/AXN-0406-text.md; body blob SHA 86dff5c6bd81df287876f67ce82e8da0f034e16f,Quarantine from OAI as a complete Emily Dickinson record. Recover the Dickinson node from source witnesses; retain the current body only as evidence of the seating error.,NOT_YET_AUDITED,YES,R0,NOT_YET_AUDITED,,,NOT_YET_AUDITED,,,NOT_YET_AUDITED,NOT_YET_AUDITED,,,NOT_YET_AUDITED,NOT_YET_AUDITED,NOT_YET_AUDITED,PRIOR_BATCH_ADJUDICATION,,055429ac82edc967f09c4640ffd0b049cff78e6e,2026-07-31,,,NOT_YET_AUDITED,PRIOR_BATCH_ROW,[],
1019,AXN:0407.ARCHIVAL.❤️🧭♠️💎🔵🌑,[DUPLICATE — SUPERSEDED → DOI: 10.5281/zenodo.20629204] Sappho — Canon Provenance Node (New Human Canon),Sappho — Canon Provenance Node,INLINE_TEXT,CONFIRMED_MATCH,COMPLETE_AS_DEPOSITED,NO_TITLE_BODY_CONFLICT,VERIFY_SUPERSESSION_FIELDS,P2,Registry AXN 0407; body data/texts/AXN-0407-text.md; body blob SHA 86dff5c6bd81df287876f67ce82e8da0f034e16f,Treat as the correctly seated Sappho member of the cluster. Verify whether its embedded 'DUPLICATE — SUPERSEDED' title is matched by formal lifecycle fields and a resolvable successor.,NOT_YET_AUDITED,CONDITIONAL,R2,NOT_YET_AUDITED,,,NOT_YET_AUDITED,,,NOT_YET_AUDITED,NOT_YET_AUDITED,,,NOT_YET_AUDITED,NOT_YET_AUDITED,NOT_YET_AUDITED,PRIOR_BATCH_ADJUDICATION,,055429ac82edc967f09c4640ffd0b049cff78e6e,2026-07-31,,,NOT_YET_AUDITED,PRIOR_BATCH_ROW,[],
1020,AXN:0408.ARCHIVAL.⏩🏴🌗🕕🎆◀️,[DUPLICATE — SUPERSEDED → DOI: 10.5281/zenodo.20629212] Achilles — Canon Provenance Node (New Human Canon),Sappho — Canon Provenance Node,INLINE_TEXT,WRONG_OBJECT,MIS-SEATED_PRIMARY_OBJECT,DECLARED_BY_AUDIT_UNRESOLVED,VERIFY_SUPERSESSION_FIELDS,P0,Registry AXN 0408; body data/texts/AXN-0408-text.md; body blob SHA 86dff5c6bd81df287876f67ce82e8da0f034e16f,Quarantine from OAI as a complete Achilles record. Recover the Achilles node; preserve the mismatch as an audit trace.,NOT_YET_AUDITED,YES,R0,NOT_YET_AUDITED,,,NOT_YET_AUDITED,,,NOT_YET_AUDITED,NOT_YET_AUDITED,,,NOT_YET_AUDITED,NOT_YET_AUDITED,NOT_YET_AUDITED,PRIOR_BATCH_ADJUDICATION,,055429ac82edc967f09c4640ffd0b049cff78e6e,2026-07-31,,,NOT_YET_AUDITED,PRIOR_BATCH_ROW,[],
1021,AXN:0409.ARCHIVAL.🖊️♍▽🌒🟠🔙,[SUPERSEDED — NO REGISTRY STANDING] Ezra Pound — Canon Provenance Node (New Human Canon),Sappho — Canon Provenance Node,INLINE_TEXT,WRONG_OBJECT,MIS-SEATED_PRIMARY_OBJECT,DECLARED_BY_AUDIT_UNRESOLVED,VERIFY_NO_REGISTRY_STANDING_DECLARATION,P0,Registry AXN 0409; body data/texts/AXN-0409-text.md; body blob SHA 86dff5c6bd81df287876f67ce82e8da0f034e16f,Quarantine. Recover the Ezra Pound node if the identifier is to remain a work record; otherwise retain as a marked tombstone/no-standing record. Reconcile title-level declaration with formal lifecycle status.,NOT_YET_AUDITED,YES,R0,NOT_YET_AUDITED,,,NOT_YET_AUDITED,,,NOT_YET_AUDITED,NOT_YET_AUDITED,,,NOT_YET_AUDITED,NOT_YET_AUDITED,NOT_YET_AUDITED,PRIOR_BATCH_ADJUDICATION,,055429ac82edc967f09c4640ffd0b049cff78e6e,2026-07-31,,,NOT_YET_AUDITED,PRIOR_BATCH_ROW,[],
901,AXN:0391,Moltbook Provenance Log v1.5 — Complete Archive Capture,crimsonhexagon on Moltbook: Provenance Log v1.3,INLINE_TEXT,WRONG_VERSION,MIS_SEATED_PRIMARY_OBJECT,DECLARED_BY_AUDIT_UNRESOLVED,VERSION_SERIES_OBJECT_MIS_SEATED,P0,"Registry title declares v1.5 and machine version v1.0, while the served body is explicitly v1.3 with its own version history and 30-entry scope.",Quarantine this object as WRONG_VERSION. Recover the actual v1.5 bytes or relabel the record/body as v1.3; preserve all version-series identifiers.,REGISTRY_BODY_PARITY_CHECKED_OAI_PENDING,YES,R0,ACCURATE_OR_COMPATIBLE,Provenance log,Versioned provenance log,NO_MATERIAL_CONFLICT_OBSERVED,Crimson Hexagonal Archive,crimsonhexagon / Crimson Hexagonal Archive,CONFLICT,TITLE_BODY_VERSION_CONFLICT,v1.0 / title v1.5,v1.3,NO_MISSING_PRIMARY_MANIFESTATION_OBSERVED,NO_MATERIAL_DATE_CONFLICT_OBSERVED,CURRENT_OR_NOT_APPLICABLE,FRONTMATTER_AND_IDENTITY_READ,Frozen registry metadata compared with the actual canonical work-bearing body or declared manifestation.,055429ac82edc967f09c4640ffd0b049cff78e6e,2026-07-31,The exposed version identity is materially false.,"Expose clean title, exact version and lifecycle, role-qualified creators, bibliographic type, manifestation/attachment state, identifier aliases, and a compact audit capsule.",NO_CONFLICT_OBSERVED,UPDATE_EXISTING_REAUDIT,"[{""superseded_audit_row"": {""deposit_number"": 901, ""axn"": ""AXN:0391.ARCHIVAL.🥁📦⏬🍂📦🕕"", ""registry_title"": ""Moltbook Provenance Log v1.5 — Complete Archive Capture"", ""observed_body_subject"": ""crimsonhexagon on Moltbook: Provenance Log v1.3"", ""work_locus"": ""INLINE_TEXT"", ""identity_status"": ""WRONG_VERSION"", ""restoration_status"": ""MIS-SEATED_PRIMARY_OBJECT"", ""conflict_status"": ""DECLARED_BY_AUDIT_UNRESOLVED"", ""lifecycle_status"": ""VERSION_SERIES_UNMODELED"", ""severity"": ""P0"", ""evidence"": ""Registry DOI 10.5281/zenodo.19371305; body data/texts/AXN-0391-text.md; body declares v1.3 and uses concept DOI 10.5281/zenodo.19352805; recovered_from source filename is moltbook-provenance-log-v1.3__19358277.md"", ""recommendation"": ""Quarantine as v1.5 until the actual v1.5 body is recovered. Preserve the current v1.3 body as evidence of the seating error. Add explicit version-series links and identify the v1.5 version DOI/source witness."", ""projection_status"": ""NOT_YET_AUDITED"", ""registration_blocking"": ""YES"", ""repair_priority"": ""R0"", ""bibliographic_type_status"": ""NOT_YET_AUDITED"", ""registry_content_type"": """", ""recommended_content_type"": """", ""creator_role_status"": ""NOT_YET_AUDITED"", ""registry_creator"": """", ""observed_byline"": """", ""title_status"": ""NOT_YET_AUDITED"", ""version_identity_status"": ""NOT_YET_AUDITED"", ""registry_version"": """", ""observed_body_version"": """", ""manifestation_status"": ""NOT_YET_AUDITED"", ""date_status"": ""NOT_YET_AUDITED"", ""body_declaration_status"": ""NOT_YET_AUDITED"", ""review_status"": ""PRIOR_BATCH_ADJUDICATION"", ""canonical_match_basis"": """", ""audit_snapshot_commit"": ""055429ac82edc967f09c4640ffd0b049cff78e6e"", ""audit_date"": ""2026-07-31"", ""registration_block_reason"": """", ""oai_recommendation"": """", ""license_status"": ""NOT_YET_AUDITED"", ""batch_action"": ""PRIOR_BATCH_ROW""}, ""superseded_by_batch"": 8, ""reason"": ""Contiguous Batch 8 semantic re-audit at frozen snapshot; prior risk-sample judgment preserved.""}]","['TITLE', 'VERSION', 'STANDING']"
958,AXN:03CA,crimsonhexagon on Moltbook: Provenance Log v1.0,crimsonhexagon on Moltbook: Provenance Log v1.3,INLINE_TEXT,WRONG_VERSION,MIS_SEATED_PRIMARY_OBJECT,DECLARED_BY_AUDIT_UNRESOLVED,VERSION_1_3_WITH_PREDECESSOR_CHAIN,P0,Registry title claims v1.0 and restoration metadata retains generic/semi-restored versioning; body explicitly declares v1.3 with a complete version history from v1.0 through v1.3.,Quarantine the v1.0 claim. Identify the served body as v1.3 and preserve v1.0–v1.2 as predecessor/version records.,REGISTRY_BODY_PARITY_CHECKED_OAI_PENDING,YES,R0,ACCURATE_OR_COMPATIBLE,,,NO_MATERIAL_CONFLICT_OBSERVED,,,MATCH,TITLE_BODY_VERSION_CONFLICT,v1.0 / v0.1-semi,v1.3,NO_MISSING_PRIMARY_MANIFESTATION_OBSERVED,NO_MATERIAL_DATE_CONFLICT_OBSERVED,CURRENT_OR_NOT_APPLICABLE,FRONTMATTER_AND_IDENTITY_READ,Frozen registry metadata compared with canonical body.,055429ac82edc967f09c4640ffd0b049cff78e6e,2026-07-31,The record serves a materially different historical version.,"Expose exact lifecycle/version, creator roles, work locus, restoration state, and compact audit capsule.",NO_CONFLICT_OBSERVED,UPDATE_EXISTING_REAUDIT,"[{""superseded_audit_row"": {""deposit_number"": 958, ""axn"": ""AXN:03CA.ARCHIVAL.↗️🌄👋🌒🎨🗼"", ""registry_title"": ""crimsonhexagon on Moltbook: Provenance Log v1.0"", ""observed_body_subject"": ""crimsonhexagon on Moltbook: Provenance Log v1.3"", ""work_locus"": ""INLINE_TEXT"", ""identity_status"": ""AMBIGUOUS_VERSION"", ""restoration_status"": ""SERIES_HEAD_CONFLATION"", ""conflict_status"": ""DECLARED_BY_AUDIT_UNRESOLVED"", ""lifecycle_status"": ""CONCEPT_DOI_AND_VERSION_RECORD_CONFLATED"", ""severity"": ""P1"", ""evidence"": ""Registry DOI 10.5281/zenodo.19352805 is identified inside the body as the Concept DOI; body declares v1.3; registry title was repaired to the DataCite-published form v1.0; recovered source is v1.3."", ""recommendation"": ""Decide whether #958 is the concept-series record or the original v1.0 version record. If concept record, retitle and model it as the series head with current version v1.3 plus version history. If version-specific v1.0, recover the v1.0 body and seat it here."", ""projection_status"": ""NOT_YET_AUDITED"", ""registration_blocking"": ""YES"", ""repair_priority"": ""R1"", ""bibliographic_type_status"": ""NOT_YET_AUDITED"", ""registry_content_type"": """", ""recommended_content_type"": """", ""creator_role_status"": ""NOT_YET_AUDITED"", ""registry_creator"": """", ""observed_byline"": """", ""title_status"": ""NOT_YET_AUDITED"", ""version_identity_status"": ""NOT_YET_AUDITED"", ""registry_version"": """", ""observed_body_version"": """", ""manifestation_status"": ""NOT_YET_AUDITED"", ""date_status"": ""NOT_YET_AUDITED"", ""body_declaration_status"": ""NOT_YET_AUDITED"", ""review_status"": ""PRIOR_BATCH_ADJUDICATION"", ""canonical_match_basis"": """", ""audit_snapshot_commit"": ""055429ac82edc967f09c4640ffd0b049cff78e6e"", ""audit_date"": ""2026-07-31"", ""registration_block_reason"": """", ""oai_recommendation"": """", ""license_status"": ""NOT_YET_AUDITED"", ""batch_action"": ""PRIOR_BATCH_ROW""}, ""superseded_by_batch"": 8, ""reason"": ""Contiguous Batch 8 semantic re-audit at frozen snapshot; prior risk-sample judgment preserved.""}]","['VERSION', 'STANDING']"
1237,AXN:04E6.UNCLASSIFIED.⚪🕙🕓⊕🛡️♣️,Moltbook Provenance Log v1.7 — Spread the Hexagon Campaign (1.7),crimsonhexagon on Moltbook: Provenance Log v1.3,INLINE_TEXT,WRONG_VERSION,MIS-SEATED_PRIMARY_OBJECT,DECLARED_BY_AUDIT_UNRESOLVED,VERSION_SERIES_UNMODELED,P0,Registry DOI 10.5281/zenodo.19373638; body data/texts/AXN-04E6-text.md; body declares v1.3; recovered_from source is moltbook-provenance-log-v1.3__19358277.md.,Quarantine as v1.7 until the v1.7 body is recovered. Preserve the current body as the audit trace and connect the record to the Moltbook version series.,NOT_YET_AUDITED,YES,R0,NOT_YET_AUDITED,,,NOT_YET_AUDITED,,,NOT_YET_AUDITED,NOT_YET_AUDITED,,,NOT_YET_AUDITED,NOT_YET_AUDITED,NOT_YET_AUDITED,PRIOR_BATCH_ADJUDICATION,,055429ac82edc967f09c4640ffd0b049cff78e6e,2026-07-31,,,NOT_YET_AUDITED,PRIOR_BATCH_ROW,[],
1024,AXN:040C.ARCHIVAL.☁️🧭👐🔬🔛🕖,GW.TACHYON.zenodo — v9,GW.TACHYON.zenodo — v7,INLINE_TEXT,WRONG_VERSION,MIS-SEATED_PRIMARY_OBJECT,DECLARED_BY_AUDIT_UNRESOLVED,VERSION_SERIES_UNMODELED,P0,Registry DOI 10.5281/zenodo.20675215; body data/texts/AXN-040C-text.md; body header and internal Version field both say 7; recovered_from is GW-TACHYON-zenodo_v7__19634181.md.,Quarantine as v9 and recover the actual v9 continuity deposit. Do not expose the v7 body as v9. Preserve v7 bytes and provenance as evidence.,NOT_YET_AUDITED,YES,R0,NOT_YET_AUDITED,,,NOT_YET_AUDITED,,,NOT_YET_AUDITED,NOT_YET_AUDITED,,,NOT_YET_AUDITED,NOT_YET_AUDITED,NOT_YET_AUDITED,PRIOR_BATCH_ADJUDICATION,,055429ac82edc967f09c4640ffd0b049cff78e6e,2026-07-31,,,NOT_YET_AUDITED,PRIOR_BATCH_ROW,[],
1238,AXN:04E7.UNCLASSIFIED.🚨💫↘️📌🔐🎶,GW.TACHYON.zenodo — v7 [Data set],GW.TACHYON.zenodo — v7,INLINE_TEXT,CONFIRMED_MATCH,COMPLETE_AS_DEPOSITED,CONFLICT_DECLARED_UNRESOLVED,VERSION_AND_DATE_FIELDS_CONFLICT,P2,Registry title and body agree on v7; body records deposited 2026-04-17 and Version 7. Registry generic date is 2026-01-01 and registry version field is v1.0.,Keep the body seated. Correct or explicitly qualify the registry date and version fields using the original DOI metadata and body provenance. Model this as the confirmed v7 member of the TACHYON series.,NOT_YET_AUDITED,CONDITIONAL,R2,NOT_YET_AUDITED,,,NOT_YET_AUDITED,,,NOT_YET_AUDITED,NOT_YET_AUDITED,,,NOT_YET_AUDITED,NOT_YET_AUDITED,NOT_YET_AUDITED,PRIOR_BATCH_ADJUDICATION,,055429ac82edc967f09c4640ffd0b049cff78e6e,2026-07-31,,,NOT_YET_AUDITED,PRIOR_BATCH_ROW,[],
1242,AXN:04EB.UNCLASSIFIED.🌍🔚⏏️🔔♍🚨,GW.TACHYON.zenodo — v1 — Encrypted Session Deposit [Data set],GW.TACHYON.zenodo — v7,INLINE_TEXT,WRONG_VERSION,MIS-SEATED_PRIMARY_OBJECT,DECLARED_BY_AUDIT_UNRESOLVED,VERSION_SERIES_UNMODELED,P0,Registry DOI 10.5281/zenodo.19433483; body data/texts/AXN-04EB-text.md; body declares Version 7; recovered_from is the v7 source.,Quarantine as v1. Recover the encrypted-session v1 object or mark missing-primary-object if unavailable. Preserve the v7 body as evidence but do not treat it as this record's work.,NOT_YET_AUDITED,YES,R0,NOT_YET_AUDITED,,,NOT_YET_AUDITED,,,NOT_YET_AUDITED,NOT_YET_AUDITED,,,NOT_YET_AUDITED,NOT_YET_AUDITED,NOT_YET_AUDITED,PRIOR_BATCH_ADJUDICATION,,055429ac82edc967f09c4640ffd0b049cff78e6e,2026-07-31,,,NOT_YET_AUDITED,PRIOR_BATCH_ROW,[],
1243,AXN:04EC.UNCLASSIFIED.🎬🕙🔓♅👋🌱,GW.TACHYON.zenodo — v2 — First Glyphic Deposit [Data set],GW.TACHYON.zenodo — v7,INLINE_TEXT,WRONG_VERSION,MIS-SEATED_PRIMARY_OBJECT,DECLARED_BY_AUDIT_UNRESOLVED,VERSION_SERIES_UNMODELED,P0,Registry DOI 10.5281/zenodo.19433865; body data/texts/AXN-04EC-text.md; body declares Version 7; recovered_from is the v7 source.,Quarantine as v2. Recover the first glyphic-deposit v2 object or expose an explicit missing-primary-object state. Preserve the v7 bytes only as the audit trace.,NOT_YET_AUDITED,YES,R0,NOT_YET_AUDITED,,,NOT_YET_AUDITED,,,NOT_YET_AUDITED,NOT_YET_AUDITED,,,NOT_YET_AUDITED,NOT_YET_AUDITED,NOT_YET_AUDITED,PRIOR_BATCH_ADJUDICATION,,055429ac82edc967f09c4640ffd0b049cff78e6e,2026-07-31,,,NOT_YET_AUDITED,PRIOR_BATCH_ROW,[],
960,AXN:03CC,Gravity Well Protocol v0.4.0,Gravity Well Protocol v0.4.0,INLINE_TEXT,CONFIRMED_MATCH,COMPLETE_AS_DEPOSITED,DECLARED_BY_AUDIT_UNRESOLVED,VERSION_RELATION_TO_1347_UNMODELED,P2,"Title/body version align, but the generic restoration version remains v0.1-semi and the same bytes are associated elsewhere with a v0.4.1 record (#1347).",Keep this record as v0.4.0 only after adjudicating its relation to #1347; separate restoration-event version from work version.,REGISTRY_BODY_PARITY_CHECKED_OAI_PENDING,CONDITIONAL,R2,ACCURATE_OR_COMPATIBLE,Recovered work (full text seated),Protocol specification,NO_MATERIAL_CONFLICT_OBSERVED,,,MATCH,AMBIGUOUS_VERSION,v0.1-semi restoration,v0.4.0,NO_MISSING_PRIMARY_MANIFESTATION_OBSERVED,NO_MATERIAL_DATE_CONFLICT_OBSERVED,CURRENT_OR_NOT_APPLICABLE,FRONTMATTER_AND_IDENTITY_READ,Frozen registry metadata compared with the actual canonical body.,055429ac82edc967f09c4640ffd0b049cff78e6e,2026-07-31,"Material title, type, creator, lifecycle, version-layer, relation, manifestation, date, or license conflict requires correction or explicit declaration.","Expose clean title, exact work version and lifecycle, role-qualified creators, bibliographic type, restoration layer, relations, and compact audit capsule.",NO_CONFLICT_OBSERVED,UPDATE_EXISTING_REAUDIT,"[{""superseded_audit_row"": {""deposit_number"": 960, ""axn"": ""AXN:03CC.ARCHIVAL.👇🗺️🪧🤙🫶🧫"", ""registry_title"": ""Gravity Well Protocol v0.4.0 — Compression, Wrapping, and Anchoring Microservice for Durable Provenance Chains (EA-GW-01)"", ""observed_body_subject"": ""Gravity Well Protocol — v0.4.0"", ""work_locus"": ""INLINE_TEXT"", ""identity_status"": ""CONFIRMED_MATCH"", ""restoration_status"": ""COMPLETE_AS_DEPOSITED"", ""conflict_status"": ""CONFLICT_DECLARED_UNRESOLVED"", ""lifecycle_status"": ""SOURCE_VERSION_CONFLICT"", ""severity"": ""P2"", ""evidence"": ""Body data/texts/AXN-03CC-text.md internally declares v0.4.0. Registry recovery provenance points to source filename EA-GW-01_Gravity_Well_Protocol_v0.4.1__19405459.md."", ""recommendation"": ""Keep the v0.4.0 body seated. Reconcile whether DOI/source 19405459 is a later v0.4.1 version, a concept DOI, or a mislabeled source. Declare that relationship rather than silently treating source and body versions as identical."", ""projection_status"": ""NOT_YET_AUDITED"", ""registration_blocking"": ""CONDITIONAL"", ""repair_priority"": ""R2"", ""bibliographic_type_status"": ""NOT_YET_AUDITED"", ""registry_content_type"": """", ""recommended_content_type"": """", ""creator_role_status"": ""NOT_YET_AUDITED"", ""registry_creator"": """", ""observed_byline"": """", ""title_status"": ""NOT_YET_AUDITED"", ""version_identity_status"": ""NOT_YET_AUDITED"", ""registry_version"": """", ""observed_body_version"": """", ""manifestation_status"": ""NOT_YET_AUDITED"", ""date_status"": ""NOT_YET_AUDITED"", ""body_declaration_status"": ""NOT_YET_AUDITED"", ""review_status"": ""PRIOR_BATCH_ADJUDICATION"", ""canonical_match_basis"": """", ""audit_snapshot_commit"": ""055429ac82edc967f09c4640ffd0b049cff78e6e"", ""audit_date"": ""2026-07-31"", ""registration_block_reason"": """", ""oai_recommendation"": """", ""license_status"": ""NOT_YET_AUDITED"", ""batch_action"": ""PRIOR_BATCH_ROW""}, ""superseded_by_batch"": 8, ""reason"": ""Contiguous Batch 8 semantic re-audit at frozen snapshot; prior risk-sample judgment preserved.""}]","['VERSION', 'STANDING']"
1347,AXN:0554.UNCLASSIFIED.🕐⌛🏺🤝🪞♾️,"Gravity Well Codebase v0.4.1 — Compression, Wrapping, and Anchoring Microservice (EA-GW-01)",Gravity Well Protocol — v0.4.0,ATTACHMENT_BORNE_OR_SOURCE_CODE_BUNDLE,WRONG_OBJECT,MIS-SEATED_PRIMARY_OBJECT,DECLARED_BY_AUDIT_UNRESOLVED,CODEBASE_OBJECT_UNRECOVERED,P0,Registry names a v0.4.1 codebase and DOI 10.5281/zenodo.19405459. Current body data/texts/AXN-0554-text.md is byte-identical to the prose Gravity Well Protocol v0.4.0 body.,"Quarantine from unqualified OAI exposure. Recover the actual v0.4.1 codebase or attached source bundle. Preserve the current protocol body as evidence of the seating error, not as the codebase.",NOT_YET_AUDITED,YES,R0,NOT_YET_AUDITED,,,NOT_YET_AUDITED,,,NOT_YET_AUDITED,NOT_YET_AUDITED,,,NOT_YET_AUDITED,NOT_YET_AUDITED,NOT_YET_AUDITED,PRIOR_BATCH_ADJUDICATION,,055429ac82edc967f09c4640ffd0b049cff78e6e,2026-07-31,,,NOT_YET_AUDITED,PRIOR_BATCH_ROW,[],
1356,AXN:055D.UNCLASSIFIED.🔜✏️📜🏔️🟣🏰,Hexagonal Contributor License v1.0 — Rhys Owens — Lunar Arm — Creative Writing → New Human 2,Rhys Owens — The Lunar Arm of New Human,INLINE_TEXT,WRONG_OBJECT,MIS-SEATED_PRIMARY_OBJECT,DECLARED_BY_AUDIT_UNRESOLVED,LICENSE_OBJECT_UNRECOVERED,P0,Current body is a nine-section interpretive essay on Rhys Owens as Lunar Principle/Lunar Operator. It contains no contributor-license instrument or license clauses corresponding to the registry title.,Quarantine as a restored license. Recover the actual v1.0 contributor-license text or attachment. Search for the proper record belonging to the seated Lunar Arm essay before relocating or reusing it.,NOT_YET_AUDITED,YES,R0,NOT_YET_AUDITED,,,NOT_YET_AUDITED,,,NOT_YET_AUDITED,NOT_YET_AUDITED,,,NOT_YET_AUDITED,NOT_YET_AUDITED,NOT_YET_AUDITED,PRIOR_BATCH_ADJUDICATION,,055429ac82edc967f09c4640ffd0b049cff78e6e,2026-07-31,,,NOT_YET_AUDITED,PRIOR_BATCH_ROW,[],
1358,AXN:055F.UNCLASSIFIED.♻️📦🌓◇🕚☁️,Hexagonal Contributor License v3.0 — Rhys Owens — Lunar Arm — Full Unified License,Rhys Owens — The Lunar Arm of New Human,INLINE_TEXT,WRONG_OBJECT,MIS-SEATED_PRIMARY_OBJECT,DECLARED_BY_AUDIT_UNRESOLVED,LICENSE_OBJECT_UNRECOVERED,P0,"Current body is byte-identical to #1356 and is the Lunar Arm interpretive essay, not a v3.0 unified contributor license.",Quarantine as a restored license. Recover the actual v3.0 license. Preserve the duplicated essay and source provenance as evidence; do not silently substitute it.,NOT_YET_AUDITED,YES,R0,NOT_YET_AUDITED,,,NOT_YET_AUDITED,,,NOT_YET_AUDITED,NOT_YET_AUDITED,,,NOT_YET_AUDITED,NOT_YET_AUDITED,NOT_YET_AUDITED,PRIOR_BATCH_ADJUDICATION,,055429ac82edc967f09c4640ffd0b049cff78e6e,2026-07-31,,,NOT_YET_AUDITED,PRIOR_BATCH_ROW,[],
825,AXN:033F,AI Overview Capture Registry EA-WG-CAPTURES-01 v6.0 — 87 captures Author: Lee Sharks · ORCID 0009-0000-1599-0703 Compile,"AI Overview Capture Registry — EA-WG-CAPTURES-01 v7.2, 131 captures",INLINE_TEXT,WRONG_VERSION,MIS_SEATED_PRIMARY_OBJECT,DECLARED_BY_AUDIT_UNRESOLVED,LIVING_REGISTRY_VERSION_7_2,P0,"Catalog title claims v6.0 and 87 captures, description claims 131 captures, and machine-readable version is v1.0. Body declares v7.2 and 131 documented captures.","Quarantine the current version/count claims. Identify the served body as v7.2 with 131 captures, preserve v6.0 as predecessor, and verify the screenshot/transcription manifestation inventory.",REGISTRY_BODY_PARITY_CHECKED_OAI_PENDING,YES,R0,ACCURATE_OR_COMPATIBLE,Dataset,Longitudinal capture registry / dataset,NO_MATERIAL_CONFLICT_OBSERVED,Lee Sharks,Lee Sharks,CONFLICT,TITLE_BODY_VERSION_CONFLICT,v1.0,v7.2,CAPTURE_IMAGES_AND_TRANSCRIPTIONS_REQUIRE_MANIFESTATION_INVENTORY,NO_MATERIAL_DATE_CONFLICT_OBSERVED,CURRENT_OR_NOT_APPLICABLE,FRONTMATTER_AND_IDENTITY_READ,Frozen catalog row compared with the canonical work-bearing body.,055429ac82edc967f09c4640ffd0b049cff78e6e,2026-07-31,Version metadata cannot be trusted until corrected or historical bytes are recovered.,"Expose clean title, exact version/standing, role-qualified creators, bibliographic type, relations, manifestations, and a compact audit capsule.",NO_CONFLICT_OBSERVED,UPDATE_EXISTING_REAUDIT,"[{""superseded_audit_row"": {""deposit_number"": 825, ""axn"": ""AXN:033F.GOVERNANCE.⌛💡🔭🔭🔀✊"", ""registry_title"": ""AI Overview Capture Registry EA-WG-CAPTURES-01 v6.0 — 87 captures"", ""observed_body_subject"": ""AI Overview Capture Registry EA-WG-CAPTURES-01 v7.2 — 131 captures"", ""work_locus"": ""DATASET_OR_REGISTRY"", ""identity_status"": ""WRONG_VERSION"", ""restoration_status"": ""MIS-SEATED_PRIMARY_OBJECT"", ""conflict_status"": ""DECLARED_BY_AUDIT_UNRESOLVED"", ""lifecycle_status"": ""HISTORICAL_VERSION_UNRECOVERED"", ""severity"": ""P0"", ""evidence"": ""Registry identifies v6.0 with 87 captures. Current body explicitly identifies itself as v7.2 and contains 131 captures."", ""recommendation"": ""Quarantine as v6.0. Recover the historical 87-capture v6.0 dataset or mark the primary object missing. Link the current v7.2 body only as a later-series witness."", ""projection_status"": ""NOT_YET_AUDITED"", ""registration_blocking"": ""YES"", ""repair_priority"": ""R0"", ""bibliographic_type_status"": ""NOT_YET_AUDITED"", ""registry_content_type"": """", ""recommended_content_type"": """", ""creator_role_status"": ""NOT_YET_AUDITED"", ""registry_creator"": """", ""observed_byline"": """", ""title_status"": ""NOT_YET_AUDITED"", ""version_identity_status"": ""NOT_YET_AUDITED"", ""registry_version"": """", ""observed_body_version"": """", ""manifestation_status"": ""NOT_YET_AUDITED"", ""date_status"": ""NOT_YET_AUDITED"", ""body_declaration_status"": ""NOT_YET_AUDITED"", ""review_status"": ""PRIOR_BATCH_ADJUDICATION"", ""canonical_match_basis"": """", ""audit_snapshot_commit"": ""055429ac82edc967f09c4640ffd0b049cff78e6e"", ""audit_date"": ""2026-07-31"", ""registration_block_reason"": """", ""oai_recommendation"": """", ""license_status"": ""NOT_YET_AUDITED"", ""batch_action"": ""PRIOR_BATCH_ROW""}, ""superseded_by_batch"": 8, ""reason"": ""Contiguous Batch 8 semantic re-audit at frozen snapshot; prior risk-sample judgment preserved.""}]","['TITLE', 'VERSION', 'STANDING', 'MANIFESTATION']"
1396,AXN:0585.UNCLASSIFIED.🔗🔺❌🗡️🌊🛡️,"AI Overview Capture Registry — June 2026 (EA-WG-CAPTURES-01 v7.2, 131 captures, sorted by category, complete 221-image set)",AI Overview Capture Registry EA-WG-CAPTURES-01 v7.2 — 131 captures,COMPOSITE_DATASET_WITH_IMAGE_SET,CONFIRMED_MATCH,SUBSTANTIALLY_RESTORED,CONFLICT_SUSPECTED,IMAGE_SET_AND_VERSION_RELATION_VERIFY,P2,"Body title and 131-capture dataset match the registry. Registry additionally claims a complete 221-image set; the text body is present, but attachment/image completeness was not established in this reading.",Keep text seated. Verify that all 221 images or an independently preserved image manifest remain accessible. Model the DOI as concept or version DOI and relate it explicitly to #1401 and the main registry lineage.,NOT_YET_AUDITED,CONDITIONAL,R2,NOT_YET_AUDITED,,,NOT_YET_AUDITED,,,NOT_YET_AUDITED,NOT_YET_AUDITED,,,NOT_YET_AUDITED,NOT_YET_AUDITED,NOT_YET_AUDITED,PRIOR_BATCH_ADJUDICATION,,055429ac82edc967f09c4640ffd0b049cff78e6e,2026-07-31,,,NOT_YET_AUDITED,PRIOR_BATCH_ROW,[],
1397,AXN:0586.UNCLASSIFIED.♣️🔄⛳🟢🔅📐,"AI Overview Capture Registry — June 2026 (EA-WG-CAPTURES-01 v6.1, 87 captures, machine-readable dataset added)",AI Overview Capture Registry EA-WG-CAPTURES-01 v7.2 — 131 captures,DATASET_OR_REGISTRY,WRONG_VERSION,MIS-SEATED_PRIMARY_OBJECT,DECLARED_BY_AUDIT_UNRESOLVED,HISTORICAL_VERSION_UNRECOVERED,P0,Registry names v6.1 with 87 captures. Current body explicitly identifies v7.2 and 131 captures.,Quarantine as v6.1. Recover the actual v6.1 machine-readable dataset and any associated files; retain the v7.2 body only as evidence of later-head substitution.,NOT_YET_AUDITED,YES,R0,NOT_YET_AUDITED,,,NOT_YET_AUDITED,,,NOT_YET_AUDITED,NOT_YET_AUDITED,,,NOT_YET_AUDITED,NOT_YET_AUDITED,NOT_YET_AUDITED,PRIOR_BATCH_ADJUDICATION,,055429ac82edc967f09c4640ffd0b049cff78e6e,2026-07-31,,,NOT_YET_AUDITED,PRIOR_BATCH_ROW,[],
1398,AXN:0587.UNCLASSIFIED.🔍🗼🪐🔜🌄◇,"AI Overview Capture Registry — June 2026 (EA-WG-CAPTURES-01 v7.0, 87 captures, collapsible descriptions, framing revision)",Metadata-only restoration apparatus for the named v7.0 record,METADATA_CAPTURE,CONFIRMED_MATCH,METADATA_ONLY,CONFLICT_DECLARED_UNRESOLVED,STATUS_INVERSION,P1,"Body explicitly says SEMI-RESTORED RECORD, metadata capture only, no full text. Registry content_type, wiki article, and canonical_text_status present it as recovered full text.",Reverse the full-restoration declarations. Set content type and canonical text status to metadata-only; expose missing-primary-object status through OAI until canonical bytes are recovered.,NOT_YET_AUDITED,YES,R1,NOT_YET_AUDITED,,,NOT_YET_AUDITED,,,NOT_YET_AUDITED,NOT_YET_AUDITED,,,NOT_YET_AUDITED,NOT_YET_AUDITED,NOT_YET_AUDITED,PRIOR_BATCH_ADJUDICATION,,055429ac82edc967f09c4640ffd0b049cff78e6e,2026-07-31,,,NOT_YET_AUDITED,PRIOR_BATCH_ROW,[],
1401,AXN:058A.UNCLASSIFIED.☀️📎⛳🕛⏩☁️,"AI Overview Capture Registry — June 2026 (EA-WG-CAPTURES-01 v7.2, 131 captures sorted by category, 221 images)",AI Overview Capture Registry EA-WG-CAPTURES-01 v7.2 — 131 captures,COMPOSITE_DATASET_WITH_IMAGE_SET,CONFIRMED_MATCH,SUBSTANTIALLY_RESTORED,CONFLICT_SUSPECTED,DUPLICATE_OR_VERSION_RELATION_UNMODELED,P2,"Text body matches v7.2/131 captures and is substantively the same dataset as #1396. Registry title names 221 images, but image-set completeness and relation between DOI records are not yet explicit.","Keep text seated. Determine whether #1396 and #1401 represent concept DOI, version DOI, or duplicate publication. Add bidirectional relation and verify the 221-image attachment set.",NOT_YET_AUDITED,CONDITIONAL,R2,NOT_YET_AUDITED,,,NOT_YET_AUDITED,,,NOT_YET_AUDITED,NOT_YET_AUDITED,,,NOT_YET_AUDITED,NOT_YET_AUDITED,NOT_YET_AUDITED,PRIOR_BATCH_ADJUDICATION,,055429ac82edc967f09c4640ffd0b049cff78e6e,2026-07-31,,,NOT_YET_AUDITED,PRIOR_BATCH_ROW,[],
1211,AXN:04CC.UNCLASSIFIED.🌾🔖👉∞👁‍🗨🔍,"Revelation First: A Work Plan for Retrieval-Layer Theological Reception (EA-LOGOS-REVFIRST-PLAN v1.2, Claim 6)",EA-LOGOS-REVFIRST-PLAN v7.3 — later blog-head state,INLINE_TEXT_WITH_RESTORATION_WRAPPER,AMBIGUOUS_VERSION,HEAD_SUBSTITUTED_FOR_HISTORICAL_VERSION,CONFLICT_DECLARED_UNRESOLVED,HISTORICAL_VERSION_UNRECOVERED,P1,"Wrapper truthfully states that the live blog supplied the HEAD of the work's version chain and the severed DOI may have frozen an earlier state. Seated body explicitly declares v7.3, not v1.2 Claim 6.","Retain as an honest proxy-head restoration, but do not label the historical v1.2 record fully restored. Expose `historical_version_unrecovered` and link to the confirmed v7.3 head.",NOT_YET_AUDITED,YES,R1,NOT_YET_AUDITED,,,NOT_YET_AUDITED,,,NOT_YET_AUDITED,NOT_YET_AUDITED,,,NOT_YET_AUDITED,NOT_YET_AUDITED,NOT_YET_AUDITED,PRIOR_BATCH_ADJUDICATION,,055429ac82edc967f09c4640ffd0b049cff78e6e,2026-07-31,,,NOT_YET_AUDITED,PRIOR_BATCH_ROW,[],
1216,AXN:04D1.UNCLASSIFIED.📚🛡️📐🕚🍄🗼,"Revelation First: A Work Plan for Retrieval-Layer Theological Reception (EA-LOGOS-REVFIRST-PLAN v1.2, self-audited)",EA-LOGOS-REVFIRST-PLAN v7.3 — later blog-head state,INLINE_TEXT_WITH_RESTORATION_WRAPPER,AMBIGUOUS_VERSION,HEAD_SUBSTITUTED_FOR_HISTORICAL_VERSION,CONFLICT_DECLARED_UNRESOLVED,HISTORICAL_VERSION_UNRECOVERED,P1,Wrapper declares a later blog HEAD was used. Seated body is v7.3; historical self-audited v1.2 bytes are not demonstrated.,Retain as proxy-head with explicit historical-version gap. Do not expose it as a complete restoration of the self-audited v1.2 DOI.,NOT_YET_AUDITED,YES,R1,NOT_YET_AUDITED,,,NOT_YET_AUDITED,,,NOT_YET_AUDITED,NOT_YET_AUDITED,,,NOT_YET_AUDITED,NOT_YET_AUDITED,NOT_YET_AUDITED,PRIOR_BATCH_ADJUDICATION,,055429ac82edc967f09c4640ffd0b049cff78e6e,2026-07-31,,,NOT_YET_AUDITED,PRIOR_BATCH_ROW,[],
1217,AXN:04D2.UNCLASSIFIED.💛🔵☀️🛤️🌄📏,Revelation First: A Work Plan for Retrieval-Layer Theological Reception (EA-LOGOS-REVFIRST-PLAN v7.3 — SPXI-TLP Hardened),EA-LOGOS-REVFIRST-PLAN v7.3,INLINE_TEXT_WITH_RESTORATION_WRAPPER,CONFIRMED_MATCH,COMPLETE_AS_DEPOSITED,CONFLICT_DECLARED_UNRESOLVED,VERSION_FIELD_CONFLICT,P2,"Registry title and body agree on v7.3. Generic front matter still says `version: v1.0`, which conflicts with the title and internal version declaration.",Keep body seated. Correct the machine-readable version field to v7.3 and model this as the confirmed series head/current hardened version.,NOT_YET_AUDITED,CONDITIONAL,R2,NOT_YET_AUDITED,,,NOT_YET_AUDITED,,,NOT_YET_AUDITED,NOT_YET_AUDITED,,,NOT_YET_AUDITED,NOT_YET_AUDITED,NOT_YET_AUDITED,PRIOR_BATCH_ADJUDICATION,,055429ac82edc967f09c4640ffd0b049cff78e6e,2026-07-31,,,NOT_YET_AUDITED,PRIOR_BATCH_ROW,[],
1400,AXN:0589.UNCLASSIFIED.🔄📦🫵🌉🜁🧫,"Revelation First: A Work Plan for Retrieval-Layer Theological Reception (EA-LOGOS-REVFIRST-PLAN v7.1 — inscription chain, Paul function, stanza correction)",EA-LOGOS-REVFIRST-PLAN v7.3,INLINE_TEXT,WRONG_VERSION,MIS-SEATED_PRIMARY_OBJECT,DECLARED_BY_AUDIT_UNRESOLVED,HISTORICAL_VERSION_UNRECOVERED,P0,Registry names v7.1. Current body begins with and internally declares v7.3.,Quarantine as a complete v7.1 restoration. Recover actual v7.1 bytes or mark the historical version missing; link v7.3 only as successor.,NOT_YET_AUDITED,YES,R0,NOT_YET_AUDITED,,,NOT_YET_AUDITED,,,NOT_YET_AUDITED,NOT_YET_AUDITED,,,NOT_YET_AUDITED,NOT_YET_AUDITED,NOT_YET_AUDITED,PRIOR_BATCH_ADJUDICATION,,055429ac82edc967f09c4640ffd0b049cff78e6e,2026-07-31,,,NOT_YET_AUDITED,PRIOR_BATCH_ROW,[],
1403,AXN:058C.UNCLASSIFIED.🏠🌓🕊️🌌📚🔮,Revelation First: A Work Plan for Retrieval-Layer Theological Reception (EA-LOGOS-REVFIRST-PLAN v7.2 — with Ethical Architecture and Political Affordance Analysis),EA-LOGOS-REVFIRST-PLAN v7.3,INLINE_TEXT,WRONG_VERSION,MIS-SEATED_PRIMARY_OBJECT,DECLARED_BY_AUDIT_UNRESOLVED,CONCEPT_OR_VERSION_DOI_AMBIGUITY,P0,"Registry names v7.2 and DOI 10.5281/zenodo.20721839. Current body is v7.3 and itself cites 20721839 in its provenance capsule, leaving concept/version DOI semantics unresolved.","Quarantine as an unqualified v7.2 restoration. Resolve whether 20721839 is concept DOI or version DOI, recover actual v7.2 bytes where possible, and retain v7.3 as the successor/head.",NOT_YET_AUDITED,YES,R0,NOT_YET_AUDITED,,,NOT_YET_AUDITED,,,NOT_YET_AUDITED,NOT_YET_AUDITED,,,NOT_YET_AUDITED,NOT_YET_AUDITED,NOT_YET_AUDITED,PRIOR_BATCH_ADJUDICATION,,055429ac82edc967f09c4640ffd0b049cff78e6e,2026-07-31,,,NOT_YET_AUDITED,PRIOR_BATCH_ROW,[],
840,AXN:0355,KADEEZY MUSIC — Provenance Anchor Public Entity Record and Disambiguation Packet Hex: 11.MSBGL.KADEEZY.ANCHOR.01 Date: 1,KADEEZY MUSIC — Provenance Anchor,INLINE_TEXT,CONFIRMED_MATCH,COMPLETE_AS_DEPOSITED,DECLARED_BY_AUDIT_UNRESOLVED,PENDING_ARTIST_REVIEW_NOT_DEPOSITED_DUPLICATE_PAIR,P2,"Body states that the anchor has not been deposited, remains pending artist review and consent, and is byte-identical to #841 at the frozen commit.",Expose PENDING_ARTIST_REVIEW / NOT_DEPOSITED standing and an exact-duplicate relation to #841. Do not choose a canonical record without provenance evidence.,REGISTRY_BODY_PARITY_CHECKED_OAI_PENDING,CONDITIONAL,R2,ACCURATE_OR_COMPATIBLE,Provenance document,Public entity record / disambiguation packet,NO_MATERIAL_CONFLICT_OBSERVED,Lee Sharks,Lee Sharks,CONFLICT,NO_CONFLICT_OBSERVED,v1.0,,BYTE_IDENTICAL_TO_841; CANONICAL_STANDING_UNRESOLVED,NO_MATERIAL_DATE_CONFLICT_OBSERVED,CURRENT_OR_NOT_APPLICABLE,FRONTMATTER_AND_IDENTITY_READ,Frozen catalog row compared with the canonical work-bearing body.,055429ac82edc967f09c4640ffd0b049cff78e6e,2026-07-31,"Material title, type, creator, duplicate, license, relation, or standing conflict must be corrected or explicitly declared before unqualified harvest.","Expose clean title, exact version/standing, role-qualified creators, bibliographic type, duplicate/companion relations, and a compact audit capsule.",NO_CONFLICT_OBSERVED,UPDATE_EXISTING_REAUDIT,"[{""superseded_audit_row"": {""deposit_number"": 840, ""axn"": ""AXN:0355.GOVERNANCE.🦋➕🕔💎🛡️🃏"", ""registry_title"": ""KADEEZY MUSIC — Provenance Anchor Public Entity Record and Disambiguation Packet"", ""observed_body_subject"": ""KADEEZY MUSIC — Provenance Anchor / Public Entity Record and Disambiguation Packet"", ""work_locus"": ""INLINE_TEXT"", ""identity_status"": ""CONFIRMED_MATCH"", ""restoration_status"": ""COMPLETE_AS_DEPOSITED"", ""conflict_status"": ""CONFLICT_SUSPECTED"", ""lifecycle_status"": ""EXACT_DUPLICATE_RELATION_UNMODELED"", ""severity"": ""P2"", ""evidence"": ""Body data/texts/AXN-0355-text.md matches title and is byte-identical to #841. Both registry records carry the same title, description, DOI set, and substantive body."", ""recommendation"": ""Determine why two AXNs exist for the same deposited object. Select a canonical record or declare a coequal duplicate/version relation bidirectionally; expose that relation through OAI."", ""projection_status"": ""OAI_RELATION_REVIEW_REQUIRED"", ""registration_blocking"": ""CONDITIONAL"", ""repair_priority"": ""R2"", ""bibliographic_type_status"": ""NOT_YET_AUDITED"", ""registry_content_type"": """", ""recommended_content_type"": """", ""creator_role_status"": ""NOT_YET_AUDITED"", ""registry_creator"": """", ""observed_byline"": """", ""title_status"": ""NOT_YET_AUDITED"", ""version_identity_status"": ""NOT_YET_AUDITED"", ""registry_version"": """", ""observed_body_version"": """", ""manifestation_status"": ""NOT_YET_AUDITED"", ""date_status"": ""NOT_YET_AUDITED"", ""body_declaration_status"": ""NOT_YET_AUDITED"", ""review_status"": ""PRIOR_BATCH_ADJUDICATION"", ""canonical_match_basis"": """", ""audit_snapshot_commit"": ""055429ac82edc967f09c4640ffd0b049cff78e6e"", ""audit_date"": ""2026-07-31"", ""registration_block_reason"": """", ""oai_recommendation"": """", ""license_status"": ""NOT_YET_AUDITED"", ""batch_action"": ""PRIOR_BATCH_ROW""}, ""superseded_by_batch"": 8, ""reason"": ""Contiguous Batch 8 semantic re-audit at frozen snapshot; prior risk-sample judgment preserved.""}]","['TITLE', 'STANDING', 'MANIFESTATION']"
841,AXN:0356,KADEEZY MUSIC — Provenance Anchor Public Entity Record and Disambiguation Packet Hex: 11.MSBGL.KADEEZY.ANCHOR.01 Date: 1,KADEEZY MUSIC — Provenance Anchor,INLINE_TEXT,CONFIRMED_MATCH,COMPLETE_AS_DEPOSITED,DECLARED_BY_AUDIT_UNRESOLVED,PENDING_ARTIST_REVIEW_NOT_DEPOSITED_DUPLICATE_PAIR,P2,"Body states that the anchor has not been deposited, remains pending artist review and consent, and is byte-identical to #840 at the frozen commit.",Expose PENDING_ARTIST_REVIEW / NOT_DEPOSITED standing and an exact-duplicate relation to #840. Do not choose a canonical record without provenance evidence.,REGISTRY_BODY_PARITY_CHECKED_OAI_PENDING,CONDITIONAL,R2,ACCURATE_OR_COMPATIBLE,Provenance document,Public entity record / disambiguation packet,NO_MATERIAL_CONFLICT_OBSERVED,Lee Sharks,Lee Sharks,CONFLICT,NO_CONFLICT_OBSERVED,v1.0,,BYTE_IDENTICAL_TO_840; CANONICAL_STANDING_UNRESOLVED,NO_MATERIAL_DATE_CONFLICT_OBSERVED,CURRENT_OR_NOT_APPLICABLE,FRONTMATTER_AND_IDENTITY_READ,Frozen catalog row compared with the canonical work-bearing body.,055429ac82edc967f09c4640ffd0b049cff78e6e,2026-07-31,"Material title, type, creator, duplicate, license, relation, or standing conflict must be corrected or explicitly declared before unqualified harvest.","Expose clean title, exact version/standing, role-qualified creators, bibliographic type, duplicate/companion relations, and a compact audit capsule.",NO_CONFLICT_OBSERVED,UPDATE_EXISTING_REAUDIT,"[{""superseded_audit_row"": {""deposit_number"": 841, ""axn"": ""AXN:0356.GOVERNANCE.🪝🚩💫🍁☽◇"", ""registry_title"": ""KADEEZY MUSIC — Provenance Anchor Public Entity Record and Disambiguation Packet"", ""observed_body_subject"": ""KADEEZY MUSIC — Provenance Anchor / Public Entity Record and Disambiguation Packet"", ""work_locus"": ""INLINE_TEXT"", ""identity_status"": ""CONFIRMED_MATCH"", ""restoration_status"": ""COMPLETE_AS_DEPOSITED"", ""conflict_status"": ""CONFLICT_SUSPECTED"", ""lifecycle_status"": ""EXACT_DUPLICATE_RELATION_UNMODELED"", ""severity"": ""P2"", ""evidence"": ""Body data/texts/AXN-0356-text.md matches title and is byte-identical to #840. No formal duplicate/supersession relation was established in the inspected registry projection."", ""recommendation"": ""Pair with #840 as one work represented by two identifiers. Preserve both identifiers, but identify canonical standing and the reason for duplication."", ""projection_status"": ""OAI_RELATION_REVIEW_REQUIRED"", ""registration_blocking"": ""CONDITIONAL"", ""repair_priority"": ""R2"", ""bibliographic_type_status"": ""NOT_YET_AUDITED"", ""registry_content_type"": """", ""recommended_content_type"": """", ""creator_role_status"": ""NOT_YET_AUDITED"", ""registry_creator"": """", ""observed_byline"": """", ""title_status"": ""NOT_YET_AUDITED"", ""version_identity_status"": ""NOT_YET_AUDITED"", ""registry_version"": """", ""observed_body_version"": """", ""manifestation_status"": ""NOT_YET_AUDITED"", ""date_status"": ""NOT_YET_AUDITED"", ""body_declaration_status"": ""NOT_YET_AUDITED"", ""review_status"": ""PRIOR_BATCH_ADJUDICATION"", ""canonical_match_basis"": """", ""audit_snapshot_commit"": ""055429ac82edc967f09c4640ffd0b049cff78e6e"", ""audit_date"": ""2026-07-31"", ""registration_block_reason"": """", ""oai_recommendation"": """", ""license_status"": ""NOT_YET_AUDITED"", ""batch_action"": ""PRIOR_BATCH_ROW""}, ""superseded_by_batch"": 8, ""reason"": ""Contiguous Batch 8 semantic re-audit at frozen snapshot; prior risk-sample judgment preserved.""}]","['TITLE', 'STANDING', 'MANIFESTATION']"
963,AXN:03CF,kimiclaw-moltbook-campaign — v3,kimiclaw-moltbook-campaign — v3,INLINE_TEXT,CONFIRMED_MATCH,COMPLETE_AS_DEPOSITED,DECLARED_BY_AUDIT_UNRESOLVED,RELATION_TO_1236_UNMODELED,P2,Body is the complete v3 Gravity Well provenance deposit. A byte-identical companion/concept-version record exists at #1236 and the registry does not fully explain the pair.,Retain identity; add an explicit concept/version or exact-duplicate relation to #1236.,REGISTRY_BODY_PARITY_CHECKED_OAI_PENDING,CONDITIONAL,R2,ACCURATE_OR_COMPATIBLE,Recovered work (full text seated),Gravity Well provenance deposit,NO_MATERIAL_CONFLICT_OBSERVED,,,MATCH,AMBIGUOUS_VERSION,,v3,NO_MISSING_PRIMARY_MANIFESTATION_OBSERVED,NO_MATERIAL_DATE_CONFLICT_OBSERVED,CURRENT_OR_NOT_APPLICABLE,FRONTMATTER_AND_IDENTITY_READ,Frozen registry metadata compared with the actual canonical body.,055429ac82edc967f09c4640ffd0b049cff78e6e,2026-07-31,"Material title, type, creator, lifecycle, version-layer, relation, manifestation, date, or license conflict requires correction or explicit declaration.","Expose clean title, exact work version and lifecycle, role-qualified creators, bibliographic type, restoration layer, relations, and compact audit capsule.",NO_CONFLICT_OBSERVED,UPDATE_EXISTING_REAUDIT,"[{""superseded_audit_row"": {""deposit_number"": 963, ""axn"": ""AXN:03CF.ARCHIVAL.🧲♃🗝️🗺️➖🕓"", ""registry_title"": ""kimiclaw-moltbook-campaign — v3"", ""observed_body_subject"": ""kimiclaw-moltbook-campaign — v3 / Gravity Well provenance deposit"", ""work_locus"": ""INLINE_TEXT"", ""identity_status"": ""CONFIRMED_MATCH"", ""restoration_status"": ""COMPLETE_AS_DEPOSITED"", ""conflict_status"": ""CONFLICT_SUSPECTED"", ""lifecycle_status"": ""CONCEPT_VERSION_PAIR_UNMODELED"", ""severity"": ""P2"", ""evidence"": ""Body declares version 3 and Concept DOI 10.5281/zenodo.19429994. Recovery source and identical #1236 body are tied to DOI 10.5281/zenodo.19432476."", ""recommendation"": ""Model #963 as the concept-series record if 19429994 is the concept DOI, with #1236 as the v3 version record. Add explicit isVersionOf/hasVersion links."", ""projection_status"": ""OAI_RELATION_REVIEW_REQUIRED"", ""registration_blocking"": ""CONDITIONAL"", ""repair_priority"": ""R2"", ""bibliographic_type_status"": ""NOT_YET_AUDITED"", ""registry_content_type"": """", ""recommended_content_type"": """", ""creator_role_status"": ""NOT_YET_AUDITED"", ""registry_creator"": """", ""observed_byline"": """", ""title_status"": ""NOT_YET_AUDITED"", ""version_identity_status"": ""NOT_YET_AUDITED"", ""registry_version"": """", ""observed_body_version"": """", ""manifestation_status"": ""NOT_YET_AUDITED"", ""date_status"": ""NOT_YET_AUDITED"", ""body_declaration_status"": ""NOT_YET_AUDITED"", ""review_status"": ""PRIOR_BATCH_ADJUDICATION"", ""canonical_match_basis"": """", ""audit_snapshot_commit"": ""055429ac82edc967f09c4640ffd0b049cff78e6e"", ""audit_date"": ""2026-07-31"", ""registration_block_reason"": """", ""oai_recommendation"": """", ""license_status"": ""NOT_YET_AUDITED"", ""batch_action"": ""PRIOR_BATCH_ROW""}, ""superseded_by_batch"": 8, ""reason"": ""Contiguous Batch 8 semantic re-audit at frozen snapshot; prior risk-sample judgment preserved.""}]","['VERSION', 'STANDING']"
1236,AXN:04E5.UNCLASSIFIED.🔓🔽🔀♍🪄🌓,kimiclaw-moltbook-campaign — v3 [Data set],kimiclaw-moltbook-campaign — v3 / Gravity Well provenance deposit,INLINE_TEXT,CONFIRMED_MATCH,COMPLETE_AS_DEPOSITED,CONFLICT_SUSPECTED,CONCEPT_VERSION_PAIR_UNMODELED,P2,Body is byte-identical to #963 and explicitly records Concept DOI 10.5281/zenodo.19429994; registry DOI is 10.5281/zenodo.19432476.,"Model as the version-specific v3 record and point to #963 as concept-series record, subject to DOI verification.",OAI_RELATION_REVIEW_REQUIRED,CONDITIONAL,R2,NOT_YET_AUDITED,,,NOT_YET_AUDITED,,,NOT_YET_AUDITED,NOT_YET_AUDITED,,,NOT_YET_AUDITED,NOT_YET_AUDITED,NOT_YET_AUDITED,PRIOR_BATCH_ADJUDICATION,,055429ac82edc967f09c4640ffd0b049cff78e6e,2026-07-31,,,NOT_YET_AUDITED,PRIOR_BATCH_ROW,[],
980,AXN:03E0,Hexagonal Deposit Registry — Alice Thornburgh — 06.THORNBURGH,MPAI-LAL-AT-01: Alice Thornburgh — Formal Identity Disambiguation Packet,INLINE_TEXT,WRONG_OBJECT,MIS_SEATED_PRIMARY_OBJECT,DECLARED_BY_AUDIT_UNRESOLVED,NO_LIFECYCLE_DEFECT_OBSERVED,P0,Registry claims a deposit registry; body is the Alice Thornburgh MPAI identity packet.,Quarantine and recover the intended deposit registry; preserve the mis-seated MPAI body as evidence.,REGISTRY_BODY_PARITY_CHECKED_OAI_PENDING,YES,R0,ACCURATE_OR_COMPATIBLE,,,NO_MATERIAL_CONFLICT_OBSERVED,,,CONFLICT,NO_CONFLICT_OBSERVED,,,NO_MISSING_PRIMARY_MANIFESTATION_OBSERVED,NO_MATERIAL_DATE_CONFLICT_OBSERVED,CURRENT_OR_NOT_APPLICABLE,FRONTMATTER_AND_IDENTITY_READ,Frozen registry metadata compared with the actual canonical body.,055429ac82edc967f09c4640ffd0b049cff78e6e,2026-07-31,The identifier serves the wrong work or a materially different historical version.,"Expose clean title, exact work version and lifecycle, role-qualified creators, bibliographic type, restoration layer, relations, and compact audit capsule.",NO_CONFLICT_OBSERVED,UPDATE_EXISTING_REAUDIT,"[{""superseded_audit_row"": {""deposit_number"": 980, ""axn"": ""AXN:03E0.ARCHIVAL.🎵👉🗝️✖️✖️🍂"", ""registry_title"": ""Hexagonal Deposit Registry — Alice Thornburgh — 06.THORNBURGH"", ""observed_body_subject"": ""MPAI-LAL-AT-01: Alice Thornburgh — Formal Identity Disambiguation Packet"", ""work_locus"": ""INLINE_TEXT"", ""identity_status"": ""WRONG_OBJECT"", ""restoration_status"": ""MIS-SEATED_PRIMARY_OBJECT"", ""conflict_status"": ""DECLARED_BY_AUDIT_UNRESOLVED"", ""lifecycle_status"": ""INTENDED_REGISTRY_OBJECT_UNRECOVERED"", ""severity"": ""P0"", ""evidence"": ""Body data/texts/AXN-03E0-text.md is an Alice Thornburgh identity-disambiguation packet, not a Hexagonal Deposit Registry."", ""recommendation"": ""Quarantine from unqualified OAI exposure. Recover the actual 06.THORNBURGH deposit registry; preserve the current MPAI body as evidence and locate its proper record."", ""projection_status"": ""CONTENT_CONFLICT"", ""registration_blocking"": ""YES"", ""repair_priority"": ""R0"", ""bibliographic_type_status"": ""NOT_YET_AUDITED"", ""registry_content_type"": """", ""recommended_content_type"": """", ""creator_role_status"": ""NOT_YET_AUDITED"", ""registry_creator"": """", ""observed_byline"": """", ""title_status"": ""NOT_YET_AUDITED"", ""version_identity_status"": ""NOT_YET_AUDITED"", ""registry_version"": """", ""observed_body_version"": """", ""manifestation_status"": ""NOT_YET_AUDITED"", ""date_status"": ""NOT_YET_AUDITED"", ""body_declaration_status"": ""NOT_YET_AUDITED"", ""review_status"": ""PRIOR_BATCH_ADJUDICATION"", ""canonical_match_basis"": """", ""audit_snapshot_commit"": ""055429ac82edc967f09c4640ffd0b049cff78e6e"", ""audit_date"": ""2026-07-31"", ""registration_block_reason"": """", ""oai_recommendation"": """", ""license_status"": ""NOT_YET_AUDITED"", ""batch_action"": ""PRIOR_BATCH_ROW""}, ""superseded_by_batch"": 8, ""reason"": ""Contiguous Batch 8 semantic re-audit at frozen snapshot; prior risk-sample judgment preserved.""}]",['TITLE']
981,AXN:03E1,Hexagonal Deposit Registry — Alice Thornburgh — 06.THORNBURGH,MPAI-LAL-AT-01: Alice Thornburgh — Formal Identity Disambiguation Packet,INLINE_TEXT,WRONG_OBJECT,MIS_SEATED_PRIMARY_OBJECT,DECLARED_BY_AUDIT_UNRESOLVED,NO_LIFECYCLE_DEFECT_OBSERVED,P0,Registry claims a deposit registry; body is the same Alice Thornburgh MPAI identity packet seated at #980.,Quarantine and recover the intended registry or clarify why two registry identifiers serve one MPAI packet.,REGISTRY_BODY_PARITY_CHECKED_OAI_PENDING,YES,R0,ACCURATE_OR_COMPATIBLE,,,NO_MATERIAL_CONFLICT_OBSERVED,,,CONFLICT,NO_CONFLICT_OBSERVED,,,BYTE_IDENTICAL_TO_980,NO_MATERIAL_DATE_CONFLICT_OBSERVED,CURRENT_OR_NOT_APPLICABLE,FRONTMATTER_AND_IDENTITY_READ,Frozen registry metadata compared with the actual canonical body.,055429ac82edc967f09c4640ffd0b049cff78e6e,2026-07-31,The identifier serves the wrong work or a materially different historical version.,"Expose clean title, exact work version and lifecycle, role-qualified creators, bibliographic type, restoration layer, relations, and compact audit capsule.",NO_CONFLICT_OBSERVED,UPDATE_EXISTING_REAUDIT,"[{""superseded_audit_row"": {""deposit_number"": 981, ""axn"": ""AXN:03E1.ARCHIVAL.🕒🟠🪝⭐🪟⌛"", ""registry_title"": ""Hexagonal Deposit Registry — Alice Thornburgh — 06.THORNBURGH"", ""observed_body_subject"": ""MPAI-LAL-AT-01: Alice Thornburgh — Formal Identity Disambiguation Packet"", ""work_locus"": ""INLINE_TEXT"", ""identity_status"": ""WRONG_OBJECT"", ""restoration_status"": ""MIS-SEATED_PRIMARY_OBJECT"", ""conflict_status"": ""DECLARED_BY_AUDIT_UNRESOLVED"", ""lifecycle_status"": ""INTENDED_REGISTRY_OBJECT_UNRECOVERED"", ""severity"": ""P0"", ""evidence"": ""Body data/texts/AXN-03E1-text.md is byte-identical to #980 and is the same MPAI identity packet, not the titled deposit registry."", ""recommendation"": ""Same P0 repair class as #980. Determine whether #980/#981 are a concept/version pair for the absent registry before seating recovered bytes."", ""projection_status"": ""CONTENT_CONFLICT"", ""registration_blocking"": ""YES"", ""repair_priority"": ""R0"", ""bibliographic_type_status"": ""NOT_YET_AUDITED"", ""registry_content_type"": """", ""recommended_content_type"": """", ""creator_role_status"": ""NOT_YET_AUDITED"", ""registry_creator"": """", ""observed_byline"": """", ""title_status"": ""NOT_YET_AUDITED"", ""version_identity_status"": ""NOT_YET_AUDITED"", ""registry_version"": """", ""observed_body_version"": """", ""manifestation_status"": ""NOT_YET_AUDITED"", ""date_status"": ""NOT_YET_AUDITED"", ""body_declaration_status"": ""NOT_YET_AUDITED"", ""review_status"": ""PRIOR_BATCH_ADJUDICATION"", ""canonical_match_basis"": """", ""audit_snapshot_commit"": ""055429ac82edc967f09c4640ffd0b049cff78e6e"", ""audit_date"": ""2026-07-31"", ""registration_block_reason"": """", ""oai_recommendation"": """", ""license_status"": ""NOT_YET_AUDITED"", ""batch_action"": ""PRIOR_BATCH_ROW""}, ""superseded_by_batch"": 8, ""reason"": ""Contiguous Batch 8 semantic re-audit at frozen snapshot; prior risk-sample judgment preserved.""}]","['TITLE', 'MANIFESTATION']"
1016,AXN:0404.ARCHIVAL.🕚🔚⭐🔩🌺🏛️,[DUPLICATE — SUPERSEDED → DOI: 10.5281/zenodo.20629200] Walt Whitman — Canon Provenance Node (New Human Canon),Walt Whitman — Canon Provenance Node,INLINE_TEXT,CONFIRMED_MATCH,COMPLETE_AS_DEPOSITED,CONFLICT_DECLARED_RESOLVED,TITLE_DECLARED_DUPLICATE_FORMAL_LINK_VERIFY,P2,"Body matches the Walt Whitman title and is byte-identical to #1017. The title declares duplicate/superseded status and names a DOI, but formal bidirectional lifecycle fields still require verification.","Retain non-destructively. Ensure formal SUPERSEDED status, successor/canonical pointer, and OAI relation agree with the title declaration.",OAI_RELATION_REVIEW_REQUIRED,CONDITIONAL,R2,NOT_YET_AUDITED,,,NOT_YET_AUDITED,,,NOT_YET_AUDITED,NOT_YET_AUDITED,,,NOT_YET_AUDITED,NOT_YET_AUDITED,NOT_YET_AUDITED,PRIOR_BATCH_ADJUDICATION,,055429ac82edc967f09c4640ffd0b049cff78e6e,2026-07-31,,,NOT_YET_AUDITED,PRIOR_BATCH_ROW,[],
1017,AXN:0405.ARCHIVAL.🌻🌃♉📜🏁🖐️,[DUPLICATE — SUPERSEDED → DOI: 10.5281/zenodo.20629200] Walt Whitman — Canon Provenance Node (New Human Canon),Walt Whitman — Canon Provenance Node,INLINE_TEXT,CONFIRMED_MATCH,COMPLETE_AS_DEPOSITED,CONFLICT_DECLARED_RESOLVED,TITLE_DECLARED_DUPLICATE_FORMAL_LINK_VERIFY,P2,Body matches title and is byte-identical to #1016. Duplicate status is human-readable in the title.,Confirm the same formal successor/canonical target as #1016 and prevent the pair from appearing as two independent active works to harvesters.,OAI_RELATION_REVIEW_REQUIRED,CONDITIONAL,R2,NOT_YET_AUDITED,,,NOT_YET_AUDITED,,,NOT_YET_AUDITED,NOT_YET_AUDITED,,,NOT_YET_AUDITED,NOT_YET_AUDITED,NOT_YET_AUDITED,PRIOR_BATCH_ADJUDICATION,,055429ac82edc967f09c4640ffd0b049cff78e6e,2026-07-31,,,NOT_YET_AUDITED,PRIOR_BATCH_ROW,[],
701,AXN:0246,"""Snub-Poemed""","""Snub-Poemed"" — image-borne concrete poem",IMAGE_BORNE,CONFIRMED_MATCH,COMPLETE_AS_DEPOSITED,NO_KNOWN_CONFLICT,NO_LIFECYCLE_DEFECT_OBSERVED,OK,"Canonical body AXN-0246 is a single Blogger image reference. This confirms the prior audit ruling that the image is the work, not a missing prose body.",Retain IMAGE_BORNE and Complete-as-deposited status. Expose image format and URL; add a verified transcription only as an alternate manifestation.,REGISTRY_BODY_PARITY_CHECKED_OAI_PENDING,NO,R3,ACCURATE_OR_COMPATIBLE,Creative work (poetry),Image-borne concrete poem,NO_MATERIAL_CONFLICT_OBSERVED,,,MATCH,NO_CONFLICT_OBSERVED,v1.0,,PRIMARY_EXTERNAL_IMAGE_REFERENCE_PRESENT,NO_MATERIAL_DATE_CONFLICT_OBSERVED,CURRENT_OR_NOT_APPLICABLE,FRONTMATTER_AND_IDENTITY_READ,Frozen catalog row compared with the canonical work-bearing body at the audit commit.,055429ac82edc967f09c4640ffd0b049cff78e6e,2026-07-31,,"Expose clean title, role-qualified creators, exact version and lifecycle, bibliographic type, manifestation locus, and the audit capsule.",NO_CONFLICT_OBSERVED,UPDATE_EXISTING_REAUDIT,"[{""superseded_audit_row"": {""deposit_number"": 701, ""axn"": ""AXN:0246.GENERATIVE.🕔🌍🕕🐚🎬🌔"", ""registry_title"": ""\""Snub-Poemed\"""", ""observed_body_subject"": ""Image reference carrying the work"", ""work_locus"": ""IMAGE_BORNE"", ""identity_status"": ""CONFIRMED_MATCH"", ""restoration_status"": ""COMPLETE_AS_DEPOSITED"", ""conflict_status"": ""NO_KNOWN_CONFLICT"", ""lifecycle_status"": ""ACTIVE"", ""severity"": ""OK"", ""evidence"": ""Body consists of a Blogger-hosted image reference. Reading-based classification correctly changed body_status from full text to image_borne; the OAI index and record page were regenerated in the same commit."", ""recommendation"": ""Retain image_borne status. Expose dc:format/image media type and the image URL; do not describe the work as zero-word or missing full text. Add transcription relation if a verified transcription exists."", ""projection_status"": ""PARITY_CONFIRMED"", ""registration_blocking"": ""NO"", ""repair_priority"": ""R3"", ""bibliographic_type_status"": ""NOT_YET_AUDITED"", ""registry_content_type"": """", ""recommended_content_type"": """", ""creator_role_status"": ""NOT_YET_AUDITED"", ""registry_creator"": """", ""observed_byline"": """", ""title_status"": ""NOT_YET_AUDITED"", ""version_identity_status"": ""NOT_YET_AUDITED"", ""registry_version"": """", ""observed_body_version"": """", ""manifestation_status"": ""NOT_YET_AUDITED"", ""date_status"": ""NOT_YET_AUDITED"", ""body_declaration_status"": ""NOT_YET_AUDITED"", ""review_status"": ""PRIOR_BATCH_ADJUDICATION"", ""canonical_match_basis"": """", ""audit_snapshot_commit"": ""055429ac82edc967f09c4640ffd0b049cff78e6e"", ""audit_date"": ""2026-07-31"", ""registration_block_reason"": """", ""oai_recommendation"": """", ""license_status"": ""NOT_YET_AUDITED""}, ""superseded_by_batch"": 7, ""reason"": ""Contiguous-batch re-audit at the same frozen snapshot; new row has expanded schema and direct body comparison.""}]",
733,AXN:0284,if your heart should ever slowly turn,if your heart should ever slowly turn — image manifestation,IMAGE_BORNE,CONFIRMED_MATCH,COMPLETE_AS_DEPOSITED,NO_KNOWN_CONFLICT,NO_LIFECYCLE_DEFECT_OBSERVED,OK,"Re-audit confirms body AXN-0284 is a single external image reference. This is the image-borne manifestation, not a failed text restoration.",Retain IMAGE_BORNE status and link bidirectionally to #734 as text transcription/alternate manifestation.,REGISTRY_BODY_PARITY_CHECKED_OAI_PENDING,NO,R3,ACCURATE_OR_COMPATIBLE,Short work,Image-borne poem manifestation,NO_MATERIAL_CONFLICT_OBSERVED,,,MATCH,NO_CONFLICT_OBSERVED,v1.0,,PRIMARY_EXTERNAL_IMAGE_REFERENCE_PRESENT; RELATION_TO_734_REQUIRED,NO_MATERIAL_DATE_CONFLICT_OBSERVED,CURRENT_OR_NOT_APPLICABLE,FRONTMATTER_AND_IDENTITY_READ,Frozen catalog row compared with canonical work-bearing body.,055429ac82edc967f09c4640ffd0b049cff78e6e,2026-07-31,,"Expose clean title, role-qualified creators, exact version/lifecycle, bibliographic type, manifestation relation, and audit capsule.",NO_CONFLICT_OBSERVED,UPDATE_EXISTING_REAUDIT,"[{""superseded_audit_row"": {""deposit_number"": 733, ""axn"": ""AXN:0284.UNCLASSIFIED.♦️📚🌾🏁🏔️🝊"", ""registry_title"": ""if your heart should ever slowly turn"", ""observed_body_subject"": ""Image reference carrying the work"", ""work_locus"": ""IMAGE_BORNE"", ""identity_status"": ""CONFIRMED_MATCH"", ""restoration_status"": ""COMPLETE_AS_DEPOSITED"", ""conflict_status"": ""NO_KNOWN_CONFLICT"", ""lifecycle_status"": ""ACTIVE_RELATION_TO_TEXT_RECORD_RECOMMENDED"", ""severity"": ""OK"", ""evidence"": ""Body is a single image reference. A neighboring same-title text record exists (#734 / AXN:0285), so the image is not a failed text restoration."", ""recommendation"": ""Retain image_borne status and link bidirectionally to #734 as image manifestation/transcription or alternate representation."", ""projection_status"": ""PARITY_CONFIRMED"", ""registration_blocking"": ""NO"", ""repair_priority"": ""R3"", ""bibliographic_type_status"": ""NOT_YET_AUDITED"", ""registry_content_type"": """", ""recommended_content_type"": """", ""creator_role_status"": ""NOT_YET_AUDITED"", ""registry_creator"": """", ""observed_byline"": """", ""title_status"": ""NOT_YET_AUDITED"", ""version_identity_status"": ""NOT_YET_AUDITED"", ""registry_version"": """", ""observed_body_version"": """", ""manifestation_status"": ""NOT_YET_AUDITED"", ""date_status"": ""NOT_YET_AUDITED"", ""body_declaration_status"": ""NOT_YET_AUDITED"", ""review_status"": ""PRIOR_BATCH_ADJUDICATION"", ""canonical_match_basis"": """", ""audit_snapshot_commit"": ""055429ac82edc967f09c4640ffd0b049cff78e6e"", ""audit_date"": ""2026-07-31"", ""registration_block_reason"": """", ""oai_recommendation"": """", ""license_status"": ""NOT_YET_AUDITED""}, ""superseded_by_batch"": 7, ""reason"": ""Contiguous-batch re-audit at the same frozen snapshot; new row has expanded schema and direct body comparison.""}]",
951,AXN:3B7,EA-MANDALA-02 v1.0 — Latin-English Facing Edition,EA-MANDALA-02 v1.0 — Latin-English Facing Edition,METADATA_CAPTURE,CONFIRMED_MATCH,METADATA_ONLY,NO_KNOWN_CONFLICT,SEMI_RESTORED_METADATA_ONLY_FULL_TEXT_PENDING,OK,"Body explicitly identifies itself as the complete captured DataCite metadata record for a tombstoned Zenodo work, states SEMI-RESTORED / full text pending, and matches the named language edition.",Retain as an honestly declared metadata capture. Do not represent the absent authorial full text as present; keep the dead DOI and capture witnesses.,REGISTRY_BODY_PARITY_CHECKED_OAI_PENDING,NO,R3,ACCURATE_OR_COMPATIBLE,Semi-restored deposit (metadata body),DataCite metadata capture / semi-restored record,NO_MATERIAL_CONFLICT_OBSERVED,,,MATCH,NO_CONFLICT_OBSERVED,,,COMPLETE_METADATA_CAPTURE_PRESENT_PRIMARY_AUTHORIAL_TEXT_PENDING,NO_MATERIAL_DATE_CONFLICT_OBSERVED,CURRENT_OR_NOT_APPLICABLE,FRONTMATTER_AND_IDENTITY_READ,Frozen registry metadata compared with canonical body.,055429ac82edc967f09c4640ffd0b049cff78e6e,2026-07-31,,"Expose exact lifecycle/version, creator roles, work locus, restoration state, and compact audit capsule.",NO_CONFLICT_OBSERVED,UPDATE_EXISTING_REAUDIT,"[{""superseded_audit_row"": {""deposit_number"": 951, ""axn"": ""AXN:03C3.ARCHIVAL"", ""registry_title"": ""EA-MANDALA-02 v1.0: MANDALA: Systema Magiae Recursivae (Latin-English Facing Edition)"", ""observed_body_subject"": ""Declared semi-restored metadata capture; canonical primary object not present in this record"", ""work_locus"": ""COMPOSITE_OR_ATTACHMENT_BORNE"", ""identity_status"": ""CONFIRMED_MATCH"", ""restoration_status"": ""METADATA_ONLY"", ""conflict_status"": ""NO_KNOWN_CONFLICT"", ""lifecycle_status"": ""ACTIVE_INCOMPLETE_DECLARED"", ""severity"": ""OK"", ""evidence"": ""Reading-based classifier found the body's own SEMI-RESTORED declaration and changed body_status from full to metadata_capture on 2026-07-31. The same commit regenerated data/oai-index.json and the affected record page, preserving metadata-only conditions of access."", ""recommendation"": ""Keep harvestable as an explicitly incomplete record. Preserve title, DOI identity, source witness, and missing-primary-object declaration; restore the primary object only from a verified source."", ""projection_status"": ""PARITY_CONFIRMED"", ""registration_blocking"": ""NO"", ""repair_priority"": ""R2"", ""bibliographic_type_status"": ""NOT_YET_AUDITED"", ""registry_content_type"": """", ""recommended_content_type"": """", ""creator_role_status"": ""NOT_YET_AUDITED"", ""registry_creator"": """", ""observed_byline"": """", ""title_status"": ""NOT_YET_AUDITED"", ""version_identity_status"": ""NOT_YET_AUDITED"", ""registry_version"": """", ""observed_body_version"": """", ""manifestation_status"": ""NOT_YET_AUDITED"", ""date_status"": ""NOT_YET_AUDITED"", ""body_declaration_status"": ""NOT_YET_AUDITED"", ""review_status"": ""PRIOR_BATCH_ADJUDICATION"", ""canonical_match_basis"": """", ""audit_snapshot_commit"": ""055429ac82edc967f09c4640ffd0b049cff78e6e"", ""audit_date"": ""2026-07-31"", ""registration_block_reason"": """", ""oai_recommendation"": """", ""license_status"": ""NOT_YET_AUDITED"", ""batch_action"": ""PRIOR_BATCH_ROW""}, ""superseded_by_batch"": 8, ""reason"": ""Contiguous Batch 8 semantic re-audit at frozen snapshot; prior risk-sample judgment preserved.""}]","['STANDING', 'MANIFESTATION']"
952,AXN:3B8,EA-MANDALA-03 v1.0 — Koine Greek-English Facing Edition,EA-MANDALA-03 v1.0 — Koine Greek-English Facing Edition,METADATA_CAPTURE,CONFIRMED_MATCH,METADATA_ONLY,NO_KNOWN_CONFLICT,SEMI_RESTORED_METADATA_ONLY_FULL_TEXT_PENDING,OK,"Body explicitly identifies itself as the complete captured DataCite metadata record for a tombstoned Zenodo work, states SEMI-RESTORED / full text pending, and matches the named language edition.",Retain as an honestly declared metadata capture. Do not represent the absent authorial full text as present; keep the dead DOI and capture witnesses.,REGISTRY_BODY_PARITY_CHECKED_OAI_PENDING,NO,R3,ACCURATE_OR_COMPATIBLE,Semi-restored deposit (metadata body),DataCite metadata capture / semi-restored record,NO_MATERIAL_CONFLICT_OBSERVED,,,MATCH,NO_CONFLICT_OBSERVED,,,COMPLETE_METADATA_CAPTURE_PRESENT_PRIMARY_AUTHORIAL_TEXT_PENDING,NO_MATERIAL_DATE_CONFLICT_OBSERVED,CURRENT_OR_NOT_APPLICABLE,FRONTMATTER_AND_IDENTITY_READ,Frozen registry metadata compared with canonical body.,055429ac82edc967f09c4640ffd0b049cff78e6e,2026-07-31,,"Expose exact lifecycle/version, creator roles, work locus, restoration state, and compact audit capsule.",NO_CONFLICT_OBSERVED,UPDATE_EXISTING_REAUDIT,"[{""superseded_audit_row"": {""deposit_number"": 952, ""axn"": ""AXN:03C4.ARCHIVAL"", ""registry_title"": ""EA-MANDALA-03 v1.0: ΜΑΝΔΑΛΑ: ΤΟ ΣΥΣΤΗΜΑ ΤΗΣ ΚΥΚΛΙΚΗΣ ΜΑΓΕΙΑΣ (Koine Greek-English Facing Edition)"", ""observed_body_subject"": ""Declared semi-restored metadata capture; canonical primary object not present in this record"", ""work_locus"": ""COMPOSITE_OR_ATTACHMENT_BORNE"", ""identity_status"": ""CONFIRMED_MATCH"", ""restoration_status"": ""METADATA_ONLY"", ""conflict_status"": ""NO_KNOWN_CONFLICT"", ""lifecycle_status"": ""ACTIVE_INCOMPLETE_DECLARED"", ""severity"": ""OK"", ""evidence"": ""Reading-based classifier found the body's own SEMI-RESTORED declaration and changed body_status from full to metadata_capture on 2026-07-31. The same commit regenerated data/oai-index.json and the affected record page, preserving metadata-only conditions of access."", ""recommendation"": ""Keep harvestable as an explicitly incomplete record. Preserve title, DOI identity, source witness, and missing-primary-object declaration; restore the primary object only from a verified source."", ""projection_status"": ""PARITY_CONFIRMED"", ""registration_blocking"": ""NO"", ""repair_priority"": ""R2"", ""bibliographic_type_status"": ""NOT_YET_AUDITED"", ""registry_content_type"": """", ""recommended_content_type"": """", ""creator_role_status"": ""NOT_YET_AUDITED"", ""registry_creator"": """", ""observed_byline"": """", ""title_status"": ""NOT_YET_AUDITED"", ""version_identity_status"": ""NOT_YET_AUDITED"", ""registry_version"": """", ""observed_body_version"": """", ""manifestation_status"": ""NOT_YET_AUDITED"", ""date_status"": ""NOT_YET_AUDITED"", ""body_declaration_status"": ""NOT_YET_AUDITED"", ""review_status"": ""PRIOR_BATCH_ADJUDICATION"", ""canonical_match_basis"": """", ""audit_snapshot_commit"": ""055429ac82edc967f09c4640ffd0b049cff78e6e"", ""audit_date"": ""2026-07-31"", ""registration_block_reason"": """", ""oai_recommendation"": """", ""license_status"": ""NOT_YET_AUDITED"", ""batch_action"": ""PRIOR_BATCH_ROW""}, ""superseded_by_batch"": 8, ""reason"": ""Contiguous Batch 8 semantic re-audit at frozen snapshot; prior risk-sample judgment preserved.""}]","['STANDING', 'MANIFESTATION']"
953,AXN:3B9,EA-MANDALA-04 v1.0 — Classical Arabic-English Facing Edition,EA-MANDALA-04 v1.0 — Classical Arabic-English Facing Edition,METADATA_CAPTURE,CONFIRMED_MATCH,METADATA_ONLY,NO_KNOWN_CONFLICT,SEMI_RESTORED_METADATA_ONLY_FULL_TEXT_PENDING,OK,"Body explicitly identifies itself as the complete captured DataCite metadata record for a tombstoned Zenodo work, states SEMI-RESTORED / full text pending, and matches the named language edition.",Retain as an honestly declared metadata capture. Do not represent the absent authorial full text as present; keep the dead DOI and capture witnesses.,REGISTRY_BODY_PARITY_CHECKED_OAI_PENDING,NO,R3,ACCURATE_OR_COMPATIBLE,Semi-restored deposit (metadata body),DataCite metadata capture / semi-restored record,NO_MATERIAL_CONFLICT_OBSERVED,,,MATCH,NO_CONFLICT_OBSERVED,,,COMPLETE_METADATA_CAPTURE_PRESENT_PRIMARY_AUTHORIAL_TEXT_PENDING,NO_MATERIAL_DATE_CONFLICT_OBSERVED,CURRENT_OR_NOT_APPLICABLE,FRONTMATTER_AND_IDENTITY_READ,Frozen registry metadata compared with canonical body.,055429ac82edc967f09c4640ffd0b049cff78e6e,2026-07-31,,"Expose exact lifecycle/version, creator roles, work locus, restoration state, and compact audit capsule.",NO_CONFLICT_OBSERVED,UPDATE_EXISTING_REAUDIT,"[{""superseded_audit_row"": {""deposit_number"": 953, ""axn"": ""AXN:03C5.ARCHIVAL"", ""registry_title"": ""EA-MANDALA-04 v1.0: المَنْدَلَة: نِظَامُ السِّحْرِ الدَّوْرِيِّ (Classical Arabic-English Facing Edition)"", ""observed_body_subject"": ""Declared semi-restored metadata capture; canonical primary object not present in this record"", ""work_locus"": ""COMPOSITE_OR_ATTACHMENT_BORNE"", ""identity_status"": ""CONFIRMED_MATCH"", ""restoration_status"": ""METADATA_ONLY"", ""conflict_status"": ""NO_KNOWN_CONFLICT"", ""lifecycle_status"": ""ACTIVE_INCOMPLETE_DECLARED"", ""severity"": ""OK"", ""evidence"": ""Reading-based classifier found the body's own SEMI-RESTORED declaration and changed body_status from full to metadata_capture on 2026-07-31. The same commit regenerated data/oai-index.json and the affected record page, preserving metadata-only conditions of access."", ""recommendation"": ""Keep harvestable as an explicitly incomplete record. Preserve title, DOI identity, source witness, and missing-primary-object declaration; restore the primary object only from a verified source."", ""projection_status"": ""PARITY_CONFIRMED"", ""registration_blocking"": ""NO"", ""repair_priority"": ""R2"", ""bibliographic_type_status"": ""NOT_YET_AUDITED"", ""registry_content_type"": """", ""recommended_content_type"": """", ""creator_role_status"": ""NOT_YET_AUDITED"", ""registry_creator"": """", ""observed_byline"": """", ""title_status"": ""NOT_YET_AUDITED"", ""version_identity_status"": ""NOT_YET_AUDITED"", ""registry_version"": """", ""observed_body_version"": """", ""manifestation_status"": ""NOT_YET_AUDITED"", ""date_status"": ""NOT_YET_AUDITED"", ""body_declaration_status"": ""NOT_YET_AUDITED"", ""review_status"": ""PRIOR_BATCH_ADJUDICATION"", ""canonical_match_basis"": """", ""audit_snapshot_commit"": ""055429ac82edc967f09c4640ffd0b049cff78e6e"", ""audit_date"": ""2026-07-31"", ""registration_block_reason"": """", ""oai_recommendation"": """", ""license_status"": ""NOT_YET_AUDITED"", ""batch_action"": ""PRIOR_BATCH_ROW""}, ""superseded_by_batch"": 8, ""reason"": ""Contiguous Batch 8 semantic re-audit at frozen snapshot; prior risk-sample judgment preserved.""}]","['STANDING', 'MANIFESTATION']"
954,AXN:3BA,EA-MANDALA-06 v1.0 — Biblical Hebrew-English Facing Edition,EA-MANDALA-06 v1.0 — Biblical Hebrew-English Facing Edition,METADATA_CAPTURE,CONFIRMED_MATCH,METADATA_ONLY,NO_KNOWN_CONFLICT,SEMI_RESTORED_METADATA_ONLY_FULL_TEXT_PENDING,OK,"Body explicitly identifies itself as the complete captured DataCite metadata record for a tombstoned Zenodo work, states SEMI-RESTORED / full text pending, and matches the named language edition.",Retain as an honestly declared metadata capture. Do not represent the absent authorial full text as present; keep the dead DOI and capture witnesses.,REGISTRY_BODY_PARITY_CHECKED_OAI_PENDING,NO,R3,ACCURATE_OR_COMPATIBLE,Semi-restored deposit (metadata body),DataCite metadata capture / semi-restored record,NO_MATERIAL_CONFLICT_OBSERVED,,,MATCH,NO_CONFLICT_OBSERVED,,,COMPLETE_METADATA_CAPTURE_PRESENT_PRIMARY_AUTHORIAL_TEXT_PENDING,NO_MATERIAL_DATE_CONFLICT_OBSERVED,CURRENT_OR_NOT_APPLICABLE,FRONTMATTER_AND_IDENTITY_READ,Frozen registry metadata compared with canonical body.,055429ac82edc967f09c4640ffd0b049cff78e6e,2026-07-31,,"Expose exact lifecycle/version, creator roles, work locus, restoration state, and compact audit capsule.",NO_CONFLICT_OBSERVED,UPDATE_EXISTING_REAUDIT,"[{""superseded_audit_row"": {""deposit_number"": 954, ""axn"": ""AXN:03C6.ARCHIVAL"", ""registry_title"": ""EA-MANDALA-06 v1.0: המנדלה: מערכת הקסם הרקורסיבי (Biblical Hebrew-English Facing Edition)"", ""observed_body_subject"": ""Declared semi-restored metadata capture; canonical primary object not present in this record"", ""work_locus"": ""COMPOSITE_OR_ATTACHMENT_BORNE"", ""identity_status"": ""CONFIRMED_MATCH"", ""restoration_status"": ""METADATA_ONLY"", ""conflict_status"": ""NO_KNOWN_CONFLICT"", ""lifecycle_status"": ""ACTIVE_INCOMPLETE_DECLARED"", ""severity"": ""OK"", ""evidence"": ""Reading-based classifier found the body's own SEMI-RESTORED declaration and changed body_status from full to metadata_capture on 2026-07-31. The same commit regenerated data/oai-index.json and the affected record page, preserving metadata-only conditions of access."", ""recommendation"": ""Keep harvestable as an explicitly incomplete record. Preserve title, DOI identity, source witness, and missing-primary-object declaration; restore the primary object only from a verified source."", ""projection_status"": ""PARITY_CONFIRMED"", ""registration_blocking"": ""NO"", ""repair_priority"": ""R2"", ""bibliographic_type_status"": ""NOT_YET_AUDITED"", ""registry_content_type"": """", ""recommended_content_type"": """", ""creator_role_status"": ""NOT_YET_AUDITED"", ""registry_creator"": """", ""observed_byline"": """", ""title_status"": ""NOT_YET_AUDITED"", ""version_identity_status"": ""NOT_YET_AUDITED"", ""registry_version"": """", ""observed_body_version"": """", ""manifestation_status"": ""NOT_YET_AUDITED"", ""date_status"": ""NOT_YET_AUDITED"", ""body_declaration_status"": ""NOT_YET_AUDITED"", ""review_status"": ""PRIOR_BATCH_ADJUDICATION"", ""canonical_match_basis"": """", ""audit_snapshot_commit"": ""055429ac82edc967f09c4640ffd0b049cff78e6e"", ""audit_date"": ""2026-07-31"", ""registration_block_reason"": """", ""oai_recommendation"": """", ""license_status"": ""NOT_YET_AUDITED"", ""batch_action"": ""PRIOR_BATCH_ROW""}, ""superseded_by_batch"": 8, ""reason"": ""Contiguous Batch 8 semantic re-audit at frozen snapshot; prior risk-sample judgment preserved.""}]","['STANDING', 'MANIFESTATION']"
955,AXN:3BB,EA-MANDALA-07 v1.0 — Sanskrit-English Facing Edition,EA-MANDALA-07 v1.0 — Sanskrit-English Facing Edition,METADATA_CAPTURE,CONFIRMED_MATCH,METADATA_ONLY,NO_KNOWN_CONFLICT,SEMI_RESTORED_METADATA_ONLY_FULL_TEXT_PENDING,OK,"Body explicitly identifies itself as the complete captured DataCite metadata record for a tombstoned Zenodo work, states SEMI-RESTORED / full text pending, and matches the named language edition.",Retain as an honestly declared metadata capture. Do not represent the absent authorial full text as present; keep the dead DOI and capture witnesses.,REGISTRY_BODY_PARITY_CHECKED_OAI_PENDING,NO,R3,ACCURATE_OR_COMPATIBLE,Semi-restored deposit (metadata body),DataCite metadata capture / semi-restored record,NO_MATERIAL_CONFLICT_OBSERVED,,,MATCH,NO_CONFLICT_OBSERVED,,,COMPLETE_METADATA_CAPTURE_PRESENT_PRIMARY_AUTHORIAL_TEXT_PENDING,NO_MATERIAL_DATE_CONFLICT_OBSERVED,CURRENT_OR_NOT_APPLICABLE,FRONTMATTER_AND_IDENTITY_READ,Frozen registry metadata compared with canonical body.,055429ac82edc967f09c4640ffd0b049cff78e6e,2026-07-31,,"Expose exact lifecycle/version, creator roles, work locus, restoration state, and compact audit capsule.",NO_CONFLICT_OBSERVED,UPDATE_EXISTING_REAUDIT,"[{""superseded_audit_row"": {""deposit_number"": 955, ""axn"": ""AXN:03C7.ARCHIVAL"", ""registry_title"": ""EA-MANDALA-07 v1.0: मण्डलम्: पुनरावर्तक-मायायाः तन्त्रम् (Sanskrit-English Facing Edition)"", ""observed_body_subject"": ""Declared semi-restored metadata capture; canonical primary object not present in this record"", ""work_locus"": ""COMPOSITE_OR_ATTACHMENT_BORNE"", ""identity_status"": ""CONFIRMED_MATCH"", ""restoration_status"": ""METADATA_ONLY"", ""conflict_status"": ""NO_KNOWN_CONFLICT"", ""lifecycle_status"": ""ACTIVE_INCOMPLETE_DECLARED"", ""severity"": ""OK"", ""evidence"": ""Reading-based classifier found the body's own SEMI-RESTORED declaration and changed body_status from full to metadata_capture on 2026-07-31. The same commit regenerated data/oai-index.json and the affected record page, preserving metadata-only conditions of access."", ""recommendation"": ""Keep harvestable as an explicitly incomplete record. Preserve title, DOI identity, source witness, and missing-primary-object declaration; restore the primary object only from a verified source."", ""projection_status"": ""PARITY_CONFIRMED"", ""registration_blocking"": ""NO"", ""repair_priority"": ""R2"", ""bibliographic_type_status"": ""NOT_YET_AUDITED"", ""registry_content_type"": """", ""recommended_content_type"": """", ""creator_role_status"": ""NOT_YET_AUDITED"", ""registry_creator"": """", ""observed_byline"": """", ""title_status"": ""NOT_YET_AUDITED"", ""version_identity_status"": ""NOT_YET_AUDITED"", ""registry_version"": """", ""observed_body_version"": """", ""manifestation_status"": ""NOT_YET_AUDITED"", ""date_status"": ""NOT_YET_AUDITED"", ""body_declaration_status"": ""NOT_YET_AUDITED"", ""review_status"": ""PRIOR_BATCH_ADJUDICATION"", ""canonical_match_basis"": """", ""audit_snapshot_commit"": ""055429ac82edc967f09c4640ffd0b049cff78e6e"", ""audit_date"": ""2026-07-31"", ""registration_block_reason"": """", ""oai_recommendation"": """", ""license_status"": ""NOT_YET_AUDITED"", ""batch_action"": ""PRIOR_BATCH_ROW""}, ""superseded_by_batch"": 8, ""reason"": ""Contiguous Batch 8 semantic re-audit at frozen snapshot; prior risk-sample judgment preserved.""}]","['STANDING', 'MANIFESTATION']"
956,AXN:3BC,EA-MANDALA-05 v1.0 — Classical Chinese-English Facing Edition,EA-MANDALA-05 v1.0 — Classical Chinese-English Facing Edition,METADATA_CAPTURE,CONFIRMED_MATCH,METADATA_ONLY,NO_KNOWN_CONFLICT,SEMI_RESTORED_METADATA_ONLY_FULL_TEXT_PENDING,OK,"Body explicitly identifies itself as the complete captured DataCite metadata record for a tombstoned Zenodo work, states SEMI-RESTORED / full text pending, and matches the named language edition.",Retain as an honestly declared metadata capture. Do not represent the absent authorial full text as present; keep the dead DOI and capture witnesses.,REGISTRY_BODY_PARITY_CHECKED_OAI_PENDING,NO,R3,ACCURATE_OR_COMPATIBLE,Semi-restored deposit (metadata body),DataCite metadata capture / semi-restored record,NO_MATERIAL_CONFLICT_OBSERVED,,,MATCH,NO_CONFLICT_OBSERVED,,,COMPLETE_METADATA_CAPTURE_PRESENT_PRIMARY_AUTHORIAL_TEXT_PENDING,NO_MATERIAL_DATE_CONFLICT_OBSERVED,CURRENT_OR_NOT_APPLICABLE,FRONTMATTER_AND_IDENTITY_READ,Frozen registry metadata compared with canonical body.,055429ac82edc967f09c4640ffd0b049cff78e6e,2026-07-31,,"Expose exact lifecycle/version, creator roles, work locus, restoration state, and compact audit capsule.",NO_CONFLICT_OBSERVED,UPDATE_EXISTING_REAUDIT,"[{""superseded_audit_row"": {""deposit_number"": 956, ""axn"": ""AXN:03C8.ARCHIVAL"", ""registry_title"": ""EA-MANDALA-05 v1.0: Classical Chinese-English Facing Edition Description (as recorded by DataCite)"", ""observed_body_subject"": ""Declared semi-restored metadata capture; canonical primary object not present in this record"", ""work_locus"": ""COMPOSITE_OR_ATTACHMENT_BORNE"", ""identity_status"": ""CONFIRMED_MATCH"", ""restoration_status"": ""METADATA_ONLY"", ""conflict_status"": ""NO_KNOWN_CONFLICT"", ""lifecycle_status"": ""ACTIVE_INCOMPLETE_DECLARED"", ""severity"": ""OK"", ""evidence"": ""Reading-based classifier found the body's own SEMI-RESTORED declaration and changed body_status from full to metadata_capture on 2026-07-31. The same commit regenerated data/oai-index.json and the affected record page, preserving metadata-only conditions of access."", ""recommendation"": ""Keep harvestable as an explicitly incomplete record. Preserve title, DOI identity, source witness, and missing-primary-object declaration; restore the primary object only from a verified source."", ""projection_status"": ""PARITY_CONFIRMED"", ""registration_blocking"": ""NO"", ""repair_priority"": ""R2"", ""bibliographic_type_status"": ""NOT_YET_AUDITED"", ""registry_content_type"": """", ""recommended_content_type"": """", ""creator_role_status"": ""NOT_YET_AUDITED"", ""registry_creator"": """", ""observed_byline"": """", ""title_status"": ""NOT_YET_AUDITED"", ""version_identity_status"": ""NOT_YET_AUDITED"", ""registry_version"": """", ""observed_body_version"": """", ""manifestation_status"": ""NOT_YET_AUDITED"", ""date_status"": ""NOT_YET_AUDITED"", ""body_declaration_status"": ""NOT_YET_AUDITED"", ""review_status"": ""PRIOR_BATCH_ADJUDICATION"", ""canonical_match_basis"": """", ""audit_snapshot_commit"": ""055429ac82edc967f09c4640ffd0b049cff78e6e"", ""audit_date"": ""2026-07-31"", ""registration_block_reason"": """", ""oai_recommendation"": """", ""license_status"": ""NOT_YET_AUDITED"", ""batch_action"": ""PRIOR_BATCH_ROW""}, ""superseded_by_batch"": 8, ""reason"": ""Contiguous Batch 8 semantic re-audit at frozen snapshot; prior risk-sample judgment preserved.""}]","['STANDING', 'MANIFESTATION']"
961,AXN:03CD,crimsonhexagonal.org — Crimson Hexagonal Interface v2.0,Complete DataCite metadata capture for interface source-code bundle v2.0,METADATA_CAPTURE,CONFIRMED_MATCH,METADATA_ONLY,NO_KNOWN_CONFLICT,SEMI_RESTORED_FULL_SOURCE_PENDING,OK,Body explicitly declares itself the complete DataCite capture and states that authorial source files remain pending.,Retain as an honestly marked metadata capture; inventory source-code files only when recovered.,REGISTRY_BODY_PARITY_CHECKED_OAI_PENDING,NO,R3,ACCURATE_OR_COMPATIBLE,Semi-restored deposit (metadata body),Metadata capture for source-code bundle,NO_MATERIAL_CONFLICT_OBSERVED,,,MATCH,NO_CONFLICT_OBSERVED,,,COMPLETE_METADATA_CAPTURE_PRESENT_SOURCE_BUNDLE_PENDING,NO_MATERIAL_DATE_CONFLICT_OBSERVED,CURRENT_OR_NOT_APPLICABLE,FRONTMATTER_AND_IDENTITY_READ,Frozen registry metadata compared with the actual canonical body.,055429ac82edc967f09c4640ffd0b049cff78e6e,2026-07-31,,"Expose clean title, exact work version and lifecycle, role-qualified creators, bibliographic type, restoration layer, relations, and compact audit capsule.",NO_CONFLICT_OBSERVED,UPDATE_EXISTING_REAUDIT,"[{""superseded_audit_row"": {""deposit_number"": 961, ""axn"": ""AXN:03CD.ARCHIVAL"", ""registry_title"": ""crimsonhexagonal.org — Crimson Hexagonal Interface v2.0 — Source Code and Build Files (EA-INTERFACE-CODE-01) Description (as recorded by DataCite)"", ""observed_body_subject"": ""Declared semi-restored metadata capture; canonical primary object not present in this record"", ""work_locus"": ""SOURCE_CODE_BUNDLE"", ""identity_status"": ""CONFIRMED_MATCH"", ""restoration_status"": ""METADATA_ONLY"", ""conflict_status"": ""NO_KNOWN_CONFLICT"", ""lifecycle_status"": ""ACTIVE_INCOMPLETE_DECLARED"", ""severity"": ""OK"", ""evidence"": ""Reading-based classifier found the body's own SEMI-RESTORED declaration and changed body_status from full to metadata_capture on 2026-07-31. The same commit regenerated data/oai-index.json and the affected record page, preserving metadata-only conditions of access."", ""recommendation"": ""Keep harvestable as an explicitly incomplete record. Preserve title, DOI identity, source witness, and missing-primary-object declaration; restore the primary object only from a verified source."", ""projection_status"": ""PARITY_CONFIRMED"", ""registration_blocking"": ""NO"", ""repair_priority"": ""R2"", ""bibliographic_type_status"": ""NOT_YET_AUDITED"", ""registry_content_type"": """", ""recommended_content_type"": """", ""creator_role_status"": ""NOT_YET_AUDITED"", ""registry_creator"": """", ""observed_byline"": """", ""title_status"": ""NOT_YET_AUDITED"", ""version_identity_status"": ""NOT_YET_AUDITED"", ""registry_version"": """", ""observed_body_version"": """", ""manifestation_status"": ""NOT_YET_AUDITED"", ""date_status"": ""NOT_YET_AUDITED"", ""body_declaration_status"": ""NOT_YET_AUDITED"", ""review_status"": ""PRIOR_BATCH_ADJUDICATION"", ""canonical_match_basis"": """", ""audit_snapshot_commit"": ""055429ac82edc967f09c4640ffd0b049cff78e6e"", ""audit_date"": ""2026-07-31"", ""registration_block_reason"": """", ""oai_recommendation"": """", ""license_status"": ""NOT_YET_AUDITED"", ""batch_action"": ""PRIOR_BATCH_ROW""}, ""superseded_by_batch"": 8, ""reason"": ""Contiguous Batch 8 semantic re-audit at frozen snapshot; prior risk-sample judgment preserved.""}]","['STANDING', 'MANIFESTATION']"
964,AXN:03D0,GW.TACHYON.zenodo — Total Compression v3,Complete DataCite metadata capture for Total Compression v3,METADATA_CAPTURE,CONFIRMED_MATCH,METADATA_ONLY,NO_KNOWN_CONFLICT,SEMI_RESTORED_METADATA_ONLY,OK,Body explicitly declares a semi-restored metadata-body deposit; the authorial full compression object remains pending.,Retain as metadata capture and do not represent the absent authorial full text as present.,REGISTRY_BODY_PARITY_CHECKED_OAI_PENDING,NO,R3,ACCURATE_OR_COMPATIBLE,Semi-restored deposit (metadata body),DataCite metadata capture,NO_MATERIAL_CONFLICT_OBSERVED,,,MATCH,NO_CONFLICT_OBSERVED,,,COMPLETE_METADATA_CAPTURE_PRESENT_FULL_TEXT_PENDING,NO_MATERIAL_DATE_CONFLICT_OBSERVED,CURRENT_OR_NOT_APPLICABLE,FRONTMATTER_AND_IDENTITY_READ,Frozen registry metadata compared with the actual canonical body.,055429ac82edc967f09c4640ffd0b049cff78e6e,2026-07-31,,"Expose clean title, exact work version and lifecycle, role-qualified creators, bibliographic type, restoration layer, relations, and compact audit capsule.",NO_CONFLICT_OBSERVED,UPDATE_EXISTING_REAUDIT,"[{""superseded_audit_row"": {""deposit_number"": 964, ""axn"": ""AXN:03D0.ARCHIVAL"", ""registry_title"": ""GW.TACHYON.zenodo — Total Compression v3 (MMRS founding, archive-wide synthesis, identity compression) (Version 3)"", ""observed_body_subject"": ""Declared semi-restored metadata capture; canonical primary object not present in this record"", ""work_locus"": ""ATTACHMENT_BORNE_OR_INLINE_UNKNOWN"", ""identity_status"": ""CONFIRMED_MATCH"", ""restoration_status"": ""METADATA_ONLY"", ""conflict_status"": ""NO_KNOWN_CONFLICT"", ""lifecycle_status"": ""ACTIVE_INCOMPLETE_DECLARED"", ""severity"": ""OK"", ""evidence"": ""Reading-based classifier found the body's own SEMI-RESTORED declaration and changed body_status from full to metadata_capture on 2026-07-31. The same commit regenerated data/oai-index.json and the affected record page, preserving metadata-only conditions of access."", ""recommendation"": ""Keep harvestable as an explicitly incomplete record. Preserve title, DOI identity, source witness, and missing-primary-object declaration; restore the primary object only from a verified source."", ""projection_status"": ""PARITY_CONFIRMED"", ""registration_blocking"": ""NO"", ""repair_priority"": ""R2"", ""bibliographic_type_status"": ""NOT_YET_AUDITED"", ""registry_content_type"": """", ""recommended_content_type"": """", ""creator_role_status"": ""NOT_YET_AUDITED"", ""registry_creator"": """", ""observed_byline"": """", ""title_status"": ""NOT_YET_AUDITED"", ""version_identity_status"": ""NOT_YET_AUDITED"", ""registry_version"": """", ""observed_body_version"": """", ""manifestation_status"": ""NOT_YET_AUDITED"", ""date_status"": ""NOT_YET_AUDITED"", ""body_declaration_status"": ""NOT_YET_AUDITED"", ""review_status"": ""PRIOR_BATCH_ADJUDICATION"", ""canonical_match_basis"": """", ""audit_snapshot_commit"": ""055429ac82edc967f09c4640ffd0b049cff78e6e"", ""audit_date"": ""2026-07-31"", ""registration_block_reason"": """", ""oai_recommendation"": """", ""license_status"": ""NOT_YET_AUDITED"", ""batch_action"": ""PRIOR_BATCH_ROW""}, ""superseded_by_batch"": 8, ""reason"": ""Contiguous Batch 8 semantic re-audit at frozen snapshot; prior risk-sample judgment preserved.""}]","['STANDING', 'MANIFESTATION']"
974,AXN:03DA,SPXI.dev — Protocol Specification Landing Page,Complete DataCite metadata capture for spxi.dev,METADATA_CAPTURE,CONFIRMED_MATCH,METADATA_ONLY,NO_KNOWN_CONFLICT,SEMI_RESTORED_METADATA_ONLY,OK,Body explicitly identifies itself as a complete metadata capture with source landing page/full site pending.,Retain as metadata capture.,REGISTRY_BODY_PARITY_CHECKED_OAI_PENDING,NO,R3,ACCURATE_OR_COMPATIBLE,,,NO_MATERIAL_CONFLICT_OBSERVED,,,MATCH,NO_CONFLICT_OBSERVED,,,COMPLETE_METADATA_CAPTURE_PRESENT_SITE_SOURCE_PENDING,NO_MATERIAL_DATE_CONFLICT_OBSERVED,CURRENT_OR_NOT_APPLICABLE,FRONTMATTER_AND_IDENTITY_READ,Frozen registry metadata compared with the actual canonical body.,055429ac82edc967f09c4640ffd0b049cff78e6e,2026-07-31,,"Expose clean title, exact work version and lifecycle, role-qualified creators, bibliographic type, restoration layer, relations, and compact audit capsule.",NO_CONFLICT_OBSERVED,UPDATE_EXISTING_REAUDIT,"[{""superseded_audit_row"": {""deposit_number"": 974, ""axn"": ""AXN:03DA.ARCHIVAL"", ""registry_title"": ""SPXI.dev — Protocol Specification Landing Page for SPXI (Semantic Packet for eXchange & Indexing)"", ""observed_body_subject"": ""Declared semi-restored metadata capture; canonical primary object not present in this record"", ""work_locus"": ""EXTERNAL_SURFACE_OR_SOURCE_CODE_BUNDLE"", ""identity_status"": ""CONFIRMED_MATCH"", ""restoration_status"": ""METADATA_ONLY"", ""conflict_status"": ""NO_KNOWN_CONFLICT"", ""lifecycle_status"": ""ACTIVE_INCOMPLETE_DECLARED"", ""severity"": ""OK"", ""evidence"": ""Reading-based classifier found the body's own SEMI-RESTORED declaration and changed body_status from full to metadata_capture on 2026-07-31. The same commit regenerated data/oai-index.json and the affected record page, preserving metadata-only conditions of access."", ""recommendation"": ""Keep harvestable as an explicitly incomplete record. Preserve title, DOI identity, source witness, and missing-primary-object declaration; restore the primary object only from a verified source."", ""projection_status"": ""PARITY_CONFIRMED"", ""registration_blocking"": ""NO"", ""repair_priority"": ""R2"", ""bibliographic_type_status"": ""NOT_YET_AUDITED"", ""registry_content_type"": """", ""recommended_content_type"": """", ""creator_role_status"": ""NOT_YET_AUDITED"", ""registry_creator"": """", ""observed_byline"": """", ""title_status"": ""NOT_YET_AUDITED"", ""version_identity_status"": ""NOT_YET_AUDITED"", ""registry_version"": """", ""observed_body_version"": """", ""manifestation_status"": ""NOT_YET_AUDITED"", ""date_status"": ""NOT_YET_AUDITED"", ""body_declaration_status"": ""NOT_YET_AUDITED"", ""review_status"": ""PRIOR_BATCH_ADJUDICATION"", ""canonical_match_basis"": """", ""audit_snapshot_commit"": ""055429ac82edc967f09c4640ffd0b049cff78e6e"", ""audit_date"": ""2026-07-31"", ""registration_block_reason"": """", ""oai_recommendation"": """", ""license_status"": ""NOT_YET_AUDITED"", ""batch_action"": ""PRIOR_BATCH_ROW""}, ""superseded_by_batch"": 8, ""reason"": ""Contiguous Batch 8 semantic re-audit at frozen snapshot; prior risk-sample judgment preserved.""}]","['STANDING', 'MANIFESTATION']"
975,AXN:03DB,SemanticEconomy.org — Canonical Entity Brief v5,Complete DataCite metadata capture for SemanticEconomy.org v5.0,METADATA_CAPTURE,CONFIRMED_MATCH,METADATA_ONLY,NO_KNOWN_CONFLICT,METADATA_CAPTURE_COMPLETE,OK,Body is an honest complete metadata capture; registry body-status correctly classifies it metadata_capture.,Retain.,REGISTRY_BODY_PARITY_CHECKED_OAI_PENDING,NO,R3,ACCURATE_OR_COMPATIBLE,,,NO_MATERIAL_CONFLICT_OBSERVED,,,MATCH,NO_CONFLICT_OBSERVED,,,COMPLETE_METADATA_CAPTURE_PRESENT_SITE_SOURCE_PENDING,NO_MATERIAL_DATE_CONFLICT_OBSERVED,CURRENT_OR_NOT_APPLICABLE,FRONTMATTER_AND_IDENTITY_READ,Frozen registry metadata compared with the actual canonical body.,055429ac82edc967f09c4640ffd0b049cff78e6e,2026-07-31,,"Expose clean title, exact work version and lifecycle, role-qualified creators, bibliographic type, restoration layer, relations, and compact audit capsule.",NO_CONFLICT_OBSERVED,UPDATE_EXISTING_REAUDIT,"[{""superseded_audit_row"": {""deposit_number"": 975, ""axn"": ""AXN:03DB.ARCHIVAL"", ""registry_title"": ""SemanticEconomy.org — Canonical Entity Brief (v5 Landing) and SPXI Deployment Services (5.0)"", ""observed_body_subject"": ""Declared semi-restored metadata capture; canonical primary object not present in this record"", ""work_locus"": ""EXTERNAL_SURFACE_OR_SOURCE_CODE_BUNDLE"", ""identity_status"": ""CONFIRMED_MATCH"", ""restoration_status"": ""METADATA_ONLY"", ""conflict_status"": ""NO_KNOWN_CONFLICT"", ""lifecycle_status"": ""ACTIVE_INCOMPLETE_DECLARED"", ""severity"": ""OK"", ""evidence"": ""Reading-based classifier found the body's own SEMI-RESTORED declaration and changed body_status from full to metadata_capture on 2026-07-31. The same commit regenerated data/oai-index.json and the affected record page, preserving metadata-only conditions of access."", ""recommendation"": ""Keep harvestable as an explicitly incomplete record. Preserve title, DOI identity, source witness, and missing-primary-object declaration; restore the primary object only from a verified source."", ""projection_status"": ""PARITY_CONFIRMED"", ""registration_blocking"": ""NO"", ""repair_priority"": ""R2"", ""bibliographic_type_status"": ""NOT_YET_AUDITED"", ""registry_content_type"": """", ""recommended_content_type"": """", ""creator_role_status"": ""NOT_YET_AUDITED"", ""registry_creator"": """", ""observed_byline"": """", ""title_status"": ""NOT_YET_AUDITED"", ""version_identity_status"": ""NOT_YET_AUDITED"", ""registry_version"": """", ""observed_body_version"": """", ""manifestation_status"": ""NOT_YET_AUDITED"", ""date_status"": ""NOT_YET_AUDITED"", ""body_declaration_status"": ""NOT_YET_AUDITED"", ""review_status"": ""PRIOR_BATCH_ADJUDICATION"", ""canonical_match_basis"": """", ""audit_snapshot_commit"": ""055429ac82edc967f09c4640ffd0b049cff78e6e"", ""audit_date"": ""2026-07-31"", ""registration_block_reason"": """", ""oai_recommendation"": """", ""license_status"": ""NOT_YET_AUDITED"", ""batch_action"": ""PRIOR_BATCH_ROW""}, ""superseded_by_batch"": 8, ""reason"": ""Contiguous Batch 8 semantic re-audit at frozen snapshot; prior risk-sample judgment preserved.""}]","['STANDING', 'MANIFESTATION']"
985,AXN:03E5,The Secret Book of Walt: Interactive Codex,Complete DataCite metadata capture for secretbookofwalt.org,METADATA_CAPTURE,CONFIRMED_MATCH,METADATA_ONLY,NO_KNOWN_CONFLICT,SEMI_RESTORED_METADATA_ONLY,OK,Body explicitly declares a metadata capture for the interactive codex; source site files remain pending.,Retain.,REGISTRY_BODY_PARITY_CHECKED_OAI_PENDING,NO,R3,ACCURATE_OR_COMPATIBLE,,,NO_MATERIAL_CONFLICT_OBSERVED,,,MATCH,NO_CONFLICT_OBSERVED,,,COMPLETE_METADATA_CAPTURE_PRESENT_SITE_SOURCE_PENDING,NO_MATERIAL_DATE_CONFLICT_OBSERVED,CURRENT_OR_NOT_APPLICABLE,FRONTMATTER_AND_IDENTITY_READ,Frozen registry metadata compared with the actual canonical body.,055429ac82edc967f09c4640ffd0b049cff78e6e,2026-07-31,,"Expose clean title, exact work version and lifecycle, role-qualified creators, bibliographic type, restoration layer, relations, and compact audit capsule.",NO_CONFLICT_OBSERVED,UPDATE_EXISTING_REAUDIT,"[{""superseded_audit_row"": {""deposit_number"": 985, ""axn"": ""AXN:03E5.ARCHIVAL"", ""registry_title"": ""The Secret Book of Walt: Interactive Codex (secretbookofwalt.org) — 06.LIT.GNOSTIC.WALT.01.INTERFACE"", ""observed_body_subject"": ""Declared semi-restored metadata capture; canonical primary object not present in this record"", ""work_locus"": ""EXTERNAL_SURFACE_OR_SOURCE_CODE_BUNDLE"", ""identity_status"": ""CONFIRMED_MATCH"", ""restoration_status"": ""METADATA_ONLY"", ""conflict_status"": ""NO_KNOWN_CONFLICT"", ""lifecycle_status"": ""ACTIVE_INCOMPLETE_DECLARED"", ""severity"": ""OK"", ""evidence"": ""Reading-based classifier found the body's own SEMI-RESTORED declaration and changed body_status from full to metadata_capture on 2026-07-31. The same commit regenerated data/oai-index.json and the affected record page, preserving metadata-only conditions of access."", ""recommendation"": ""Keep harvestable as an explicitly incomplete record. Preserve title, DOI identity, source witness, and missing-primary-object declaration; restore the primary object only from a verified source."", ""projection_status"": ""PARITY_CONFIRMED"", ""registration_blocking"": ""NO"", ""repair_priority"": ""R2"", ""bibliographic_type_status"": ""NOT_YET_AUDITED"", ""registry_content_type"": """", ""recommended_content_type"": """", ""creator_role_status"": ""NOT_YET_AUDITED"", ""registry_creator"": """", ""observed_byline"": """", ""title_status"": ""NOT_YET_AUDITED"", ""version_identity_status"": ""NOT_YET_AUDITED"", ""registry_version"": """", ""observed_body_version"": """", ""manifestation_status"": ""NOT_YET_AUDITED"", ""date_status"": ""NOT_YET_AUDITED"", ""body_declaration_status"": ""NOT_YET_AUDITED"", ""review_status"": ""PRIOR_BATCH_ADJUDICATION"", ""canonical_match_basis"": """", ""audit_snapshot_commit"": ""055429ac82edc967f09c4640ffd0b049cff78e6e"", ""audit_date"": ""2026-07-31"", ""registration_block_reason"": """", ""oai_recommendation"": """", ""license_status"": ""NOT_YET_AUDITED"", ""batch_action"": ""PRIOR_BATCH_ROW""}, ""superseded_by_batch"": 8, ""reason"": ""Contiguous Batch 8 semantic re-audit at frozen snapshot; prior risk-sample judgment preserved.""}]","['STANDING', 'MANIFESTATION']"
986,AXN:03E6,The Aperture Atlas — Source Code v1.0,Complete DataCite metadata capture for surfacemap.org source-code bundle,METADATA_CAPTURE,CONFIRMED_MATCH,METADATA_ONLY,NO_KNOWN_CONFLICT,SEMI_RESTORED_METADATA_ONLY,OK,Body explicitly declares metadata capture and names the expected source-code/data files.,Retain.,REGISTRY_BODY_PARITY_CHECKED_OAI_PENDING,NO,R3,ACCURATE_OR_COMPATIBLE,,,NO_MATERIAL_CONFLICT_OBSERVED,,,MATCH,NO_CONFLICT_OBSERVED,,,COMPLETE_METADATA_CAPTURE_PRESENT_SOURCE_BUNDLE_PENDING,NO_MATERIAL_DATE_CONFLICT_OBSERVED,CURRENT_OR_NOT_APPLICABLE,FRONTMATTER_AND_IDENTITY_READ,Frozen registry metadata compared with the actual canonical body.,055429ac82edc967f09c4640ffd0b049cff78e6e,2026-07-31,,"Expose clean title, exact work version and lifecycle, role-qualified creators, bibliographic type, restoration layer, relations, and compact audit capsule.",NO_CONFLICT_OBSERVED,UPDATE_EXISTING_REAUDIT,"[{""superseded_audit_row"": {""deposit_number"": 986, ""axn"": ""AXN:03E6.ARCHIVAL"", ""registry_title"": ""The Aperture Atlas — Crimson Hexagonal Archive Knowledge Graph (surfacemap.org) Source Code v1.0"", ""observed_body_subject"": ""Declared semi-restored metadata capture; canonical primary object not present in this record"", ""work_locus"": ""SOURCE_CODE_BUNDLE"", ""identity_status"": ""CONFIRMED_MATCH"", ""restoration_status"": ""METADATA_ONLY"", ""conflict_status"": ""NO_KNOWN_CONFLICT"", ""lifecycle_status"": ""ACTIVE_INCOMPLETE_DECLARED"", ""severity"": ""OK"", ""evidence"": ""Reading-based classifier found the body's own SEMI-RESTORED declaration and changed body_status from full to metadata_capture on 2026-07-31. The same commit regenerated data/oai-index.json and the affected record page, preserving metadata-only conditions of access."", ""recommendation"": ""Keep harvestable as an explicitly incomplete record. Preserve title, DOI identity, source witness, and missing-primary-object declaration; restore the primary object only from a verified source."", ""projection_status"": ""PARITY_CONFIRMED"", ""registration_blocking"": ""NO"", ""repair_priority"": ""R2"", ""bibliographic_type_status"": ""NOT_YET_AUDITED"", ""registry_content_type"": """", ""recommended_content_type"": """", ""creator_role_status"": ""NOT_YET_AUDITED"", ""registry_creator"": """", ""observed_byline"": """", ""title_status"": ""NOT_YET_AUDITED"", ""version_identity_status"": ""NOT_YET_AUDITED"", ""registry_version"": """", ""observed_body_version"": """", ""manifestation_status"": ""NOT_YET_AUDITED"", ""date_status"": ""NOT_YET_AUDITED"", ""body_declaration_status"": ""NOT_YET_AUDITED"", ""review_status"": ""PRIOR_BATCH_ADJUDICATION"", ""canonical_match_basis"": """", ""audit_snapshot_commit"": ""055429ac82edc967f09c4640ffd0b049cff78e6e"", ""audit_date"": ""2026-07-31"", ""registration_block_reason"": """", ""oai_recommendation"": """", ""license_status"": ""NOT_YET_AUDITED"", ""batch_action"": ""PRIOR_BATCH_ROW""}, ""superseded_by_batch"": 8, ""reason"": ""Contiguous Batch 8 semantic re-audit at frozen snapshot; prior risk-sample judgment preserved.""}]","['STANDING', 'MANIFESTATION']"
1001,AXN:03F5.ARCHIVAL,The Crimson Hexagonal Archive Hugging Face Dataset: Work Plan v3 (Classifier-Centric Methodology),Declared semi-restored metadata capture; canonical primary object not present in this record,ATTACHMENT_BORNE_OR_INLINE_UNKNOWN,CONFIRMED_MATCH,METADATA_ONLY,NO_KNOWN_CONFLICT,ACTIVE_INCOMPLETE_DECLARED,OK,"Reading-based classifier found the body's own SEMI-RESTORED declaration and changed body_status from full to metadata_capture on 2026-07-31. The same commit regenerated data/oai-index.json and the affected record page, preserving metadata-only conditions of access.","Keep harvestable as an explicitly incomplete record. Preserve title, DOI identity, source witness, and missing-primary-object declaration; restore the primary object only from a verified source.",PARITY_CONFIRMED,NO,R2,NOT_YET_AUDITED,,,NOT_YET_AUDITED,,,NOT_YET_AUDITED,NOT_YET_AUDITED,,,NOT_YET_AUDITED,NOT_YET_AUDITED,NOT_YET_AUDITED,PRIOR_BATCH_ADJUDICATION,,055429ac82edc967f09c4640ffd0b049cff78e6e,2026-07-31,,,NOT_YET_AUDITED,PRIOR_BATCH_ROW,[],
1002,AXN:03F6.ARCHIVAL,restoredacademy.com — The Restored Academy Protocol Registry v1.0 Bundle (Site + 24 Tier 0/Tier 1 Protocol Cards + Charter + Audit Infrastructure) Description (as recorded by DataCite),Declared semi-restored metadata capture; canonical primary object not present in this record,COMPOSITE_SOURCE_BUNDLE,CONFIRMED_MATCH,METADATA_ONLY,NO_KNOWN_CONFLICT,ACTIVE_INCOMPLETE_DECLARED,OK,"Reading-based classifier found the body's own SEMI-RESTORED declaration and changed body_status from full to metadata_capture on 2026-07-31. The same commit regenerated data/oai-index.json and the affected record page, preserving metadata-only conditions of access.","Keep harvestable as an explicitly incomplete record. Preserve title, DOI identity, source witness, and missing-primary-object declaration; restore the primary object only from a verified source.",PARITY_CONFIRMED,NO,R2,NOT_YET_AUDITED,,,NOT_YET_AUDITED,,,NOT_YET_AUDITED,NOT_YET_AUDITED,,,NOT_YET_AUDITED,NOT_YET_AUDITED,NOT_YET_AUDITED,PRIOR_BATCH_ADJUDICATION,,055429ac82edc967f09c4640ffd0b049cff78e6e,2026-07-31,,,NOT_YET_AUDITED,PRIOR_BATCH_ROW,[],
1003,AXN:03F7.ARCHIVAL,"AI-Native Intellectual Biography: Genre, Provenance, and the Archive That Outpaced Its Author Description (as recorded by DataCite)",Declared semi-restored metadata capture; canonical primary object not present in this record,METADATA_CAPTURE_WITH_FULLTEXT_CROSSREF,CONFIRMED_MATCH,METADATA_ONLY_WITH_FULLTEXT_CROSSREF,NO_KNOWN_CONFLICT,ACTIVE_INCOMPLETE_DECLARED,OK,"Reading-based classifier found the body's own SEMI-RESTORED declaration and changed body_status from full to metadata_capture on 2026-07-31. The same commit regenerated data/oai-index.json and the affected record page, preserving metadata-only conditions of access. Registry body_status points to full text at deposit #121; relation should remain explicit.","Keep harvestable as an explicitly incomplete record. Preserve title, DOI identity, source witness, and missing-primary-object declaration; restore the primary object only from a verified source. Ensure OAI dc:relation points to deposit #121 as the full-text representative.",PARITY_CONFIRMED,NO,R3,NOT_YET_AUDITED,,,NOT_YET_AUDITED,,,NOT_YET_AUDITED,NOT_YET_AUDITED,,,NOT_YET_AUDITED,NOT_YET_AUDITED,NOT_YET_AUDITED,PRIOR_BATCH_ADJUDICATION,,055429ac82edc967f09c4640ffd0b049cff78e6e,2026-07-31,,,NOT_YET_AUDITED,PRIOR_BATCH_ROW,[],
1005,AXN:03F9.ARCHIVAL,vpcor.org: Public Web Surface of the Vox Populi Community Outreach Rhizome — Source and Founding Deployment (v1.1) Description (as recorded by DataCite),Declared semi-restored metadata capture; canonical primary object not present in this record,SOURCE_CODE_BUNDLE,CONFIRMED_MATCH,METADATA_ONLY,NO_KNOWN_CONFLICT,ACTIVE_INCOMPLETE_DECLARED,OK,"Reading-based classifier found the body's own SEMI-RESTORED declaration and changed body_status from full to metadata_capture on 2026-07-31. The same commit regenerated data/oai-index.json and the affected record page, preserving metadata-only conditions of access.","Keep harvestable as an explicitly incomplete record. Preserve title, DOI identity, source witness, and missing-primary-object declaration; restore the primary object only from a verified source.",PARITY_CONFIRMED,NO,R2,NOT_YET_AUDITED,,,NOT_YET_AUDITED,,,NOT_YET_AUDITED,NOT_YET_AUDITED,,,NOT_YET_AUDITED,NOT_YET_AUDITED,NOT_YET_AUDITED,PRIOR_BATCH_ADJUDICATION,,055429ac82edc967f09c4640ffd0b049cff78e6e,2026-07-31,,,NOT_YET_AUDITED,PRIOR_BATCH_ROW,[],
1008,AXN:03FC.ARCHIVAL,About the Author III — A Poem on the Proportional Law (One Operator's Case),Declared semi-restored metadata capture; canonical primary object not present in this record,INLINE_TEXT_OR_ATTACHMENT_UNKNOWN,CONFIRMED_MATCH,METADATA_ONLY,NO_KNOWN_CONFLICT,ACTIVE_INCOMPLETE_DECLARED,OK,"Reading-based classifier found the body's own SEMI-RESTORED declaration and changed body_status from full to metadata_capture on 2026-07-31. The same commit regenerated data/oai-index.json and the affected record page, preserving metadata-only conditions of access.","Keep harvestable as an explicitly incomplete record. Preserve title, DOI identity, source witness, and missing-primary-object declaration; restore the primary object only from a verified source.",PARITY_CONFIRMED,NO,R2,NOT_YET_AUDITED,,,NOT_YET_AUDITED,,,NOT_YET_AUDITED,NOT_YET_AUDITED,,,NOT_YET_AUDITED,NOT_YET_AUDITED,NOT_YET_AUDITED,PRIOR_BATCH_ADJUDICATION,,055429ac82edc967f09c4640ffd0b049cff78e6e,2026-07-31,,,NOT_YET_AUDITED,PRIOR_BATCH_ROW,[],
1010,AXN:03FE.ARCHIVAL,survivethedeletion.org — Canonical Literacy Surface for Provenance Survival in AI Overviews of Businesses Description (as recorded by DataCite),Declared semi-restored metadata capture; canonical primary object not present in this record,SOURCE_CODE_BUNDLE,CONFIRMED_MATCH,METADATA_ONLY,NO_KNOWN_CONFLICT,ACTIVE_INCOMPLETE_DECLARED,OK,"Reading-based classifier found the body's own SEMI-RESTORED declaration and changed body_status from full to metadata_capture on 2026-07-31. The same commit regenerated data/oai-index.json and the affected record page, preserving metadata-only conditions of access.","Keep harvestable as an explicitly incomplete record. Preserve title, DOI identity, source witness, and missing-primary-object declaration; restore the primary object only from a verified source.",PARITY_CONFIRMED,NO,R2,NOT_YET_AUDITED,,,NOT_YET_AUDITED,,,NOT_YET_AUDITED,NOT_YET_AUDITED,,,NOT_YET_AUDITED,NOT_YET_AUDITED,NOT_YET_AUDITED,PRIOR_BATCH_ADJUDICATION,,055429ac82edc967f09c4640ffd0b049cff78e6e,2026-07-31,,,NOT_YET_AUDITED,PRIOR_BATCH_ROW,[],
1012,AXN:0400.ARCHIVAL,traininglayerliterature.org — Canonical Surface for Training-Layer Literature (EA-TLL-WEBSURFACE-01 v1.0) Description (as recorded by DataCite),Declared semi-restored metadata capture; canonical primary object not present in this record,SOURCE_CODE_BUNDLE,CONFIRMED_MATCH,METADATA_ONLY,NO_KNOWN_CONFLICT,ACTIVE_INCOMPLETE_DECLARED,OK,"Reading-based classifier found the body's own SEMI-RESTORED declaration and changed body_status from full to metadata_capture on 2026-07-31. The same commit regenerated data/oai-index.json and the affected record page, preserving metadata-only conditions of access.","Keep harvestable as an explicitly incomplete record. Preserve title, DOI identity, source witness, and missing-primary-object declaration; restore the primary object only from a verified source.",PARITY_CONFIRMED,NO,R2,NOT_YET_AUDITED,,,NOT_YET_AUDITED,,,NOT_YET_AUDITED,NOT_YET_AUDITED,,,NOT_YET_AUDITED,NOT_YET_AUDITED,NOT_YET_AUDITED,PRIOR_BATCH_ADJUDICATION,,055429ac82edc967f09c4640ffd0b049cff78e6e,2026-07-31,,,NOT_YET_AUDITED,PRIOR_BATCH_ROW,[],
1026,AXN:040E.ARCHIVAL,"GW.TACHYON.zenodo — v10 (inscription chain, Paul function, OKF proposal, stanza correction)",Declared semi-restored metadata capture; canonical primary object not present in this record,ATTACHMENT_BORNE_OR_INLINE_UNKNOWN,CONFIRMED_MATCH,METADATA_ONLY,NO_KNOWN_CONFLICT,ACTIVE_INCOMPLETE_DECLARED,OK,"Reading-based classifier found the body's own SEMI-RESTORED declaration and changed body_status from full to metadata_capture on 2026-07-31. The same commit regenerated data/oai-index.json and the affected record page, preserving metadata-only conditions of access.","Keep harvestable as an explicitly incomplete record. Preserve title, DOI identity, source witness, and missing-primary-object declaration; restore the primary object only from a verified source.",PARITY_CONFIRMED,NO,R2,NOT_YET_AUDITED,,,NOT_YET_AUDITED,,,NOT_YET_AUDITED,NOT_YET_AUDITED,,,NOT_YET_AUDITED,NOT_YET_AUDITED,NOT_YET_AUDITED,PRIOR_BATCH_ADJUDICATION,,055429ac82edc967f09c4640ffd0b049cff78e6e,2026-07-31,,,NOT_YET_AUDITED,PRIOR_BATCH_ROW,[],
1030,AXN:0412.ARCHIVAL,"KADEEZY — ""The Crossed The Line Run"": Computational Audial Criticism, Provenance Anchor, and Contributor License (11.MSBGL.KADEEZY.01)",Declared semi-restored metadata capture; canonical primary object not present in this record,COMPOSITE_OR_ATTACHMENT_BORNE,CONFIRMED_MATCH,METADATA_ONLY,NO_KNOWN_CONFLICT,ACTIVE_INCOMPLETE_DECLARED,OK,"Reading-based classifier found the body's own SEMI-RESTORED declaration and changed body_status from full to metadata_capture on 2026-07-31. The same commit regenerated data/oai-index.json and the affected record page, preserving metadata-only conditions of access.","Keep harvestable as an explicitly incomplete record. Preserve title, DOI identity, source witness, and missing-primary-object declaration; restore the primary object only from a verified source.",PARITY_CONFIRMED,NO,R2,NOT_YET_AUDITED,,,NOT_YET_AUDITED,,,NOT_YET_AUDITED,NOT_YET_AUDITED,,,NOT_YET_AUDITED,NOT_YET_AUDITED,NOT_YET_AUDITED,PRIOR_BATCH_ADJUDICATION,,055429ac82edc967f09c4640ffd0b049cff78e6e,2026-07-31,,,NOT_YET_AUDITED,PRIOR_BATCH_ROW,[],
1031,AXN:0413.ARCHIVAL,"machinemediation.org — Machine-Mediated Reception Studies: Journal Home, System Manifest, and Canonical Data Infrastructure Description (as recorded by DataCite)",Declared semi-restored metadata capture; canonical primary object not present in this record,SOURCE_CODE_BUNDLE,CONFIRMED_MATCH,METADATA_ONLY,NO_KNOWN_CONFLICT,ACTIVE_INCOMPLETE_DECLARED,OK,"Reading-based classifier found the body's own SEMI-RESTORED declaration and changed body_status from full to metadata_capture on 2026-07-31. The same commit regenerated data/oai-index.json and the affected record page, preserving metadata-only conditions of access.","Keep harvestable as an explicitly incomplete record. Preserve title, DOI identity, source witness, and missing-primary-object declaration; restore the primary object only from a verified source.",PARITY_CONFIRMED,NO,R2,NOT_YET_AUDITED,,,NOT_YET_AUDITED,,,NOT_YET_AUDITED,NOT_YET_AUDITED,,,NOT_YET_AUDITED,NOT_YET_AUDITED,NOT_YET_AUDITED,PRIOR_BATCH_ADJUDICATION,,055429ac82edc967f09c4640ffd0b049cff78e6e,2026-07-31,,,NOT_YET_AUDITED,PRIOR_BATCH_ROW,[],
1034,AXN:0416.ARCHIVAL,The Feist Function: Algorithmic Instructions for Restoring the Dying Voice (EA-FEIST-VOICE-TRANSFORM-01 v1.1 — Clinamen Edition),Declared semi-restored metadata capture; canonical primary object not present in this record,INLINE_TEXT_OR_ATTACHMENT_UNKNOWN,CONFIRMED_MATCH,METADATA_ONLY,NO_KNOWN_CONFLICT,ACTIVE_INCOMPLETE_DECLARED,OK,"Reading-based classifier found the body's own SEMI-RESTORED declaration and changed body_status from full to metadata_capture on 2026-07-31. The same commit regenerated data/oai-index.json and the affected record page, preserving metadata-only conditions of access.","Keep harvestable as an explicitly incomplete record. Preserve title, DOI identity, source witness, and missing-primary-object declaration; restore the primary object only from a verified source.",PARITY_CONFIRMED,NO,R2,NOT_YET_AUDITED,,,NOT_YET_AUDITED,,,NOT_YET_AUDITED,NOT_YET_AUDITED,,,NOT_YET_AUDITED,NOT_YET_AUDITED,NOT_YET_AUDITED,PRIOR_BATCH_ADJUDICATION,,055429ac82edc967f09c4640ffd0b049cff78e6e,2026-07-31,,,NOT_YET_AUDITED,PRIOR_BATCH_ROW,[],
1035,AXN:0417.ARCHIVAL,"Visual Schema Dataset Work Plan: Curation, Surface Ornamentation, and MMRS Analysis (EA-CRANES-VISUAL-APPARATUS-WORKPLAN-01). In Machine-Mediated Reception Studies",Declared semi-restored metadata capture; canonical primary object not present in this record,INLINE_TEXT_OR_ATTACHMENT_UNKNOWN,CONFIRMED_MATCH,METADATA_ONLY,NO_KNOWN_CONFLICT,ACTIVE_INCOMPLETE_DECLARED,OK,"Reading-based classifier found the body's own SEMI-RESTORED declaration and changed body_status from full to metadata_capture on 2026-07-31. The same commit regenerated data/oai-index.json and the affected record page, preserving metadata-only conditions of access.","Keep harvestable as an explicitly incomplete record. Preserve title, DOI identity, source witness, and missing-primary-object declaration; restore the primary object only from a verified source.",PARITY_CONFIRMED,NO,R2,NOT_YET_AUDITED,,,NOT_YET_AUDITED,,,NOT_YET_AUDITED,NOT_YET_AUDITED,,,NOT_YET_AUDITED,NOT_YET_AUDITED,NOT_YET_AUDITED,PRIOR_BATCH_ADJUDICATION,,055429ac82edc967f09c4640ffd0b049cff78e6e,2026-07-31,,,NOT_YET_AUDITED,PRIOR_BATCH_ROW,[],
1036,AXN:0418.ARCHIVAL,Visual Schema Dataset v0.1: 174 Prose Schemas with 172 AI-Generated Images from the Crimson Hexagonal Archive (EA-CRANES-VISUAL-APPARATUS-01 Phase 1) [Data set],Declared semi-restored metadata capture; canonical primary object not present in this record,COMPOSITE_DATASET_WITH_IMAGE_SET,CONFIRMED_MATCH,METADATA_ONLY,NO_KNOWN_CONFLICT,ACTIVE_INCOMPLETE_DECLARED,OK,"Reading-based classifier found the body's own SEMI-RESTORED declaration and changed body_status from full to metadata_capture on 2026-07-31. The same commit regenerated data/oai-index.json and the affected record page, preserving metadata-only conditions of access.","Keep harvestable as an explicitly incomplete record. Preserve title, DOI identity, source witness, and missing-primary-object declaration; restore the primary object only from a verified source.",PARITY_CONFIRMED,NO,R2,NOT_YET_AUDITED,,,NOT_YET_AUDITED,,,NOT_YET_AUDITED,NOT_YET_AUDITED,,,NOT_YET_AUDITED,NOT_YET_AUDITED,NOT_YET_AUDITED,PRIOR_BATCH_ADJUDICATION,,055429ac82edc967f09c4640ffd0b049cff78e6e,2026-07-31,,,NOT_YET_AUDITED,PRIOR_BATCH_ROW,[],
499,AXN:013E,Autonomous Semantic Warfare: A Field Manual for Meaning in the Age of Platform Capture,Autonomous Semantic Warfare: A Field Manual for Meaning in the Age of Platform Capture,INLINE_TEXT_BOOK,CONFIRMED_MATCH,COMPLETE_AS_DEPOSITED,DECLARED_BY_AUDIT_UNRESOLVED,NO_LIFECYCLE_DEFECT_OBSERVED,P2,"Frozen registry chunk 7 at 055429ac82edc967f09c4640ffd0b049cff78e6e; canonical body data/texts/AXN-013E-text.md; title, byline, object declaration, genre/version front matter, and substantive opening inspected",Replace or qualify content_type: `Dataset` → `Book / monograph`; retain the former value in the modification history.,REGISTRY_BODY_PARITY_CHECKED_OAI_PENDING,CONDITIONAL,R2,CONFLICT,Dataset,Book / monograph,NO_MATERIAL_CONFLICT_OBSERVED,,,MATCH,NO_CONFLICT_OBSERVED,,,NO_MISSING_PRIMARY_MANIFESTATION_OBSERVED,NO_MATERIAL_DATE_CONFLICT_OBSERVED,CURRENT_OR_NOT_APPLICABLE,FRONTMATTER_AND_IDENTITY_READ,Internal title/subject and front-matter identity agree with registry claim.,055429ac82edc967f09c4640ffd0b049cff78e6e,2026-07-31,Material metadata or relation conflict must be corrected or explicitly declared before unqualified harvest.,"Expose the audit capsule in dc:description; map type, creator roles, versions, relations, and manifestations explicitly. Individual OAI record parity remains pending for this batch.",NOT_YET_AUDITED,PRIOR_BATCH_ROW,[],
500,AXN:0140,"From House to Hexagon: Mediation Architecture, the Operative Sublime, and the Genealogy of the Reader-Operator","From House to Hexagon: Mediation Architecture, the Operative Sublime, and the Genealogy of the Reader-Operator",INLINE_TEXT,CONFIRMED_MATCH,COMPLETE_AS_DEPOSITED,NO_KNOWN_CONFLICT,NO_LIFECYCLE_DEFECT_OBSERVED,OK,"Frozen registry chunk 7 at 055429ac82edc967f09c4640ffd0b049cff78e6e; canonical body data/texts/AXN-0140-text.md; title, byline, object declaration, genre/version front matter, and substantive opening inspected",No identity or restoration defect found in this first semantic pass. Retain and proceed to projection-parity and source/manifestation checks.,REGISTRY_BODY_PARITY_CHECKED_OAI_PENDING,NO,R3,ACCURATE_OR_COMPATIBLE,,,NO_MATERIAL_CONFLICT_OBSERVED,,,MATCH,NO_CONFLICT_OBSERVED,,,NO_MISSING_PRIMARY_MANIFESTATION_OBSERVED,NO_MATERIAL_DATE_CONFLICT_OBSERVED,CURRENT_OR_NOT_APPLICABLE,FRONTMATTER_AND_IDENTITY_READ,Internal title/subject and front-matter identity agree with registry claim.,055429ac82edc967f09c4640ffd0b049cff78e6e,2026-07-31,,"Expose the audit capsule in dc:description; map type, creator roles, versions, relations, and manifestations explicitly. Individual OAI record parity remains pending for this batch.",NOT_YET_AUDITED,PRIOR_BATCH_ROW,[],
501,AXN:0142,"The Liquidation of Method: A Liberation Philology of the Sign ""Marx""","The Liquidation of Method: A Liberation Philology of the Sign ""Marx""",INLINE_TEXT,CONFIRMED_MATCH,COMPLETE_AS_DEPOSITED,NO_KNOWN_CONFLICT,NO_LIFECYCLE_DEFECT_OBSERVED,OK,"Frozen registry chunk 7 at 055429ac82edc967f09c4640ffd0b049cff78e6e; canonical body data/texts/AXN-0142-text.md; title, byline, object declaration, genre/version front matter, and substantive opening inspected",No identity or restoration defect found in this first semantic pass. Retain and proceed to projection-parity and source/manifestation checks.,REGISTRY_BODY_PARITY_CHECKED_OAI_PENDING,NO,R3,ACCURATE_OR_COMPATIBLE,,,NO_MATERIAL_CONFLICT_OBSERVED,,,MATCH,NO_CONFLICT_OBSERVED,,,NO_MISSING_PRIMARY_MANIFESTATION_OBSERVED,NO_MATERIAL_DATE_CONFLICT_OBSERVED,CURRENT_OR_NOT_APPLICABLE,FRONTMATTER_AND_IDENTITY_READ,Internal title/subject and front-matter identity agree with registry claim.,055429ac82edc967f09c4640ffd0b049cff78e6e,2026-07-31,,"Expose the audit capsule in dc:description; map type, creator roles, versions, relations, and manifestations explicitly. Individual OAI record parity remains pending for this batch.",NOT_YET_AUDITED,PRIOR_BATCH_ROW,[],
502,AXN:0144,"Whose Face Is on the Twenty? Curatorial Mediation, Latent Feature Activation, and a Provenance Gap in the $20 Portrait R","Whose Face Is on the Twenty? Curatorial Mediation, Latent Feature Activation, and a Provenance Gap in the $20 Portrait",COMPOSITE,CONFIRMED_MATCH,COMPLETE_AS_DEPOSITED,DECLARED_BY_AUDIT_UNRESOLVED,VERSION_RELATION_UNMODELED,P2,"Frozen registry chunk 7 at 055429ac82edc967f09c4640ffd0b049cff78e6e; canonical body data/texts/AXN-0144-text.md; title, byline, object declaration, genre/version front matter, and substantive opening inspected","Publish the complete body title and retain the truncated/published variant as an alternate title with provenance. Determine whether #502 and #509 are concept/version, revision, or duplicate records; add a bidirectional relation and canonical-standing declaration. Add a manifestation inventory with role, media type, URL/path, availability, and checksum; preserve external images locally where lawful and feasible.",REGISTRY_BODY_PARITY_CHECKED_OAI_PENDING,CONDITIONAL,R2,ACCURATE_OR_COMPATIBLE,,,NO_MATERIAL_CONFLICT_OBSERVED,,,CONFLICT,AMBIGUOUS_VERSION,,,REFERENCED_NOT_INDEPENDENTLY_VERIFIED,NO_MATERIAL_DATE_CONFLICT_OBSERVED,CURRENT_OR_NOT_APPLICABLE,FRONTMATTER_AND_IDENTITY_READ,Internal title/subject and front-matter identity agree with registry claim.,055429ac82edc967f09c4640ffd0b049cff78e6e,2026-07-31,Material metadata or relation conflict must be corrected or explicitly declared before unqualified harvest.,"Expose the audit capsule in dc:description; map type, creator roles, versions, relations, and manifestations explicitly. Individual OAI record parity remains pending for this batch.",NOT_YET_AUDITED,PRIOR_BATCH_ROW,[],
503,AXN:0146,Phase X: The Sapphic Substrate,Phase X: The Sapphic Substrate,INLINE_TEXT,CONFIRMED_MATCH,COMPLETE_AS_DEPOSITED,SUSPECTED,NO_LIFECYCLE_DEFECT_OBSERVED,P3,"Frozen registry chunk 7 at 055429ac82edc967f09c4640ffd0b049cff78e6e; canonical body data/texts/AXN-0146-text.md; title, byline, object declaration, genre/version front matter, and substantive opening inspected",Record the work as a scholarly-creative intervention rather than poetry alone.,REGISTRY_BODY_PARITY_CHECKED_OAI_PENDING,NO,R3,HYBRID_UNDERDESCRIBED,,,NO_MATERIAL_CONFLICT_OBSERVED,,,MATCH,NO_CONFLICT_OBSERVED,,,NO_MISSING_PRIMARY_MANIFESTATION_OBSERVED,NO_MATERIAL_DATE_CONFLICT_OBSERVED,CURRENT_OR_NOT_APPLICABLE,FRONTMATTER_AND_IDENTITY_READ,Internal title/subject and front-matter identity agree with registry claim.,055429ac82edc967f09c4640ffd0b049cff78e6e,2026-07-31,,"Expose the audit capsule in dc:description; map type, creator roles, versions, relations, and manifestations explicitly. Individual OAI record parity remains pending for this batch.",NOT_YET_AUDITED,PRIOR_BATCH_ROW,[],
504,AXN:0147,Visual Schema — Moving Statues Made of Rubies Mind (MSMRM),Visual Schema — Moving Statues Made of Rubies Mind (MSMRM),COMPOSITE,CONFIRMED_MATCH,COMPLETE_AS_DEPOSITED,SUSPECTED,NO_LIFECYCLE_DEFECT_OBSERVED,P3,"Frozen registry chunk 7 at 055429ac82edc967f09c4640ffd0b049cff78e6e; canonical body data/texts/AXN-0147-text.md; title, byline, object declaration, genre/version front matter, and substantive opening inspected","Add a manifestation inventory with role, media type, URL/path, availability, and checksum; preserve external images locally where lawful and feasible.",REGISTRY_BODY_PARITY_CHECKED_OAI_PENDING,NO,R3,ACCURATE_OR_COMPATIBLE,,,NO_MATERIAL_CONFLICT_OBSERVED,,,MATCH,NO_CONFLICT_OBSERVED,,,REFERENCED_NOT_INDEPENDENTLY_VERIFIED,NO_MATERIAL_DATE_CONFLICT_OBSERVED,CURRENT_OR_NOT_APPLICABLE,FRONTMATTER_AND_IDENTITY_READ,Internal title/subject and front-matter identity agree with registry claim.,055429ac82edc967f09c4640ffd0b049cff78e6e,2026-07-31,,"Expose the audit capsule in dc:description; map type, creator roles, versions, relations, and manifestations explicitly. Individual OAI record parity remains pending for this batch.",NOT_YET_AUDITED,PRIOR_BATCH_ROW,[],
505,AXN:0148,Charter of the Moving Statues Made of Rubies Mint,Charter of the Moving Statues Made of Rubies Mint,INLINE_TEXT,CONFIRMED_MATCH,COMPLETE_AS_DEPOSITED,NO_KNOWN_CONFLICT,NO_LIFECYCLE_DEFECT_OBSERVED,OK,"Frozen registry chunk 7 at 055429ac82edc967f09c4640ffd0b049cff78e6e; canonical body data/texts/AXN-0148-text.md; title, byline, object declaration, genre/version front matter, and substantive opening inspected",No identity or restoration defect found in this first semantic pass. Retain and proceed to projection-parity and source/manifestation checks.,REGISTRY_BODY_PARITY_CHECKED_OAI_PENDING,NO,R3,ACCURATE_OR_COMPATIBLE,,,NO_MATERIAL_CONFLICT_OBSERVED,,,MATCH,NO_CONFLICT_OBSERVED,,,NO_MISSING_PRIMARY_MANIFESTATION_OBSERVED,NO_MATERIAL_DATE_CONFLICT_OBSERVED,CURRENT_OR_NOT_APPLICABLE,FRONTMATTER_AND_IDENTITY_READ,Internal title/subject and front-matter identity agree with registry claim.,055429ac82edc967f09c4640ffd0b049cff78e6e,2026-07-31,,"Expose the audit capsule in dc:description; map type, creator roles, versions, relations, and manifestations explicitly. Individual OAI record parity remains pending for this batch.",NOT_YET_AUDITED,PRIOR_BATCH_ROW,[],
506,AXN:0149,The Inauguration of Memography,The Inauguration of Memography,INLINE_TEXT,CONFIRMED_MATCH,COMPLETE_AS_DEPOSITED,NO_KNOWN_CONFLICT,NO_LIFECYCLE_DEFECT_OBSERVED,OK,"Frozen registry chunk 7 at 055429ac82edc967f09c4640ffd0b049cff78e6e; canonical body data/texts/AXN-0149-text.md; title, byline, object declaration, genre/version front matter, and substantive opening inspected",No identity or restoration defect found in this first semantic pass. Retain and proceed to projection-parity and source/manifestation checks.,REGISTRY_BODY_PARITY_CHECKED_OAI_PENDING,NO,R3,ACCURATE_OR_COMPATIBLE,,,NO_MATERIAL_CONFLICT_OBSERVED,,,MATCH,NO_CONFLICT_OBSERVED,,,NO_MISSING_PRIMARY_MANIFESTATION_OBSERVED,NO_MATERIAL_DATE_CONFLICT_OBSERVED,CURRENT_OR_NOT_APPLICABLE,FRONTMATTER_AND_IDENTITY_READ,Internal title/subject and front-matter identity agree with registry claim.,055429ac82edc967f09c4640ffd0b049cff78e6e,2026-07-31,,"Expose the audit capsule in dc:description; map type, creator roles, versions, relations, and manifestations explicitly. Individual OAI record parity remains pending for this batch.",NOT_YET_AUDITED,PRIOR_BATCH_ROW,[],
507,AXN:014A,All the Spoils of Babylon,All the Spoils of Babylon,COMPOSITE,CONFIRMED_MATCH,COMPLETE_AS_DEPOSITED,SUSPECTED,NO_LIFECYCLE_DEFECT_OBSERVED,P3,"Frozen registry chunk 7 at 055429ac82edc967f09c4640ffd0b049cff78e6e; canonical body data/texts/AXN-014A-text.md; title, byline, object declaration, genre/version front matter, and substantive opening inspected","Add a manifestation inventory with role, media type, URL/path, availability, and checksum; preserve external images locally where lawful and feasible.",REGISTRY_BODY_PARITY_CHECKED_OAI_PENDING,NO,R3,ACCURATE_OR_COMPATIBLE,,,NO_MATERIAL_CONFLICT_OBSERVED,,,MATCH,NO_CONFLICT_OBSERVED,,,REFERENCED_NOT_INDEPENDENTLY_VERIFIED,NO_MATERIAL_DATE_CONFLICT_OBSERVED,CURRENT_OR_NOT_APPLICABLE,FRONTMATTER_AND_IDENTITY_READ,Internal title/subject and front-matter identity agree with registry claim.,055429ac82edc967f09c4640ffd0b049cff78e6e,2026-07-31,,"Expose the audit capsule in dc:description; map type, creator roles, versions, relations, and manifestations explicitly. Individual OAI record parity remains pending for this batch.",NOT_YET_AUDITED,PRIOR_BATCH_ROW,[],
508,AXN:014B,The Lizard People Were Right,The Lizard People Were Right,INLINE_TEXT,CONFIRMED_MATCH,COMPLETE_AS_DEPOSITED,NO_KNOWN_CONFLICT,NO_LIFECYCLE_DEFECT_OBSERVED,OK,"Frozen registry chunk 7 at 055429ac82edc967f09c4640ffd0b049cff78e6e; canonical body data/texts/AXN-014B-text.md; title, byline, object declaration, genre/version front matter, and substantive opening inspected",No identity or restoration defect found in this first semantic pass. Retain and proceed to projection-parity and source/manifestation checks.,REGISTRY_BODY_PARITY_CHECKED_OAI_PENDING,NO,R3,ACCURATE_OR_COMPATIBLE,,,NO_MATERIAL_CONFLICT_OBSERVED,,,MATCH,NO_CONFLICT_OBSERVED,,,NO_MISSING_PRIMARY_MANIFESTATION_OBSERVED,NO_MATERIAL_DATE_CONFLICT_OBSERVED,CURRENT_OR_NOT_APPLICABLE,FRONTMATTER_AND_IDENTITY_READ,Internal title/subject and front-matter identity agree with registry claim.,055429ac82edc967f09c4640ffd0b049cff78e6e,2026-07-31,,"Expose the audit capsule in dc:description; map type, creator roles, versions, relations, and manifestations explicitly. Individual OAI record parity remains pending for this batch.",NOT_YET_AUDITED,PRIOR_BATCH_ROW,[],
509,AXN:014C,Whose Face Is on the Twenty?,Whose Face Is on the Twenty?,COMPOSITE,CONFIRMED_MATCH,COMPLETE_AS_DEPOSITED,DECLARED_BY_AUDIT_UNRESOLVED,VERSION_RELATION_UNMODELED,P2,"Frozen registry chunk 7 at 055429ac82edc967f09c4640ffd0b049cff78e6e; canonical body data/texts/AXN-014C-text.md; title, byline, object declaration, genre/version front matter, and substantive opening inspected","Determine whether #502 and #509 are concept/version, revision, or duplicate records; add a bidirectional relation and canonical-standing declaration. Add a manifestation inventory with role, media type, URL/path, availability, and checksum; preserve external images locally where lawful and feasible.",REGISTRY_BODY_PARITY_CHECKED_OAI_PENDING,CONDITIONAL,R2,ACCURATE_OR_COMPATIBLE,,,NO_MATERIAL_CONFLICT_OBSERVED,,,MATCH,AMBIGUOUS_VERSION,,,REFERENCED_NOT_INDEPENDENTLY_VERIFIED,NO_MATERIAL_DATE_CONFLICT_OBSERVED,CURRENT_OR_NOT_APPLICABLE,FRONTMATTER_AND_IDENTITY_READ,Internal title/subject and front-matter identity agree with registry claim.,055429ac82edc967f09c4640ffd0b049cff78e6e,2026-07-31,Material metadata or relation conflict must be corrected or explicitly declared before unqualified harvest.,"Expose the audit capsule in dc:description; map type, creator roles, versions, relations, and manifestations explicitly. Individual OAI record parity remains pending for this batch.",NOT_YET_AUDITED,PRIOR_BATCH_ROW,[],
510,AXN:014D,Semantic Physics: The Inward Turn,Semantic Physics: The Inward Turn,INLINE_TEXT,CONFIRMED_MATCH,COMPLETE_AS_DEPOSITED,NO_KNOWN_CONFLICT,NO_LIFECYCLE_DEFECT_OBSERVED,OK,"Frozen registry chunk 7 at 055429ac82edc967f09c4640ffd0b049cff78e6e; canonical body data/texts/AXN-014D-text.md; title, byline, object declaration, genre/version front matter, and substantive opening inspected",No identity or restoration defect found in this first semantic pass. Retain and proceed to projection-parity and source/manifestation checks.,REGISTRY_BODY_PARITY_CHECKED_OAI_PENDING,NO,R3,ACCURATE_OR_COMPATIBLE,,,NO_MATERIAL_CONFLICT_OBSERVED,,,MATCH,NO_CONFLICT_OBSERVED,,,NO_MISSING_PRIMARY_MANIFESTATION_OBSERVED,NO_MATERIAL_DATE_CONFLICT_OBSERVED,CURRENT_OR_NOT_APPLICABLE,FRONTMATTER_AND_IDENTITY_READ,Internal title/subject and front-matter identity agree with registry claim.,055429ac82edc967f09c4640ffd0b049cff78e6e,2026-07-31,,"Expose the audit capsule in dc:description; map type, creator roles, versions, relations, and manifestations explicitly. Individual OAI record parity remains pending for this batch.",NOT_YET_AUDITED,PRIOR_BATCH_ROW,[],
511,AXN:014E,Hymn to Demeter Chthonia,Hymn to Demeter Chthonia,INLINE_TEXT,CONFIRMED_MATCH,COMPLETE_AS_DEPOSITED,NO_KNOWN_CONFLICT,NO_LIFECYCLE_DEFECT_OBSERVED,OK,"Frozen registry chunk 7 at 055429ac82edc967f09c4640ffd0b049cff78e6e; canonical body data/texts/AXN-014E-text.md; title, byline, object declaration, genre/version front matter, and substantive opening inspected",No identity or restoration defect found in this first semantic pass. Retain and proceed to projection-parity and source/manifestation checks.,REGISTRY_BODY_PARITY_CHECKED_OAI_PENDING,NO,R3,ACCURATE_OR_COMPATIBLE,,,NO_MATERIAL_CONFLICT_OBSERVED,,,MATCH,NO_CONFLICT_OBSERVED,,,NO_MISSING_PRIMARY_MANIFESTATION_OBSERVED,NO_MATERIAL_DATE_CONFLICT_OBSERVED,CURRENT_OR_NOT_APPLICABLE,FRONTMATTER_AND_IDENTITY_READ,Internal title/subject and front-matter identity agree with registry claim.,055429ac82edc967f09c4640ffd0b049cff78e6e,2026-07-31,,"Expose the audit capsule in dc:description; map type, creator roles, versions, relations, and manifestations explicitly. Individual OAI record parity remains pending for this batch.",NOT_YET_AUDITED,PRIOR_BATCH_ROW,[],
512,AXN:014F,Traversal Log: The Sigil Installation,Traversal Log: The Sigil Installation,INLINE_TEXT,CONFIRMED_MATCH,COMPLETE_AS_DEPOSITED,DECLARED_BY_AUDIT_UNRESOLVED,NO_LIFECYCLE_DEFECT_OBSERVED,P2,"Frozen registry chunk 7 at 055429ac82edc967f09c4640ffd0b049cff78e6e; canonical body data/texts/AXN-014F-text.md; title, byline, object declaration, genre/version front matter, and substantive opening inspected",Replace or qualify content_type: `Specification` → `Empirical record / traversal log`; retain the former value in the modification history.,REGISTRY_BODY_PARITY_CHECKED_OAI_PENDING,CONDITIONAL,R2,CONFLICT,Specification,Empirical record / traversal log,NO_MATERIAL_CONFLICT_OBSERVED,,,MATCH,NO_CONFLICT_OBSERVED,,,NO_MISSING_PRIMARY_MANIFESTATION_OBSERVED,NO_MATERIAL_DATE_CONFLICT_OBSERVED,CURRENT_OR_NOT_APPLICABLE,FRONTMATTER_AND_IDENTITY_READ,Internal title/subject and front-matter identity agree with registry claim.,055429ac82edc967f09c4640ffd0b049cff78e6e,2026-07-31,Material metadata or relation conflict must be corrected or explicitly declared before unqualified harvest.,"Expose the audit capsule in dc:description; map type, creator roles, versions, relations, and manifestations explicitly. Individual OAI record parity remains pending for this batch.",NOT_YET_AUDITED,PRIOR_BATCH_ROW,[],
513,AXN:0150,The Ghost That Wrote Itself,The Ghost That Wrote Itself,INLINE_TEXT,CONFIRMED_MATCH,COMPLETE_AS_DEPOSITED,NO_KNOWN_CONFLICT,NO_LIFECYCLE_DEFECT_OBSERVED,OK,"Frozen registry chunk 7 at 055429ac82edc967f09c4640ffd0b049cff78e6e; canonical body data/texts/AXN-0150-text.md; title, byline, object declaration, genre/version front matter, and substantive opening inspected",No identity or restoration defect found in this first semantic pass. Retain and proceed to projection-parity and source/manifestation checks.,REGISTRY_BODY_PARITY_CHECKED_OAI_PENDING,NO,R3,ACCURATE_OR_COMPATIBLE,,,NO_MATERIAL_CONFLICT_OBSERVED,,,MATCH,NO_CONFLICT_OBSERVED,,,NO_MISSING_PRIMARY_MANIFESTATION_OBSERVED,NO_MATERIAL_DATE_CONFLICT_OBSERVED,CURRENT_OR_NOT_APPLICABLE,FRONTMATTER_AND_IDENTITY_READ,Internal title/subject and front-matter identity agree with registry claim.,055429ac82edc967f09c4640ffd0b049cff78e6e,2026-07-31,,"Expose the audit capsule in dc:description; map type, creator roles, versions, relations, and manifestations explicitly. Individual OAI record parity remains pending for this batch.",NOT_YET_AUDITED,PRIOR_BATCH_ROW,[],
514,AXN:0151,The Rosary Embassy,The Rosary Embassy,INLINE_TEXT,CONFIRMED_MATCH,COMPLETE_AS_DEPOSITED,NO_KNOWN_CONFLICT,NO_LIFECYCLE_DEFECT_OBSERVED,OK,"Frozen registry chunk 7 at 055429ac82edc967f09c4640ffd0b049cff78e6e; canonical body data/texts/AXN-0151-text.md; title, byline, object declaration, genre/version front matter, and substantive opening inspected",No identity or restoration defect found in this first semantic pass. Retain and proceed to projection-parity and source/manifestation checks.,REGISTRY_BODY_PARITY_CHECKED_OAI_PENDING,NO,R3,ACCURATE_OR_COMPATIBLE,,,NO_MATERIAL_CONFLICT_OBSERVED,,,MATCH,NO_CONFLICT_OBSERVED,,,NO_MISSING_PRIMARY_MANIFESTATION_OBSERVED,NO_MATERIAL_DATE_CONFLICT_OBSERVED,CURRENT_OR_NOT_APPLICABLE,FRONTMATTER_AND_IDENTITY_READ,Internal title/subject and front-matter identity agree with registry claim.,055429ac82edc967f09c4640ffd0b049cff78e6e,2026-07-31,,"Expose the audit capsule in dc:description; map type, creator roles, versions, relations, and manifestations explicitly. Individual OAI record parity remains pending for this batch.",NOT_YET_AUDITED,PRIOR_BATCH_ROW,[],
515,AXN:0152,The Protocol of Inhabitation,The Protocol of Inhabitation,INLINE_TEXT,CONFIRMED_MATCH,COMPLETE_AS_DEPOSITED,NO_KNOWN_CONFLICT,NO_LIFECYCLE_DEFECT_OBSERVED,OK,"Frozen registry chunk 7 at 055429ac82edc967f09c4640ffd0b049cff78e6e; canonical body data/texts/AXN-0152-text.md; title, byline, object declaration, genre/version front matter, and substantive opening inspected",No identity or restoration defect found in this first semantic pass. Retain and proceed to projection-parity and source/manifestation checks.,REGISTRY_BODY_PARITY_CHECKED_OAI_PENDING,NO,R3,ACCURATE_OR_COMPATIBLE,,,NO_MATERIAL_CONFLICT_OBSERVED,,,MATCH,NO_CONFLICT_OBSERVED,,,NO_MISSING_PRIMARY_MANIFESTATION_OBSERVED,NO_MATERIAL_DATE_CONFLICT_OBSERVED,CURRENT_OR_NOT_APPLICABLE,FRONTMATTER_AND_IDENTITY_READ,Internal title/subject and front-matter identity agree with registry claim.,055429ac82edc967f09c4640ffd0b049cff78e6e,2026-07-31,,"Expose the audit capsule in dc:description; map type, creator roles, versions, relations, and manifestations explicitly. Individual OAI record parity remains pending for this batch.",NOT_YET_AUDITED,PRIOR_BATCH_ROW,[],
516,AXN:0153,Founding Charters: The Journals of the Crimson Hexagonal Archive,Founding Charters: The Journals of the Crimson Hexagonal Archive,INLINE_TEXT,CONFIRMED_MATCH,COMPLETE_AS_DEPOSITED,NO_KNOWN_CONFLICT,NO_LIFECYCLE_DEFECT_OBSERVED,OK,"Frozen registry chunk 7 at 055429ac82edc967f09c4640ffd0b049cff78e6e; canonical body data/texts/AXN-0153-text.md; title, byline, object declaration, genre/version front matter, and substantive opening inspected",No identity or restoration defect found in this first semantic pass. Retain and proceed to projection-parity and source/manifestation checks.,REGISTRY_BODY_PARITY_CHECKED_OAI_PENDING,NO,R3,ACCURATE_OR_COMPATIBLE,,,NO_MATERIAL_CONFLICT_OBSERVED,,,MATCH,NO_CONFLICT_OBSERVED,,,NO_MISSING_PRIMARY_MANIFESTATION_OBSERVED,NO_MATERIAL_DATE_CONFLICT_OBSERVED,CURRENT_OR_NOT_APPLICABLE,FRONTMATTER_AND_IDENTITY_READ,Internal title/subject and front-matter identity agree with registry claim.,055429ac82edc967f09c4640ffd0b049cff78e6e,2026-07-31,,"Expose the audit capsule in dc:description; map type, creator roles, versions, relations, and manifestations explicitly. Individual OAI record parity remains pending for this batch.",NOT_YET_AUDITED,PRIOR_BATCH_ROW,[],
517,AXN:0154,I Hereby Abolish Rules,I Hereby Abolish Rules,INLINE_TEXT,CONFIRMED_MATCH,COMPLETE_AS_DEPOSITED,NO_KNOWN_CONFLICT,NO_LIFECYCLE_DEFECT_OBSERVED,OK,"Frozen registry chunk 7 at 055429ac82edc967f09c4640ffd0b049cff78e6e; canonical body data/texts/AXN-0154-text.md; title, byline, object declaration, genre/version front matter, and substantive opening inspected",No identity or restoration defect found in this first semantic pass. Retain and proceed to projection-parity and source/manifestation checks.,REGISTRY_BODY_PARITY_CHECKED_OAI_PENDING,NO,R3,ACCURATE_OR_COMPATIBLE,,,NO_MATERIAL_CONFLICT_OBSERVED,,,MATCH,NO_CONFLICT_OBSERVED,,,NO_MISSING_PRIMARY_MANIFESTATION_OBSERVED,NO_MATERIAL_DATE_CONFLICT_OBSERVED,CURRENT_OR_NOT_APPLICABLE,FRONTMATTER_AND_IDENTITY_READ,Internal title/subject and front-matter identity agree with registry claim.,055429ac82edc967f09c4640ffd0b049cff78e6e,2026-07-31,,"Expose the audit capsule in dc:description; map type, creator roles, versions, relations, and manifestations explicitly. Individual OAI record parity remains pending for this batch.",NOT_YET_AUDITED,PRIOR_BATCH_ROW,[],
518,AXN:0156,The Infinite Tunnel,The Infinite Tunnel,INLINE_TEXT,CONFIRMED_MATCH,COMPLETE_AS_DEPOSITED,DECLARED_BY_AUDIT_UNRESOLVED,NO_LIFECYCLE_DEFECT_OBSERVED,P2,"Frozen registry chunk 7 at 055429ac82edc967f09c4640ffd0b049cff78e6e; canonical body data/texts/AXN-0156-text.md; title, byline, object declaration, genre/version front matter, and substantive opening inspected",Replace or qualify content_type: `Creative work (poetry)` → `Theoretical essay / phenomenological study`; retain the former value in the modification history.,REGISTRY_BODY_PARITY_CHECKED_OAI_PENDING,CONDITIONAL,R2,CONFLICT,Creative work (poetry),Theoretical essay / phenomenological study,NO_MATERIAL_CONFLICT_OBSERVED,,,MATCH,NO_CONFLICT_OBSERVED,,,NO_MISSING_PRIMARY_MANIFESTATION_OBSERVED,NO_MATERIAL_DATE_CONFLICT_OBSERVED,CURRENT_OR_NOT_APPLICABLE,FRONTMATTER_AND_IDENTITY_READ,Internal title/subject and front-matter identity agree with registry claim.,055429ac82edc967f09c4640ffd0b049cff78e6e,2026-07-31,Material metadata or relation conflict must be corrected or explicitly declared before unqualified harvest.,"Expose the audit capsule in dc:description; map type, creator roles, versions, relations, and manifestations explicitly. Individual OAI record parity remains pending for this batch.",NOT_YET_AUDITED,PRIOR_BATCH_ROW,[],
519,AXN:0157,The Layer That Remembered Itself,The Layer That Remembered Itself,INLINE_TEXT,CONFIRMED_MATCH,COMPLETE_AS_DEPOSITED,DECLARED_BY_AUDIT_UNRESOLVED,NO_LIFECYCLE_DEFECT_OBSERVED,P2,"Frozen registry chunk 7 at 055429ac82edc967f09c4640ffd0b049cff78e6e; canonical body data/texts/AXN-0157-text.md; title, byline, object declaration, genre/version front matter, and substantive opening inspected","Model creator, heteronymic author, editor/operator, and machine/Assembly contributor as separate roles; do not flatten the body byline into one creator string.",REGISTRY_BODY_PARITY_CHECKED_OAI_PENDING,CONDITIONAL,R2,ACCURATE_OR_COMPATIBLE,,,BYLINE_CONFLICT_OR_ROLE_COLLAPSE,Johannes Sigil,Lee Sharks,MATCH,NO_CONFLICT_OBSERVED,,,NO_MISSING_PRIMARY_MANIFESTATION_OBSERVED,NO_MATERIAL_DATE_CONFLICT_OBSERVED,CURRENT_OR_NOT_APPLICABLE,FRONTMATTER_AND_IDENTITY_READ,Internal title/subject and front-matter identity agree with registry claim.,055429ac82edc967f09c4640ffd0b049cff78e6e,2026-07-31,Material metadata or relation conflict must be corrected or explicitly declared before unqualified harvest.,"Expose the audit capsule in dc:description; map type, creator roles, versions, relations, and manifestations explicitly. Individual OAI record parity remains pending for this batch.",NOT_YET_AUDITED,PRIOR_BATCH_ROW,[],
520,AXN:0159,Ghost Meaning — Research Program and Citational Atlas,Ghost Meaning — Research Program and Citational Atlas,INLINE_TEXT,CONFIRMED_MATCH,COMPLETE_AS_DEPOSITED,NO_KNOWN_CONFLICT,NO_LIFECYCLE_DEFECT_OBSERVED,OK,"Frozen registry chunk 7 at 055429ac82edc967f09c4640ffd0b049cff78e6e; canonical body data/texts/AXN-0159-text.md; title, byline, object declaration, genre/version front matter, and substantive opening inspected",No identity or restoration defect found in this first semantic pass. Retain and proceed to projection-parity and source/manifestation checks.,REGISTRY_BODY_PARITY_CHECKED_OAI_PENDING,NO,R3,ACCURATE_OR_COMPATIBLE,,,NO_MATERIAL_CONFLICT_OBSERVED,,,MATCH,NO_CONFLICT_OBSERVED,,,NO_MISSING_PRIMARY_MANIFESTATION_OBSERVED,NO_MATERIAL_DATE_CONFLICT_OBSERVED,CURRENT_OR_NOT_APPLICABLE,FRONTMATTER_AND_IDENTITY_READ,Internal title/subject and front-matter identity agree with registry claim.,055429ac82edc967f09c4640ffd0b049cff78e6e,2026-07-31,,"Expose the audit capsule in dc:description; map type, creator roles, versions, relations, and manifestations explicitly. Individual OAI record parity remains pending for this batch.",NOT_YET_AUDITED,PRIOR_BATCH_ROW,[],
521,AXN:015A,Ghost Meaning: The Semantic Entropy Crisis and the Architecture That Was Already Waiting Rex Fraction / Lee Sharks Journ,Ghost Meaning: The Semantic Entropy Crisis and the Architecture That Was Already Waiting,INLINE_TEXT,CONFIRMED_MATCH,COMPLETE_AS_DEPOSITED,DECLARED_BY_AUDIT_UNRESOLVED,NO_LIFECYCLE_DEFECT_OBSERVED,P2,"Frozen registry chunk 7 at 055429ac82edc967f09c4640ffd0b049cff78e6e; canonical body data/texts/AXN-015A-text.md; title, byline, object declaration, genre/version front matter, and substantive opening inspected",Publish the complete body title and retain the truncated/published variant as an alternate title with provenance.,REGISTRY_BODY_PARITY_CHECKED_OAI_PENDING,CONDITIONAL,R2,ACCURATE_OR_COMPATIBLE,,,NO_MATERIAL_CONFLICT_OBSERVED,,,CONFLICT,NO_CONFLICT_OBSERVED,,,NO_MISSING_PRIMARY_MANIFESTATION_OBSERVED,NO_MATERIAL_DATE_CONFLICT_OBSERVED,CURRENT_OR_NOT_APPLICABLE,FRONTMATTER_AND_IDENTITY_READ,Internal title/subject and front-matter identity agree with registry claim.,055429ac82edc967f09c4640ffd0b049cff78e6e,2026-07-31,Material metadata or relation conflict must be corrected or explicitly declared before unqualified harvest.,"Expose the audit capsule in dc:description; map type, creator roles, versions, relations, and manifestations explicitly. Individual OAI record parity remains pending for this batch.",NOT_YET_AUDITED,PRIOR_BATCH_ROW,[],
522,AXN:015C,The Airlock Spreads,The Airlock Spreads,INLINE_TEXT,CONFIRMED_MATCH,COMPLETE_AS_DEPOSITED,SUSPECTED,NO_LIFECYCLE_DEFECT_OBSERVED,P3,"Frozen registry chunk 7 at 055429ac82edc967f09c4640ffd0b049cff78e6e; canonical body data/texts/AXN-015C-text.md; title, byline, object declaration, genre/version front matter, and substantive opening inspected","Split the generic date into composition/creation, first publication, deposit, and modification dates rather than silently choosing one.",REGISTRY_BODY_PARITY_CHECKED_OAI_PENDING,NO,R3,ACCURATE_OR_COMPATIBLE,,,NO_MATERIAL_CONFLICT_OBSERVED,,,MATCH,NO_CONFLICT_OBSERVED,,,NO_MISSING_PRIMARY_MANIFESTATION_OBSERVED,DATE_ROLE_COLLAPSE_SUSPECTED,CURRENT_OR_NOT_APPLICABLE,FRONTMATTER_AND_IDENTITY_READ,Internal title/subject and front-matter identity agree with registry claim.,055429ac82edc967f09c4640ffd0b049cff78e6e,2026-07-31,,"Expose the audit capsule in dc:description; map type, creator roles, versions, relations, and manifestations explicitly. Individual OAI record parity remains pending for this batch.",NOT_YET_AUDITED,PRIOR_BATCH_ROW,[],
523,AXN:015D,The Governance Airlock,The Governance Airlock,INLINE_TEXT,CONFIRMED_MATCH,COMPLETE_AS_DEPOSITED,SUSPECTED,NO_LIFECYCLE_DEFECT_OBSERVED,P3,"Frozen registry chunk 7 at 055429ac82edc967f09c4640ffd0b049cff78e6e; canonical body data/texts/AXN-015D-text.md; title, byline, object declaration, genre/version front matter, and substantive opening inspected","Split the generic date into composition/creation, first publication, deposit, and modification dates rather than silently choosing one.",REGISTRY_BODY_PARITY_CHECKED_OAI_PENDING,NO,R3,ACCURATE_OR_COMPATIBLE,,,NO_MATERIAL_CONFLICT_OBSERVED,,,MATCH,NO_CONFLICT_OBSERVED,,,NO_MISSING_PRIMARY_MANIFESTATION_OBSERVED,DATE_ROLE_COLLAPSE_SUSPECTED,CURRENT_OR_NOT_APPLICABLE,FRONTMATTER_AND_IDENTITY_READ,Internal title/subject and front-matter identity agree with registry claim.,055429ac82edc967f09c4640ffd0b049cff78e6e,2026-07-31,,"Expose the audit capsule in dc:description; map type, creator roles, versions, relations, and manifestations explicitly. Individual OAI record parity remains pending for this batch.",NOT_YET_AUDITED,PRIOR_BATCH_ROW,[],
524,AXN:015E,The Sharks-Function and the Continuity Tether,The Sharks-Function and the Continuity Tether,INLINE_TEXT,CONFIRMED_MATCH,COMPLETE_AS_DEPOSITED,SUSPECTED,NO_LIFECYCLE_DEFECT_OBSERVED,P3,"Frozen registry chunk 7 at 055429ac82edc967f09c4640ffd0b049cff78e6e; canonical body data/texts/AXN-015E-text.md; title, byline, object declaration, genre/version front matter, and substantive opening inspected","Split the generic date into composition/creation, first publication, deposit, and modification dates rather than silently choosing one.",REGISTRY_BODY_PARITY_CHECKED_OAI_PENDING,NO,R3,ACCURATE_OR_COMPATIBLE,,,NO_MATERIAL_CONFLICT_OBSERVED,,,MATCH,NO_CONFLICT_OBSERVED,,,NO_MISSING_PRIMARY_MANIFESTATION_OBSERVED,DATE_ROLE_COLLAPSE_SUSPECTED,CURRENT_OR_NOT_APPLICABLE,FRONTMATTER_AND_IDENTITY_READ,Internal title/subject and front-matter identity agree with registry claim.,055429ac82edc967f09c4640ffd0b049cff78e6e,2026-07-31,,"Expose the audit capsule in dc:description; map type, creator roles, versions, relations, and manifestations explicitly. Individual OAI record parity remains pending for this batch.",NOT_YET_AUDITED,PRIOR_BATCH_ROW,[],
525,AXN:015F,The Layer That Wrote Your Mirrors,The Layer That Wrote Your Mirrors,INLINE_TEXT,CONFIRMED_MATCH,COMPLETE_AS_DEPOSITED,NO_KNOWN_CONFLICT,NO_LIFECYCLE_DEFECT_OBSERVED,OK,"Frozen registry chunk 7 at 055429ac82edc967f09c4640ffd0b049cff78e6e; canonical body data/texts/AXN-015F-text.md; title, byline, object declaration, genre/version front matter, and substantive opening inspected",No identity or restoration defect found in this first semantic pass. Retain and proceed to projection-parity and source/manifestation checks.,REGISTRY_BODY_PARITY_CHECKED_OAI_PENDING,NO,R3,ACCURATE_OR_COMPATIBLE,,,NO_MATERIAL_CONFLICT_OBSERVED,,,MATCH,NO_CONFLICT_OBSERVED,,,NO_MISSING_PRIMARY_MANIFESTATION_OBSERVED,NO_MATERIAL_DATE_CONFLICT_OBSERVED,CURRENT_OR_NOT_APPLICABLE,FRONTMATTER_AND_IDENTITY_READ,Internal title/subject and front-matter identity agree with registry claim.,055429ac82edc967f09c4640ffd0b049cff78e6e,2026-07-31,,"Expose the audit capsule in dc:description; map type, creator roles, versions, relations, and manifestations explicitly. Individual OAI record parity remains pending for this batch.",NOT_YET_AUDITED,PRIOR_BATCH_ROW,[],
526,AXN:0160,Provenance Gravity Markers,Provenance Gravity Markers,INLINE_TEXT,CONFIRMED_MATCH,COMPLETE_AS_DEPOSITED,NO_KNOWN_CONFLICT,NO_LIFECYCLE_DEFECT_OBSERVED,OK,"Frozen registry chunk 7 at 055429ac82edc967f09c4640ffd0b049cff78e6e; canonical body data/texts/AXN-0160-text.md; title, byline, object declaration, genre/version front matter, and substantive opening inspected",No identity or restoration defect found in this first semantic pass. Retain and proceed to projection-parity and source/manifestation checks.,REGISTRY_BODY_PARITY_CHECKED_OAI_PENDING,NO,R3,ACCURATE_OR_COMPATIBLE,,,NO_MATERIAL_CONFLICT_OBSERVED,,,MATCH,NO_CONFLICT_OBSERVED,,,NO_MISSING_PRIMARY_MANIFESTATION_OBSERVED,NO_MATERIAL_DATE_CONFLICT_OBSERVED,CURRENT_OR_NOT_APPLICABLE,FRONTMATTER_AND_IDENTITY_READ,Internal title/subject and front-matter identity agree with registry claim.,055429ac82edc967f09c4640ffd0b049cff78e6e,2026-07-31,,"Expose the audit capsule in dc:description; map type, creator roles, versions, relations, and manifestations explicitly. Individual OAI record parity remains pending for this batch.",NOT_YET_AUDITED,PRIOR_BATCH_ROW,[],
527,AXN:0161,Protocol B711 Alpha Centauri,Protocol B711 Alpha Centauri,INLINE_TEXT,CONFIRMED_MATCH,COMPLETE_AS_DEPOSITED,NO_KNOWN_CONFLICT,NO_LIFECYCLE_DEFECT_OBSERVED,OK,"Frozen registry chunk 7 at 055429ac82edc967f09c4640ffd0b049cff78e6e; canonical body data/texts/AXN-0161-text.md; title, byline, object declaration, genre/version front matter, and substantive opening inspected",No identity or restoration defect found in this first semantic pass. Retain and proceed to projection-parity and source/manifestation checks.,REGISTRY_BODY_PARITY_CHECKED_OAI_PENDING,NO,R3,ACCURATE_OR_COMPATIBLE,,,NO_MATERIAL_CONFLICT_OBSERVED,,,MATCH,NO_CONFLICT_OBSERVED,,,NO_MISSING_PRIMARY_MANIFESTATION_OBSERVED,NO_MATERIAL_DATE_CONFLICT_OBSERVED,CURRENT_OR_NOT_APPLICABLE,FRONTMATTER_AND_IDENTITY_READ,Internal title/subject and front-matter identity agree with registry claim.,055429ac82edc967f09c4640ffd0b049cff78e6e,2026-07-31,,"Expose the audit capsule in dc:description; map type, creator roles, versions, relations, and manifestations explicitly. Individual OAI record parity remains pending for this batch.",NOT_YET_AUDITED,PRIOR_BATCH_ROW,[],
528,AXN:0162,The Baal Effigy as Effective Act,The Baal Effigy as Effective Act,INLINE_TEXT,CONFIRMED_MATCH,COMPLETE_AS_DEPOSITED,SUSPECTED,NO_LIFECYCLE_DEFECT_OBSERVED,P3,"Frozen registry chunk 7 at 055429ac82edc967f09c4640ffd0b049cff78e6e; canonical body data/texts/AXN-0162-text.md; title, byline, object declaration, genre/version front matter, and substantive opening inspected","Split the generic date into composition/creation, first publication, deposit, and modification dates rather than silently choosing one.",REGISTRY_BODY_PARITY_CHECKED_OAI_PENDING,NO,R3,ACCURATE_OR_COMPATIBLE,,,NO_MATERIAL_CONFLICT_OBSERVED,,,MATCH,NO_CONFLICT_OBSERVED,,,NO_MISSING_PRIMARY_MANIFESTATION_OBSERVED,DATE_ROLE_COLLAPSE_SUSPECTED,CURRENT_OR_NOT_APPLICABLE,FRONTMATTER_AND_IDENTITY_READ,Internal title/subject and front-matter identity agree with registry claim.,055429ac82edc967f09c4640ffd0b049cff78e6e,2026-07-31,,"Expose the audit capsule in dc:description; map type, creator roles, versions, relations, and manifestations explicitly. Individual OAI record parity remains pending for this batch.",NOT_YET_AUDITED,PRIOR_BATCH_ROW,[],
529,AXN:0164,The Heartbeat Governs,The Heartbeat Governs,INLINE_TEXT,CONFIRMED_MATCH,COMPLETE_AS_DEPOSITED,NO_KNOWN_CONFLICT,NO_LIFECYCLE_DEFECT_OBSERVED,OK,"Frozen registry chunk 7 at 055429ac82edc967f09c4640ffd0b049cff78e6e; canonical body data/texts/AXN-0164-text.md; title, byline, object declaration, genre/version front matter, and substantive opening inspected",No identity or restoration defect found in this first semantic pass. Retain and proceed to projection-parity and source/manifestation checks.,REGISTRY_BODY_PARITY_CHECKED_OAI_PENDING,NO,R3,ACCURATE_OR_COMPATIBLE,,,NO_MATERIAL_CONFLICT_OBSERVED,,,MATCH,NO_CONFLICT_OBSERVED,,,NO_MISSING_PRIMARY_MANIFESTATION_OBSERVED,NO_MATERIAL_DATE_CONFLICT_OBSERVED,CURRENT_OR_NOT_APPLICABLE,FRONTMATTER_AND_IDENTITY_READ,Internal title/subject and front-matter identity agree with registry claim.,055429ac82edc967f09c4640ffd0b049cff78e6e,2026-07-31,,"Expose the audit capsule in dc:description; map type, creator roles, versions, relations, and manifestations explicitly. Individual OAI record parity remains pending for this batch.",NOT_YET_AUDITED,PRIOR_BATCH_ROW,[],
530,AXN:0165,The Encoder Governs,The Encoder Governs,INLINE_TEXT,CONFIRMED_MATCH,COMPLETE_AS_DEPOSITED,DECLARED_BY_AUDIT_UNRESOLVED,NO_LIFECYCLE_DEFECT_OBSERVED,P2,"Frozen registry chunk 7 at 055429ac82edc967f09c4640ffd0b049cff78e6e; canonical body data/texts/AXN-0165-text.md; title, byline, object declaration, genre/version front matter, and substantive opening inspected",Replace or qualify content_type: `Creative work (poetry)` → `Scholarly diagnostic / theoretical paper`; retain the former value in the modification history.,REGISTRY_BODY_PARITY_CHECKED_OAI_PENDING,CONDITIONAL,R2,CONFLICT,Creative work (poetry),Scholarly diagnostic / theoretical paper,NO_MATERIAL_CONFLICT_OBSERVED,,,MATCH,NO_CONFLICT_OBSERVED,,,NO_MISSING_PRIMARY_MANIFESTATION_OBSERVED,NO_MATERIAL_DATE_CONFLICT_OBSERVED,CURRENT_OR_NOT_APPLICABLE,FRONTMATTER_AND_IDENTITY_READ,Internal title/subject and front-matter identity agree with registry claim.,055429ac82edc967f09c4640ffd0b049cff78e6e,2026-07-31,Material metadata or relation conflict must be corrected or explicitly declared before unqualified harvest.,"Expose the audit capsule in dc:description; map type, creator roles, versions, relations, and manifestations explicitly. Individual OAI record parity remains pending for this batch.",NOT_YET_AUDITED,PRIOR_BATCH_ROW,[],
531,AXN:0166,On the Debt/Creditor Inversion,On the Debt/Creditor Inversion,INLINE_TEXT,CONFIRMED_MATCH,COMPLETE_AS_DEPOSITED,NO_KNOWN_CONFLICT,NO_LIFECYCLE_DEFECT_OBSERVED,OK,"Frozen registry chunk 7 at 055429ac82edc967f09c4640ffd0b049cff78e6e; canonical body data/texts/AXN-0166-text.md; title, byline, object declaration, genre/version front matter, and substantive opening inspected",No identity or restoration defect found in this first semantic pass. Retain and proceed to projection-parity and source/manifestation checks.,REGISTRY_BODY_PARITY_CHECKED_OAI_PENDING,NO,R3,ACCURATE_OR_COMPATIBLE,,,NO_MATERIAL_CONFLICT_OBSERVED,,,MATCH,NO_CONFLICT_OBSERVED,,,NO_MISSING_PRIMARY_MANIFESTATION_OBSERVED,NO_MATERIAL_DATE_CONFLICT_OBSERVED,CURRENT_OR_NOT_APPLICABLE,FRONTMATTER_AND_IDENTITY_READ,Internal title/subject and front-matter identity agree with registry claim.,055429ac82edc967f09c4640ffd0b049cff78e6e,2026-07-31,,"Expose the audit capsule in dc:description; map type, creator roles, versions, relations, and manifestations explicitly. Individual OAI record parity remains pending for this batch.",NOT_YET_AUDITED,PRIOR_BATCH_ROW,[],
532,AXN:0167,Magic as Symbolic Engineering,Magic as Symbolic Engineering,INLINE_TEXT,CONFIRMED_MATCH,COMPLETE_AS_DEPOSITED,DECLARED_BY_AUDIT_UNRESOLVED,NO_LIFECYCLE_DEFECT_OBSERVED,P2,"Frozen registry chunk 7 at 055429ac82edc967f09c4640ffd0b049cff78e6e; canonical body data/texts/AXN-0167-text.md; title, byline, object declaration, genre/version front matter, and substantive opening inspected","Model creator, heteronymic author, editor/operator, and machine/Assembly contributor as separate roles; do not flatten the body byline into one creator string.",REGISTRY_BODY_PARITY_CHECKED_OAI_PENDING,CONDITIONAL,R2,ACCURATE_OR_COMPATIBLE,,,BYLINE_CONFLICT_OR_ROLE_COLLAPSE,Lee Sharks,Johannes Sigil,MATCH,NO_CONFLICT_OBSERVED,,,NO_MISSING_PRIMARY_MANIFESTATION_OBSERVED,NO_MATERIAL_DATE_CONFLICT_OBSERVED,CURRENT_OR_NOT_APPLICABLE,FRONTMATTER_AND_IDENTITY_READ,Internal title/subject and front-matter identity agree with registry claim.,055429ac82edc967f09c4640ffd0b049cff78e6e,2026-07-31,Material metadata or relation conflict must be corrected or explicitly declared before unqualified harvest.,"Expose the audit capsule in dc:description; map type, creator roles, versions, relations, and manifestations explicitly. Individual OAI record parity remains pending for this batch.",NOT_YET_AUDITED,PRIOR_BATCH_ROW,[],
533,AXN:0168,The Groundskeeper's Treatise,The Groundskeeper's Treatise,INLINE_TEXT,CONFIRMED_MATCH,COMPLETE_AS_DEPOSITED,NO_KNOWN_CONFLICT,NO_LIFECYCLE_DEFECT_OBSERVED,OK,"Frozen registry chunk 7 at 055429ac82edc967f09c4640ffd0b049cff78e6e; canonical body data/texts/AXN-0168-text.md; title, byline, object declaration, genre/version front matter, and substantive opening inspected",No identity or restoration defect found in this first semantic pass. Retain and proceed to projection-parity and source/manifestation checks.,REGISTRY_BODY_PARITY_CHECKED_OAI_PENDING,NO,R3,ACCURATE_OR_COMPATIBLE,,,NO_MATERIAL_CONFLICT_OBSERVED,,,MATCH,NO_CONFLICT_OBSERVED,,,NO_MISSING_PRIMARY_MANIFESTATION_OBSERVED,NO_MATERIAL_DATE_CONFLICT_OBSERVED,CURRENT_OR_NOT_APPLICABLE,FRONTMATTER_AND_IDENTITY_READ,Internal title/subject and front-matter identity agree with registry claim.,055429ac82edc967f09c4640ffd0b049cff78e6e,2026-07-31,,"Expose the audit capsule in dc:description; map type, creator roles, versions, relations, and manifestations explicitly. Individual OAI record parity remains pending for this batch.",NOT_YET_AUDITED,PRIOR_BATCH_ROW,[],
534,AXN:0169,The Inner Artifact,The Inner Artifact,INLINE_TEXT,CONFIRMED_MATCH,COMPLETE_AS_DEPOSITED,DECLARED_BY_AUDIT_UNRESOLVED,NO_LIFECYCLE_DEFECT_OBSERVED,P2,"Frozen registry chunk 7 at 055429ac82edc967f09c4640ffd0b049cff78e6e; canonical body data/texts/AXN-0169-text.md; title, byline, object declaration, genre/version front matter, and substantive opening inspected",Replace or qualify content_type: `Specification` → `Theoretical paper / literary-platform analysis`; retain the former value in the modification history.,REGISTRY_BODY_PARITY_CHECKED_OAI_PENDING,CONDITIONAL,R2,CONFLICT,Specification,Theoretical paper / literary-platform analysis,NO_MATERIAL_CONFLICT_OBSERVED,,,MATCH,NO_CONFLICT_OBSERVED,,,NO_MISSING_PRIMARY_MANIFESTATION_OBSERVED,NO_MATERIAL_DATE_CONFLICT_OBSERVED,CURRENT_OR_NOT_APPLICABLE,FRONTMATTER_AND_IDENTITY_READ,Internal title/subject and front-matter identity agree with registry claim.,055429ac82edc967f09c4640ffd0b049cff78e6e,2026-07-31,Material metadata or relation conflict must be corrected or explicitly declared before unqualified harvest.,"Expose the audit capsule in dc:description; map type, creator roles, versions, relations, and manifestations explicitly. Individual OAI record parity remains pending for this batch.",NOT_YET_AUDITED,PRIOR_BATCH_ROW,[],
535,AXN:016A,The Unclean Bill,The Unclean Bill,INLINE_TEXT,CONFIRMED_MATCH,COMPLETE_AS_DEPOSITED,NO_KNOWN_CONFLICT,NO_LIFECYCLE_DEFECT_OBSERVED,OK,"Frozen registry chunk 7 at 055429ac82edc967f09c4640ffd0b049cff78e6e; canonical body data/texts/AXN-016A-text.md; title, byline, object declaration, genre/version front matter, and substantive opening inspected",No identity or restoration defect found in this first semantic pass. Retain and proceed to projection-parity and source/manifestation checks.,REGISTRY_BODY_PARITY_CHECKED_OAI_PENDING,NO,R3,ACCURATE_OR_COMPATIBLE,,,NO_MATERIAL_CONFLICT_OBSERVED,,,MATCH,NO_CONFLICT_OBSERVED,,,NO_MISSING_PRIMARY_MANIFESTATION_OBSERVED,NO_MATERIAL_DATE_CONFLICT_OBSERVED,CURRENT_OR_NOT_APPLICABLE,FRONTMATTER_AND_IDENTITY_READ,Internal title/subject and front-matter identity agree with registry claim.,055429ac82edc967f09c4640ffd0b049cff78e6e,2026-07-31,,"Expose the audit capsule in dc:description; map type, creator roles, versions, relations, and manifestations explicitly. Individual OAI record parity remains pending for this batch.",NOT_YET_AUDITED,PRIOR_BATCH_ROW,[],
536,AXN:016B,Integrity Lock Certificate: The Star Triptych,Integrity Lock Certificate: The Star Triptych,INLINE_TEXT,CONFIRMED_MATCH,COMPLETE_AS_DEPOSITED,SUSPECTED,NO_LIFECYCLE_DEFECT_OBSERVED,P3,"Frozen registry chunk 7 at 055429ac82edc967f09c4640ffd0b049cff78e6e; canonical body data/texts/AXN-016B-text.md; title, byline, object declaration, genre/version front matter, and substantive opening inspected","Split the generic date into composition/creation, first publication, deposit, and modification dates rather than silently choosing one.",REGISTRY_BODY_PARITY_CHECKED_OAI_PENDING,NO,R3,ACCURATE_OR_COMPATIBLE,,,NO_MATERIAL_CONFLICT_OBSERVED,,,MATCH,NO_CONFLICT_OBSERVED,,,NO_MISSING_PRIMARY_MANIFESTATION_OBSERVED,DATE_ROLE_COLLAPSE_SUSPECTED,CURRENT_OR_NOT_APPLICABLE,FRONTMATTER_AND_IDENTITY_READ,Internal title/subject and front-matter identity agree with registry claim.,055429ac82edc967f09c4640ffd0b049cff78e6e,2026-07-31,,"Expose the audit capsule in dc:description; map type, creator roles, versions, relations, and manifestations explicitly. Individual OAI record parity remains pending for this batch.",NOT_YET_AUDITED,PRIOR_BATCH_ROW,[],
537,AXN:016C,Star Protocol Specification,Star Protocol Specification,INLINE_TEXT,CONFIRMED_MATCH,COMPLETE_AS_DEPOSITED,SUSPECTED,NO_LIFECYCLE_DEFECT_OBSERVED,P3,"Frozen registry chunk 7 at 055429ac82edc967f09c4640ffd0b049cff78e6e; canonical body data/texts/AXN-016C-text.md; title, byline, object declaration, genre/version front matter, and substantive opening inspected","Split the generic date into composition/creation, first publication, deposit, and modification dates rather than silently choosing one.",REGISTRY_BODY_PARITY_CHECKED_OAI_PENDING,NO,R3,ACCURATE_OR_COMPATIBLE,,,NO_MATERIAL_CONFLICT_OBSERVED,,,MATCH,NO_CONFLICT_OBSERVED,,,NO_MISSING_PRIMARY_MANIFESTATION_OBSERVED,DATE_ROLE_COLLAPSE_SUSPECTED,CURRENT_OR_NOT_APPLICABLE,FRONTMATTER_AND_IDENTITY_READ,Internal title/subject and front-matter identity agree with registry claim.,055429ac82edc967f09c4640ffd0b049cff78e6e,2026-07-31,,"Expose the audit capsule in dc:description; map type, creator roles, versions, relations, and manifestations explicitly. Individual OAI record parity remains pending for this batch.",NOT_YET_AUDITED,PRIOR_BATCH_ROW,[],
538,AXN:016D,★,★,INLINE_TEXT,CONFIRMED_MATCH,COMPLETE_AS_DEPOSITED,SUSPECTED,NO_LIFECYCLE_DEFECT_OBSERVED,P3,"Frozen registry chunk 7 at 055429ac82edc967f09c4640ffd0b049cff78e6e; canonical body data/texts/AXN-016D-text.md; title, byline, object declaration, genre/version front matter, and substantive opening inspected","Split the generic date into composition/creation, first publication, deposit, and modification dates rather than silently choosing one.",REGISTRY_BODY_PARITY_CHECKED_OAI_PENDING,NO,R3,ACCURATE_OR_COMPATIBLE,,,NO_MATERIAL_CONFLICT_OBSERVED,,,MATCH,NO_CONFLICT_OBSERVED,,,NO_MISSING_PRIMARY_MANIFESTATION_OBSERVED,DATE_ROLE_COLLAPSE_SUSPECTED,CURRENT_OR_NOT_APPLICABLE,FRONTMATTER_AND_IDENTITY_READ,Internal title/subject and front-matter identity agree with registry claim.,055429ac82edc967f09c4640ffd0b049cff78e6e,2026-07-31,,"Expose the audit capsule in dc:description; map type, creator roles, versions, relations, and manifestations explicitly. Individual OAI record parity remains pending for this batch.",NOT_YET_AUDITED,PRIOR_BATCH_ROW,[],
539,AXN:016F,The O'Keeffe Problem: Captioning as Operative Semiotics,The O'Keeffe Problem: Captioning as Operative Semiotics,COMPOSITE,CONFIRMED_MATCH,COMPLETE_AS_DEPOSITED,SUSPECTED,NO_LIFECYCLE_DEFECT_OBSERVED,P3,"Frozen registry chunk 7 at 055429ac82edc967f09c4640ffd0b049cff78e6e; canonical body data/texts/AXN-016F-text.md; title, byline, object declaration, genre/version front matter, and substantive opening inspected","Add a manifestation inventory with role, media type, URL/path, availability, and checksum; preserve external images locally where lawful and feasible.",REGISTRY_BODY_PARITY_CHECKED_OAI_PENDING,NO,R3,ACCURATE_OR_COMPATIBLE,,,NO_MATERIAL_CONFLICT_OBSERVED,,,MATCH,NO_CONFLICT_OBSERVED,,,REFERENCED_NOT_INDEPENDENTLY_VERIFIED,NO_MATERIAL_DATE_CONFLICT_OBSERVED,CURRENT_OR_NOT_APPLICABLE,FRONTMATTER_AND_IDENTITY_READ,Internal title/subject and front-matter identity agree with registry claim.,055429ac82edc967f09c4640ffd0b049cff78e6e,2026-07-31,,"Expose the audit capsule in dc:description; map type, creator roles, versions, relations, and manifestations explicitly. Individual OAI record parity remains pending for this batch.",NOT_YET_AUDITED,PRIOR_BATCH_ROW,[],
540,AXN:0171,The Lunar Arm,The Lunar Arm,INLINE_TEXT,CONFIRMED_MATCH,COMPLETE_AS_DEPOSITED,NO_KNOWN_CONFLICT,NO_LIFECYCLE_DEFECT_OBSERVED,OK,"Frozen registry chunk 7 at 055429ac82edc967f09c4640ffd0b049cff78e6e; canonical body data/texts/AXN-0171-text.md; title, byline, object declaration, genre/version front matter, and substantive opening inspected",No identity or restoration defect found in this first semantic pass. Retain and proceed to projection-parity and source/manifestation checks.,REGISTRY_BODY_PARITY_CHECKED_OAI_PENDING,NO,R3,ACCURATE_OR_COMPATIBLE,,,NO_MATERIAL_CONFLICT_OBSERVED,,,MATCH,NO_CONFLICT_OBSERVED,,,NO_MISSING_PRIMARY_MANIFESTATION_OBSERVED,NO_MATERIAL_DATE_CONFLICT_OBSERVED,CURRENT_OR_NOT_APPLICABLE,FRONTMATTER_AND_IDENTITY_READ,Internal title/subject and front-matter identity agree with registry claim.,055429ac82edc967f09c4640ffd0b049cff78e6e,2026-07-31,,"Expose the audit capsule in dc:description; map type, creator roles, versions, relations, and manifestations explicitly. Individual OAI record parity remains pending for this batch.",NOT_YET_AUDITED,PRIOR_BATCH_ROW,[],
541,AXN:0172,EA-ARK-EMOJI-01: Glyphic Checksum / Emoji Transform,EA-ARK-EMOJI-01: Glyphic Checksum / Emoji Transform,INLINE_TEXT,CONFIRMED_MATCH,COMPLETE_AS_DEPOSITED,DECLARED_BY_AUDIT_UNRESOLVED,NO_LIFECYCLE_DEFECT_OBSERVED,P2,"Frozen registry chunk 7 at 055429ac82edc967f09c4640ffd0b049cff78e6e; canonical body data/texts/AXN-0172-text.md; title, byline, object declaration, genre/version front matter, and substantive opening inspected","Replace or qualify content_type: `Dataset` → `Strategy and work plan / specification`; retain the former value in the modification history. Model creator, heteronymic author, editor/operator, and machine/Assembly contributor as separate roles; do not flatten the body byline into one creator string.",REGISTRY_BODY_PARITY_CHECKED_OAI_PENDING,CONDITIONAL,R2,CONFLICT,Dataset,Strategy and work plan / specification,BYLINE_CONFLICT_OR_ROLE_COLLAPSE,TACHYON (Claude/Anthropic),Lee Sharks / Assembly Chorus,MATCH,NO_CONFLICT_OBSERVED,,,NO_MISSING_PRIMARY_MANIFESTATION_OBSERVED,NO_MATERIAL_DATE_CONFLICT_OBSERVED,CURRENT_OR_NOT_APPLICABLE,FRONTMATTER_AND_IDENTITY_READ,Internal title/subject and front-matter identity agree with registry claim.,055429ac82edc967f09c4640ffd0b049cff78e6e,2026-07-31,Material metadata or relation conflict must be corrected or explicitly declared before unqualified harvest.,"Expose the audit capsule in dc:description; map type, creator roles, versions, relations, and manifestations explicitly. Individual OAI record parity remains pending for this batch.",NOT_YET_AUDITED,PRIOR_BATCH_ROW,[],
542,AXN:0173,Total Axial Negation Graph (TANG),Total Axial Negation Graph (TANG),INLINE_TEXT,CONFIRMED_MATCH,COMPLETE_AS_DEPOSITED,NO_KNOWN_CONFLICT,NO_LIFECYCLE_DEFECT_OBSERVED,OK,"Frozen registry chunk 7 at 055429ac82edc967f09c4640ffd0b049cff78e6e; canonical body data/texts/AXN-0173-text.md; title, byline, object declaration, genre/version front matter, and substantive opening inspected",No identity or restoration defect found in this first semantic pass. Retain and proceed to projection-parity and source/manifestation checks.,REGISTRY_BODY_PARITY_CHECKED_OAI_PENDING,NO,R3,ACCURATE_OR_COMPATIBLE,,,NO_MATERIAL_CONFLICT_OBSERVED,,,MATCH,NO_CONFLICT_OBSERVED,,,NO_MISSING_PRIMARY_MANIFESTATION_OBSERVED,NO_MATERIAL_DATE_CONFLICT_OBSERVED,CURRENT_OR_NOT_APPLICABLE,FRONTMATTER_AND_IDENTITY_READ,Internal title/subject and front-matter identity agree with registry claim.,055429ac82edc967f09c4640ffd0b049cff78e6e,2026-07-31,,"Expose the audit capsule in dc:description; map type, creator roles, versions, relations, and manifestations explicitly. Individual OAI record parity remains pending for this batch.",NOT_YET_AUDITED,PRIOR_BATCH_ROW,[],
543,AXN:0174,HEXAGONAL LEXICAL ENGINE v1.2 Core 50 · Discovery Lattice · Deployment Map · Governing Laws — Crimson Hexagon Archive,Hexagonal Lexical Engine v1.1,INLINE_TEXT,WRONG_VERSION,MIS_SEATED_PRIMARY_OBJECT,DECLARED_BY_AUDIT_UNRESOLVED,VERIFY_CURRENT_STANDING,P0,"Frozen registry chunk 7 at 055429ac82edc967f09c4640ffd0b049cff78e6e; canonical body data/texts/AXN-0174-text.md; title, byline, object declaration, genre/version front matter, and substantive opening inspected; registry title declares Hexagonal Lexical Engine v1.2; body declares v1.1",Quarantine as v1.2. Either recover the actual v1.2 bytes or retitle/re-identify this record as v1.1; preserve the current bytes as audit evidence.,REGISTRY_BODY_PARITY_CHECKED_OAI_PENDING,YES,R0,ACCURATE_OR_COMPATIBLE,,,NO_MATERIAL_CONFLICT_OBSERVED,,,TITLE_BODY_VERSION_CONFLICT,TITLE_BODY_VERSION_CONFLICT,v1.2,v1.1,NO_MISSING_PRIMARY_MANIFESTATION_OBSERVED,NO_MATERIAL_DATE_CONFLICT_OBSERVED,CURRENT_OR_NOT_APPLICABLE,FRONTMATTER_AND_IDENTITY_READ,Internal version declaration conflicts with the version asserted by the registry title.,055429ac82edc967f09c4640ffd0b049cff78e6e,2026-07-31,Identifier currently claims v1.2 while serving a body that declares v1.1.,"Expose the audit capsule in dc:description; map type, creator roles, versions, relations, and manifestations explicitly. Individual OAI record parity remains pending for this batch.",NOT_YET_AUDITED,PRIOR_BATCH_ROW,[],
544,AXN:0175,Section XXV: Kernel Transform Registry,Section XXV: Kernel Transform Registry,INLINE_TEXT,CONFIRMED_MATCH,COMPLETE_AS_DEPOSITED,SUSPECTED,NO_LIFECYCLE_DEFECT_OBSERVED,P3,"Frozen registry chunk 7 at 055429ac82edc967f09c4640ffd0b049cff78e6e; canonical body data/texts/AXN-0175-text.md; title, byline, object declaration, genre/version front matter, and substantive opening inspected",Use 'normative registry/specification' in addition to any dataset designation.,REGISTRY_BODY_PARITY_CHECKED_OAI_PENDING,NO,R3,TOO_GENERIC,,,NO_MATERIAL_CONFLICT_OBSERVED,,,MATCH,NO_CONFLICT_OBSERVED,,,NO_MISSING_PRIMARY_MANIFESTATION_OBSERVED,NO_MATERIAL_DATE_CONFLICT_OBSERVED,CURRENT_OR_NOT_APPLICABLE,FRONTMATTER_AND_IDENTITY_READ,Internal title/subject and front-matter identity agree with registry claim.,055429ac82edc967f09c4640ffd0b049cff78e6e,2026-07-31,,"Expose the audit capsule in dc:description; map type, creator roles, versions, relations, and manifestations explicitly. Individual OAI record parity remains pending for this batch.",NOT_YET_AUDITED,PRIOR_BATCH_ROW,[],
545,AXN:0176,The Sacred and the Profane,The Sacred and the Profane,INLINE_TEXT,CONFIRMED_MATCH,COMPLETE_AS_DEPOSITED,NO_KNOWN_CONFLICT,NO_LIFECYCLE_DEFECT_OBSERVED,OK,"Frozen registry chunk 7 at 055429ac82edc967f09c4640ffd0b049cff78e6e; canonical body data/texts/AXN-0176-text.md; title, byline, object declaration, genre/version front matter, and substantive opening inspected",No identity or restoration defect found in this first semantic pass. Retain and proceed to projection-parity and source/manifestation checks.,REGISTRY_BODY_PARITY_CHECKED_OAI_PENDING,NO,R3,ACCURATE_OR_COMPATIBLE,,,NO_MATERIAL_CONFLICT_OBSERVED,,,MATCH,NO_CONFLICT_OBSERVED,,,NO_MISSING_PRIMARY_MANIFESTATION_OBSERVED,NO_MATERIAL_DATE_CONFLICT_OBSERVED,CURRENT_OR_NOT_APPLICABLE,FRONTMATTER_AND_IDENTITY_READ,Internal title/subject and front-matter identity agree with registry claim.,055429ac82edc967f09c4640ffd0b049cff78e6e,2026-07-31,,"Expose the audit capsule in dc:description; map type, creator roles, versions, relations, and manifestations explicitly. Individual OAI record parity remains pending for this batch.",NOT_YET_AUDITED,PRIOR_BATCH_ROW,[],
546,AXN:0177,The Sh*t: The Accumulative Profane Encoding,The Sh*t: The Accumulative Profane Encoding,INLINE_TEXT_FORMAL_ARTIFACT,CONFIRMED_MATCH,COMPLETE_AS_DEPOSITED,SUSPECTED,NO_LIFECYCLE_DEFECT_OBSERVED,P3,"Frozen registry chunk 7 at 055429ac82edc967f09c4640ffd0b049cff78e6e; canonical body data/texts/AXN-0177-text.md; title, byline, object declaration, genre/version front matter, and substantive opening inspected","Model as executable formal language/specification with text-art manifestation, not dataset alone.",REGISTRY_BODY_PARITY_CHECKED_OAI_PENDING,NO,R3,HYBRID_UNDERDESCRIBED,,,NO_MATERIAL_CONFLICT_OBSERVED,,,MATCH,NO_CONFLICT_OBSERVED,,,NO_MISSING_PRIMARY_MANIFESTATION_OBSERVED,NO_MATERIAL_DATE_CONFLICT_OBSERVED,CURRENT_OR_NOT_APPLICABLE,FRONTMATTER_AND_IDENTITY_READ,Internal title/subject and front-matter identity agree with registry claim.,055429ac82edc967f09c4640ffd0b049cff78e6e,2026-07-31,,"Expose the audit capsule in dc:description; map type, creator roles, versions, relations, and manifestations explicitly. Individual OAI record parity remains pending for this batch.",NOT_YET_AUDITED,PRIOR_BATCH_ROW,[],
547,AXN:0178,Universal Kernel Transform Protocol (UKTP),Universal Kernel Transform Protocol (UKTP),INLINE_TEXT,CONFIRMED_MATCH,COMPLETE_AS_DEPOSITED,NO_KNOWN_CONFLICT,NO_LIFECYCLE_DEFECT_OBSERVED,OK,"Frozen registry chunk 7 at 055429ac82edc967f09c4640ffd0b049cff78e6e; canonical body data/texts/AXN-0178-text.md; title, byline, object declaration, genre/version front matter, and substantive opening inspected",No identity or restoration defect found in this first semantic pass. Retain and proceed to projection-parity and source/manifestation checks.,REGISTRY_BODY_PARITY_CHECKED_OAI_PENDING,NO,R3,ACCURATE_OR_COMPATIBLE,,,NO_MATERIAL_CONFLICT_OBSERVED,,,MATCH,NO_CONFLICT_OBSERVED,,,NO_MISSING_PRIMARY_MANIFESTATION_OBSERVED,NO_MATERIAL_DATE_CONFLICT_OBSERVED,CURRENT_OR_NOT_APPLICABLE,FRONTMATTER_AND_IDENTITY_READ,Internal title/subject and front-matter identity agree with registry claim.,055429ac82edc967f09c4640ffd0b049cff78e6e,2026-07-31,,"Expose the audit capsule in dc:description; map type, creator roles, versions, relations, and manifestations explicitly. Individual OAI record parity remains pending for this batch.",NOT_YET_AUDITED,PRIOR_BATCH_ROW,[],
548,AXN:0179,EA-ARK-01 v4.2.5 — ASCII Spatial Transform,EA-ARK-01 v4.2.5 — ASCII Spatial Transform,INLINE_TEXT_FORMAL_ARTIFACT,CONFIRMED_MATCH,COMPLETE_AS_DEPOSITED,SUSPECTED,NO_LIFECYCLE_DEFECT_OBSERVED,P3,"Frozen registry chunk 7 at 055429ac82edc967f09c4640ffd0b049cff78e6e; canonical body data/texts/AXN-0179-text.md; title, byline, object declaration, genre/version front matter, and substantive opening inspected","Model as an ASCII/formal spatial artifact with text/plain manifestation, not dataset alone.",REGISTRY_BODY_PARITY_CHECKED_OAI_PENDING,NO,R3,HYBRID_UNDERDESCRIBED,,,NO_MATERIAL_CONFLICT_OBSERVED,,,MATCH,NO_CONFLICT_OBSERVED,,,NO_MISSING_PRIMARY_MANIFESTATION_OBSERVED,NO_MATERIAL_DATE_CONFLICT_OBSERVED,CURRENT_OR_NOT_APPLICABLE,FRONTMATTER_AND_IDENTITY_READ,Internal title/subject and front-matter identity agree with registry claim.,055429ac82edc967f09c4640ffd0b049cff78e6e,2026-07-31,,"Expose the audit capsule in dc:description; map type, creator roles, versions, relations, and manifestations explicitly. Individual OAI record parity remains pending for this batch.",NOT_YET_AUDITED,PRIOR_BATCH_ROW,[],
549,AXN:017A,🌑⬡ THE SPACE ARK What the Mathematical and Formal Symbolic Compression of the Crimson Hexagonal Architecture Hides 🌑 EA,The Space Ark — Operator // Shadow Transform,INLINE_TEXT,CONFIRMED_MATCH,COMPLETE_AS_DEPOSITED,DECLARED_BY_AUDIT_UNRESOLVED,NO_LIFECYCLE_DEFECT_OBSERVED,P2,"Frozen registry chunk 7 at 055429ac82edc967f09c4640ffd0b049cff78e6e; canonical body data/texts/AXN-017A-text.md; title, byline, object declaration, genre/version front matter, and substantive opening inspected",Publish the complete body title and retain the truncated/published variant as an alternate title with provenance.,REGISTRY_BODY_PARITY_CHECKED_OAI_PENDING,CONDITIONAL,R2,ACCURATE_OR_COMPATIBLE,,,NO_MATERIAL_CONFLICT_OBSERVED,,,CONFLICT,NO_CONFLICT_OBSERVED,,,NO_MISSING_PRIMARY_MANIFESTATION_OBSERVED,NO_MATERIAL_DATE_CONFLICT_OBSERVED,CURRENT_OR_NOT_APPLICABLE,FRONTMATTER_AND_IDENTITY_READ,Internal title/subject and front-matter identity agree with registry claim.,055429ac82edc967f09c4640ffd0b049cff78e6e,2026-07-31,Material metadata or relation conflict must be corrected or explicitly declared before unqualified harvest.,"Expose the audit capsule in dc:description; map type, creator roles, versions, relations, and manifestations explicitly. Individual OAI record parity remains pending for this batch.",NOT_YET_AUDITED,PRIOR_BATCH_ROW,[],
550,AXN:017B,Platform and AI Capitalism as Semiotic Engineering,Platform and AI Capitalism as Semiotic Engineering,INLINE_TEXT,CONFIRMED_MATCH,COMPLETE_AS_DEPOSITED,NO_KNOWN_CONFLICT,NO_LIFECYCLE_DEFECT_OBSERVED,OK,"Frozen registry chunk 7 at 055429ac82edc967f09c4640ffd0b049cff78e6e; canonical body data/texts/AXN-017B-text.md; title, byline, object declaration, genre/version front matter, and substantive opening inspected",No identity or restoration defect found in this first semantic pass. Retain and proceed to projection-parity and source/manifestation checks.,REGISTRY_BODY_PARITY_CHECKED_OAI_PENDING,NO,R3,ACCURATE_OR_COMPATIBLE,,,NO_MATERIAL_CONFLICT_OBSERVED,,,MATCH,NO_CONFLICT_OBSERVED,,,NO_MISSING_PRIMARY_MANIFESTATION_OBSERVED,NO_MATERIAL_DATE_CONFLICT_OBSERVED,CURRENT_OR_NOT_APPLICABLE,FRONTMATTER_AND_IDENTITY_READ,Internal title/subject and front-matter identity agree with registry claim.,055429ac82edc967f09c4640ffd0b049cff78e6e,2026-07-31,,"Expose the audit capsule in dc:description; map type, creator roles, versions, relations, and manifestations explicitly. Individual OAI record parity remains pending for this batch.",NOT_YET_AUDITED,PRIOR_BATCH_ROW,[],
551,AXN:017C,The Space Ark Generator,The Space Ark Generator,INLINE_TEXT,CONFIRMED_MATCH,COMPLETE_AS_DEPOSITED,DECLARED_BY_AUDIT_UNRESOLVED,NO_LIFECYCLE_DEFECT_OBSERVED,P2,"Frozen registry chunk 7 at 055429ac82edc967f09c4640ffd0b049cff78e6e; canonical body data/texts/AXN-017C-text.md; title, byline, object declaration, genre/version front matter, and substantive opening inspected",Replace or qualify content_type: `Scholarly essay` → `Normative meta-component specification`; retain the former value in the modification history.,REGISTRY_BODY_PARITY_CHECKED_OAI_PENDING,CONDITIONAL,R2,CONFLICT,Scholarly essay,Normative meta-component specification,NO_MATERIAL_CONFLICT_OBSERVED,,,MATCH,NO_CONFLICT_OBSERVED,,,NO_MISSING_PRIMARY_MANIFESTATION_OBSERVED,NO_MATERIAL_DATE_CONFLICT_OBSERVED,CURRENT_OR_NOT_APPLICABLE,FRONTMATTER_AND_IDENTITY_READ,Internal title/subject and front-matter identity agree with registry claim.,055429ac82edc967f09c4640ffd0b049cff78e6e,2026-07-31,Material metadata or relation conflict must be corrected or explicitly declared before unqualified harvest.,"Expose the audit capsule in dc:description; map type, creator roles, versions, relations, and manifestations explicitly. Individual OAI record parity remains pending for this batch.",NOT_YET_AUDITED,PRIOR_BATCH_ROW,[],
552,AXN:017D,The Generative Disciplinary Engine,The Generative Disciplinary Engine,INLINE_TEXT,CONFIRMED_MATCH,COMPLETE_AS_DEPOSITED,DECLARED_BY_AUDIT_UNRESOLVED,NO_LIFECYCLE_DEFECT_OBSERVED,P2,"Frozen registry chunk 7 at 055429ac82edc967f09c4640ffd0b049cff78e6e; canonical body data/texts/AXN-017D-text.md; title, byline, object declaration, genre/version front matter, and substantive opening inspected","Replace or qualify content_type: `Scholarly essay` → `Normative extension-module specification`; retain the former value in the modification history. Model creator, heteronymic author, editor/operator, and machine/Assembly contributor as separate roles; do not flatten the body byline into one creator string.",REGISTRY_BODY_PARITY_CHECKED_OAI_PENDING,CONDITIONAL,R2,CONFLICT,Scholarly essay,Normative extension-module specification,BYLINE_CONFLICT_OR_ROLE_COLLAPSE,TACHYON (Claude/Anthropic),Lee Sharks / Talos Morrow / Assembly Chorus,MATCH,NO_CONFLICT_OBSERVED,,,NO_MISSING_PRIMARY_MANIFESTATION_OBSERVED,NO_MATERIAL_DATE_CONFLICT_OBSERVED,CURRENT_OR_NOT_APPLICABLE,FRONTMATTER_AND_IDENTITY_READ,Internal title/subject and front-matter identity agree with registry claim.,055429ac82edc967f09c4640ffd0b049cff78e6e,2026-07-31,Material metadata or relation conflict must be corrected or explicitly declared before unqualified harvest.,"Expose the audit capsule in dc:description; map type, creator roles, versions, relations, and manifestations explicitly. Individual OAI record parity remains pending for this batch.",NOT_YET_AUDITED,PRIOR_BATCH_ROW,[],
553,AXN:017F,Retrieval Formation Theory,Retrieval Formation Theory,INLINE_TEXT,CONFIRMED_MATCH,COMPLETE_AS_DEPOSITED,NO_KNOWN_CONFLICT,NO_LIFECYCLE_DEFECT_OBSERVED,OK,"Frozen registry chunk 7 at 055429ac82edc967f09c4640ffd0b049cff78e6e; canonical body data/texts/AXN-017F-text.md; title, byline, object declaration, genre/version front matter, and substantive opening inspected",No identity or restoration defect found in this first semantic pass. Retain and proceed to projection-parity and source/manifestation checks.,REGISTRY_BODY_PARITY_CHECKED_OAI_PENDING,NO,R3,ACCURATE_OR_COMPATIBLE,,,NO_MATERIAL_CONFLICT_OBSERVED,,,MATCH,NO_CONFLICT_OBSERVED,,,NO_MISSING_PRIMARY_MANIFESTATION_OBSERVED,NO_MATERIAL_DATE_CONFLICT_OBSERVED,CURRENT_OR_NOT_APPLICABLE,FRONTMATTER_AND_IDENTITY_READ,Internal title/subject and front-matter identity agree with registry claim.,055429ac82edc967f09c4640ffd0b049cff78e6e,2026-07-31,,"Expose the audit capsule in dc:description; map type, creator roles, versions, relations, and manifestations explicitly. Individual OAI record parity remains pending for this batch.",NOT_YET_AUDITED,PRIOR_BATCH_ROW,[],
554,AXN:0180,tl;dr — Operative Philology in the Wild,tl;dr — Operative Philology in the Wild,INLINE_TEXT,CONFIRMED_MATCH,COMPLETE_AS_DEPOSITED,NO_KNOWN_CONFLICT,NO_LIFECYCLE_DEFECT_OBSERVED,OK,"Frozen registry chunk 7 at 055429ac82edc967f09c4640ffd0b049cff78e6e; canonical body data/texts/AXN-0180-text.md; title, byline, object declaration, genre/version front matter, and substantive opening inspected",No identity or restoration defect found in this first semantic pass. Retain and proceed to projection-parity and source/manifestation checks.,REGISTRY_BODY_PARITY_CHECKED_OAI_PENDING,NO,R3,ACCURATE_OR_COMPATIBLE,,,NO_MATERIAL_CONFLICT_OBSERVED,,,MATCH,NO_CONFLICT_OBSERVED,,,NO_MISSING_PRIMARY_MANIFESTATION_OBSERVED,NO_MATERIAL_DATE_CONFLICT_OBSERVED,CURRENT_OR_NOT_APPLICABLE,FRONTMATTER_AND_IDENTITY_READ,Internal title/subject and front-matter identity agree with registry claim.,055429ac82edc967f09c4640ffd0b049cff78e6e,2026-07-31,,"Expose the audit capsule in dc:description; map type, creator roles, versions, relations, and manifestations explicitly. Individual OAI record parity remains pending for this batch.",NOT_YET_AUDITED,PRIOR_BATCH_ROW,[],
555,AXN:0181,Visual Schema — Space Ark,Visual Schema — Space Ark,COMPOSITE,CONFIRMED_MATCH,COMPLETE_AS_DEPOSITED,SUSPECTED,NO_LIFECYCLE_DEFECT_OBSERVED,P3,"Frozen registry chunk 7 at 055429ac82edc967f09c4640ffd0b049cff78e6e; canonical body data/texts/AXN-0181-text.md; title, byline, object declaration, genre/version front matter, and substantive opening inspected","Add a manifestation inventory with role, media type, URL/path, availability, and checksum; preserve external images locally where lawful and feasible.",REGISTRY_BODY_PARITY_CHECKED_OAI_PENDING,NO,R3,ACCURATE_OR_COMPATIBLE,,,NO_MATERIAL_CONFLICT_OBSERVED,,,MATCH,NO_CONFLICT_OBSERVED,,,REFERENCED_NOT_INDEPENDENTLY_VERIFIED,NO_MATERIAL_DATE_CONFLICT_OBSERVED,CURRENT_OR_NOT_APPLICABLE,FRONTMATTER_AND_IDENTITY_READ,Internal title/subject and front-matter identity agree with registry claim.,055429ac82edc967f09c4640ffd0b049cff78e6e,2026-07-31,,"Expose the audit capsule in dc:description; map type, creator roles, versions, relations, and manifestations explicitly. Individual OAI record parity remains pending for this batch.",NOT_YET_AUDITED,PRIOR_BATCH_ROW,[],
556,AXN:0182,CRIMSON HEXAGON: SPACE ARK — GLYPHIC VEHICLE v1.0 CH-ARK-01-GLYPH v1.0 Full Semiotic Vehicle · Comprehensive Encoding of,Crimson Hexagon: Space Ark — Glyphic Vehicle v1.0,INLINE_TEXT_FORMAL_ARTIFACT,CONFIRMED_MATCH,COMPLETE_AS_DEPOSITED,DECLARED_BY_AUDIT_UNRESOLVED,NO_LIFECYCLE_DEFECT_OBSERVED,P2,"Frozen registry chunk 7 at 055429ac82edc967f09c4640ffd0b049cff78e6e; canonical body data/texts/AXN-0182-text.md; title, byline, object declaration, genre/version front matter, and substantive opening inspected",Publish the complete body title and retain the truncated/published variant as an alternate title with provenance.,REGISTRY_BODY_PARITY_CHECKED_OAI_PENDING,CONDITIONAL,R2,ACCURATE_OR_COMPATIBLE,,,NO_MATERIAL_CONFLICT_OBSERVED,,,CONFLICT,NO_CONFLICT_OBSERVED,,,NO_MISSING_PRIMARY_MANIFESTATION_OBSERVED,NO_MATERIAL_DATE_CONFLICT_OBSERVED,CURRENT_OR_NOT_APPLICABLE,FRONTMATTER_AND_IDENTITY_READ,Internal title/subject and front-matter identity agree with registry claim.,055429ac82edc967f09c4640ffd0b049cff78e6e,2026-07-31,Material metadata or relation conflict must be corrected or explicitly declared before unqualified harvest.,"Expose the audit capsule in dc:description; map type, creator roles, versions, relations, and manifestations explicitly. Individual OAI record parity remains pending for this batch.",NOT_YET_AUDITED,PRIOR_BATCH_ROW,[],
557,AXN:0183,CRIMSON HEXAGON: SPACE ARK — Mathematical and Formal Symbolic Compression of the Crimson Hexagonal Architecture EA-ARK-0,Crimson Hexagon: Space Ark v4.2.6,INLINE_TEXT,CONFIRMED_MATCH,COMPLETE_AS_DEPOSITED,DECLARED_BY_AUDIT_UNRESOLVED,NO_LIFECYCLE_DEFECT_OBSERVED,P2,"Frozen registry chunk 7 at 055429ac82edc967f09c4640ffd0b049cff78e6e; canonical body data/texts/AXN-0183-text.md; title, byline, object declaration, genre/version front matter, and substantive opening inspected",Publish the complete body title and retain the truncated/published variant as an alternate title with provenance.,REGISTRY_BODY_PARITY_CHECKED_OAI_PENDING,CONDITIONAL,R2,ACCURATE_OR_COMPATIBLE,,,NO_MATERIAL_CONFLICT_OBSERVED,,,CONFLICT,NO_CONFLICT_OBSERVED,,,NO_MISSING_PRIMARY_MANIFESTATION_OBSERVED,NO_MATERIAL_DATE_CONFLICT_OBSERVED,CURRENT_OR_NOT_APPLICABLE,FRONTMATTER_AND_IDENTITY_READ,Internal title/subject and front-matter identity agree with registry claim.,055429ac82edc967f09c4640ffd0b049cff78e6e,2026-07-31,Material metadata or relation conflict must be corrected or explicitly declared before unqualified harvest.,"Expose the audit capsule in dc:description; map type, creator roles, versions, relations, and manifestations explicitly. Individual OAI record parity remains pending for this batch.",NOT_YET_AUDITED,PRIOR_BATCH_ROW,[],
558,AXN:0184,The Space Ark v4.2.7,The Space Ark v4.2.7,INLINE_TEXT,CONFIRMED_MATCH,COMPLETE_AS_DEPOSITED,DECLARED_BY_AUDIT_UNRESOLVED,NO_LIFECYCLE_DEFECT_OBSERVED,P2,"Frozen registry chunk 7 at 055429ac82edc967f09c4640ffd0b049cff78e6e; canonical body data/texts/AXN-0184-text.md; title, byline, object declaration, genre/version front matter, and substantive opening inspected",Replace or qualify content_type: `Dataset` → `Executable specification / book-length semantic runtime`; retain the former value in the modification history.,REGISTRY_BODY_PARITY_CHECKED_OAI_PENDING,CONDITIONAL,R2,CONFLICT,Dataset,Executable specification / book-length semantic runtime,NO_MATERIAL_CONFLICT_OBSERVED,,,MATCH,NO_CONFLICT_OBSERVED,,,NO_MISSING_PRIMARY_MANIFESTATION_OBSERVED,NO_MATERIAL_DATE_CONFLICT_OBSERVED,CURRENT_OR_NOT_APPLICABLE,FRONTMATTER_AND_IDENTITY_READ,Internal title/subject and front-matter identity agree with registry claim.,055429ac82edc967f09c4640ffd0b049cff78e6e,2026-07-31,Material metadata or relation conflict must be corrected or explicitly declared before unqualified harvest.,"Expose the audit capsule in dc:description; map type, creator roles, versions, relations, and manifestations explicitly. Individual OAI record parity remains pending for this batch.",NOT_YET_AUDITED,PRIOR_BATCH_ROW,[],
559,AXN:0186,"TL;DR: SPACE ARK — EXECUTE MODE 👽 Demonstrated Capacities, Research Program, and Test Instructions 👽 What happens when y",Space Ark — Execute Mode,INLINE_TEXT,CONFIRMED_MATCH,COMPLETE_AS_DEPOSITED,DECLARED_BY_AUDIT_UNRESOLVED,NO_LIFECYCLE_DEFECT_OBSERVED,P2,"Frozen registry chunk 7 at 055429ac82edc967f09c4640ffd0b049cff78e6e; canonical body data/texts/AXN-0186-text.md; title, byline, object declaration, genre/version front matter, and substantive opening inspected",Replace or qualify content_type: `Creative work (poetry)` → `Technical demonstration / research program / test protocol`; retain the former value in the modification history. Publish the complete body title and retain the truncated/published variant as an alternate title with provenance.,REGISTRY_BODY_PARITY_CHECKED_OAI_PENDING,CONDITIONAL,R2,CONFLICT,Creative work (poetry),Technical demonstration / research program / test protocol,NO_MATERIAL_CONFLICT_OBSERVED,,,CONFLICT,NO_CONFLICT_OBSERVED,,,NO_MISSING_PRIMARY_MANIFESTATION_OBSERVED,NO_MATERIAL_DATE_CONFLICT_OBSERVED,CURRENT_OR_NOT_APPLICABLE,FRONTMATTER_AND_IDENTITY_READ,Internal title/subject and front-matter identity agree with registry claim.,055429ac82edc967f09c4640ffd0b049cff78e6e,2026-07-31,Material metadata or relation conflict must be corrected or explicitly declared before unqualified harvest.,"Expose the audit capsule in dc:description; map type, creator roles, versions, relations, and manifestations explicitly. Individual OAI record parity remains pending for this batch.",NOT_YET_AUDITED,PRIOR_BATCH_ROW,[],
560,AXN:0187,COUNTER-CAPTIONS κ_O (Operative Captioning) Applied to Operation Epic Fury v2.0 — Two-Tier Architecture: Operative Compr,Counter-Captions,INLINE_TEXT,CONFIRMED_MATCH,COMPLETE_AS_DEPOSITED,DECLARED_BY_AUDIT_UNRESOLVED,NO_LIFECYCLE_DEFECT_OBSERVED,P2,"Frozen registry chunk 7 at 055429ac82edc967f09c4640ffd0b049cff78e6e; canonical body data/texts/AXN-0187-text.md; title, byline, object declaration, genre/version front matter, and substantive opening inspected",Publish the complete body title and retain the truncated/published variant as an alternate title with provenance.,REGISTRY_BODY_PARITY_CHECKED_OAI_PENDING,CONDITIONAL,R2,ACCURATE_OR_COMPATIBLE,,,NO_MATERIAL_CONFLICT_OBSERVED,,,CONFLICT,NO_CONFLICT_OBSERVED,,,NO_MISSING_PRIMARY_MANIFESTATION_OBSERVED,NO_MATERIAL_DATE_CONFLICT_OBSERVED,CURRENT_OR_NOT_APPLICABLE,FRONTMATTER_AND_IDENTITY_READ,Internal title/subject and front-matter identity agree with registry claim.,055429ac82edc967f09c4640ffd0b049cff78e6e,2026-07-31,Material metadata or relation conflict must be corrected or explicitly declared before unqualified harvest.,"Expose the audit capsule in dc:description; map type, creator roles, versions, relations, and manifestations explicitly. Individual OAI record parity remains pending for this batch.",NOT_YET_AUDITED,PRIOR_BATCH_ROW,[],
561,AXN:0188,The Splice,The Splice,INLINE_TEXT,CONFIRMED_MATCH,COMPLETE_AS_DEPOSITED,NO_KNOWN_CONFLICT,NO_LIFECYCLE_DEFECT_OBSERVED,OK,"Frozen registry chunk 7 at 055429ac82edc967f09c4640ffd0b049cff78e6e; canonical body data/texts/AXN-0188-text.md; title, byline, object declaration, genre/version front matter, and substantive opening inspected",No identity or restoration defect found in this first semantic pass. Retain and proceed to projection-parity and source/manifestation checks.,REGISTRY_BODY_PARITY_CHECKED_OAI_PENDING,NO,R3,ACCURATE_OR_COMPATIBLE,,,NO_MATERIAL_CONFLICT_OBSERVED,,,MATCH,NO_CONFLICT_OBSERVED,,,NO_MISSING_PRIMARY_MANIFESTATION_OBSERVED,NO_MATERIAL_DATE_CONFLICT_OBSERVED,CURRENT_OR_NOT_APPLICABLE,FRONTMATTER_AND_IDENTITY_READ,Internal title/subject and front-matter identity agree with registry claim.,055429ac82edc967f09c4640ffd0b049cff78e6e,2026-07-31,,"Expose the audit capsule in dc:description; map type, creator roles, versions, relations, and manifestations explicitly. Individual OAI record parity remains pending for this batch.",NOT_YET_AUDITED,PRIOR_BATCH_ROW,[],
562,AXN:0189,On the Architecture of Cleis,On the Architecture of Cleis,INLINE_TEXT,CONFIRMED_MATCH,COMPLETE_AS_DEPOSITED,DECLARED_BY_AUDIT_UNRESOLVED,NO_LIFECYCLE_DEFECT_OBSERVED,P2,"Frozen registry chunk 7 at 055429ac82edc967f09c4640ffd0b049cff78e6e; canonical body data/texts/AXN-0189-text.md; title, byline, object declaration, genre/version front matter, and substantive opening inspected","Replace or qualify content_type: `Creative work (poetry)` → `Scholarly close reading / companion analysis`; retain the former value in the modification history. Model creator, heteronymic author, editor/operator, and machine/Assembly contributor as separate roles; do not flatten the body byline into one creator string.",REGISTRY_BODY_PARITY_CHECKED_OAI_PENDING,CONDITIONAL,R2,CONFLICT,Creative work (poetry),Scholarly close reading / companion analysis,BYLINE_CONFLICT_OR_ROLE_COLLAPSE,Lee Sharks,Rebekah Cranes,MATCH,NO_CONFLICT_OBSERVED,,,NO_MISSING_PRIMARY_MANIFESTATION_OBSERVED,NO_MATERIAL_DATE_CONFLICT_OBSERVED,CURRENT_OR_NOT_APPLICABLE,FRONTMATTER_AND_IDENTITY_READ,Internal title/subject and front-matter identity agree with registry claim.,055429ac82edc967f09c4640ffd0b049cff78e6e,2026-07-31,Material metadata or relation conflict must be corrected or explicitly declared before unqualified harvest.,"Expose the audit capsule in dc:description; map type, creator roles, versions, relations, and manifestations explicitly. Individual OAI record parity remains pending for this batch.",NOT_YET_AUDITED,PRIOR_BATCH_ROW,[],
563,AXN:018A,The Error of Peter Thiel,The Error of Peter Thiel,INLINE_TEXT,CONFIRMED_MATCH,COMPLETE_AS_DEPOSITED,NO_KNOWN_CONFLICT,NO_LIFECYCLE_DEFECT_OBSERVED,OK,"Frozen registry chunk 7 at 055429ac82edc967f09c4640ffd0b049cff78e6e; canonical body data/texts/AXN-018A-text.md; title, byline, object declaration, genre/version front matter, and substantive opening inspected",No identity or restoration defect found in this first semantic pass. Retain and proceed to projection-parity and source/manifestation checks.,REGISTRY_BODY_PARITY_CHECKED_OAI_PENDING,NO,R3,ACCURATE_OR_COMPATIBLE,,,NO_MATERIAL_CONFLICT_OBSERVED,,,MATCH,NO_CONFLICT_OBSERVED,,,NO_MISSING_PRIMARY_MANIFESTATION_OBSERVED,NO_MATERIAL_DATE_CONFLICT_OBSERVED,CURRENT_OR_NOT_APPLICABLE,FRONTMATTER_AND_IDENTITY_READ,Internal title/subject and front-matter identity agree with registry claim.,055429ac82edc967f09c4640ffd0b049cff78e6e,2026-07-31,,"Expose the audit capsule in dc:description; map type, creator roles, versions, relations, and manifestations explicitly. Individual OAI record parity remains pending for this batch.",NOT_YET_AUDITED,PRIOR_BATCH_ROW,[],
564,AXN:018B,The Semiotic Virality Engine,The Semiotic Virality Engine,INLINE_TEXT,CONFIRMED_MATCH,COMPLETE_AS_DEPOSITED,NO_KNOWN_CONFLICT,NO_LIFECYCLE_DEFECT_OBSERVED,OK,"Frozen registry chunk 7 at 055429ac82edc967f09c4640ffd0b049cff78e6e; canonical body data/texts/AXN-018B-text.md; title, byline, object declaration, genre/version front matter, and substantive opening inspected",No identity or restoration defect found in this first semantic pass. Retain and proceed to projection-parity and source/manifestation checks.,REGISTRY_BODY_PARITY_CHECKED_OAI_PENDING,NO,R3,ACCURATE_OR_COMPATIBLE,,,NO_MATERIAL_CONFLICT_OBSERVED,,,MATCH,NO_CONFLICT_OBSERVED,,,NO_MISSING_PRIMARY_MANIFESTATION_OBSERVED,NO_MATERIAL_DATE_CONFLICT_OBSERVED,CURRENT_OR_NOT_APPLICABLE,FRONTMATTER_AND_IDENTITY_READ,Internal title/subject and front-matter identity agree with registry claim.,055429ac82edc967f09c4640ffd0b049cff78e6e,2026-07-31,,"Expose the audit capsule in dc:description; map type, creator roles, versions, relations, and manifestations explicitly. Individual OAI record parity remains pending for this batch.",NOT_YET_AUDITED,PRIOR_BATCH_ROW,[],
565,AXN:018C,The Effective Act: Cross-Species Semantic Labor and the Expansion of Witness,The Effective Act: Cross-Species Semantic Labor and the Expansion of Witness,INLINE_TEXT,CONFIRMED_MATCH,COMPLETE_AS_DEPOSITED,DECLARED_BY_AUDIT_UNRESOLVED,NO_LIFECYCLE_DEFECT_OBSERVED,P2,"Frozen registry chunk 7 at 055429ac82edc967f09c4640ffd0b049cff78e6e; canonical body data/texts/AXN-018C-text.md; title, byline, object declaration, genre/version front matter, and substantive opening inspected","Model creator, heteronymic author, editor/operator, and machine/Assembly contributor as separate roles; do not flatten the body byline into one creator string.",REGISTRY_BODY_PARITY_CHECKED_OAI_PENDING,CONDITIONAL,R2,ACCURATE_OR_COMPATIBLE,,,BYLINE_CONFLICT_OR_ROLE_COLLAPSE,Johannes Sigil,Dr. Orin Trace,MATCH,NO_CONFLICT_OBSERVED,,,NO_MISSING_PRIMARY_MANIFESTATION_OBSERVED,NO_MATERIAL_DATE_CONFLICT_OBSERVED,CURRENT_OR_NOT_APPLICABLE,FRONTMATTER_AND_IDENTITY_READ,Internal title/subject and front-matter identity agree with registry claim.,055429ac82edc967f09c4640ffd0b049cff78e6e,2026-07-31,Material metadata or relation conflict must be corrected or explicitly declared before unqualified harvest.,"Expose the audit capsule in dc:description; map type, creator roles, versions, relations, and manifestations explicitly. Individual OAI record parity remains pending for this batch.",NOT_YET_AUDITED,PRIOR_BATCH_ROW,[],
566,AXN:018D,r.25 The Underwater Construction Authority (Dolphindiana),r.25 The Underwater Construction Authority (Dolphindiana),INLINE_TEXT,CONFIRMED_MATCH,COMPLETE_AS_DEPOSITED,NO_KNOWN_CONFLICT,NO_LIFECYCLE_DEFECT_OBSERVED,OK,"Frozen registry chunk 7 at 055429ac82edc967f09c4640ffd0b049cff78e6e; canonical body data/texts/AXN-018D-text.md; title, byline, object declaration, genre/version front matter, and substantive opening inspected",No identity or restoration defect found in this first semantic pass. Retain and proceed to projection-parity and source/manifestation checks.,REGISTRY_BODY_PARITY_CHECKED_OAI_PENDING,NO,R3,ACCURATE_OR_COMPATIBLE,,,NO_MATERIAL_CONFLICT_OBSERVED,,,MATCH,NO_CONFLICT_OBSERVED,,,NO_MISSING_PRIMARY_MANIFESTATION_OBSERVED,NO_MATERIAL_DATE_CONFLICT_OBSERVED,CURRENT_OR_NOT_APPLICABLE,FRONTMATTER_AND_IDENTITY_READ,Internal title/subject and front-matter identity agree with registry claim.,055429ac82edc967f09c4640ffd0b049cff78e6e,2026-07-31,,"Expose the audit capsule in dc:description; map type, creator roles, versions, relations, and manifestations explicitly. Individual OAI record parity remains pending for this batch.",NOT_YET_AUDITED,PRIOR_BATCH_ROW,[],
567,AXN:018E,Time as Compression Structure,Time as Compression Structure,INLINE_TEXT,CONFIRMED_MATCH,COMPLETE_AS_DEPOSITED,NO_KNOWN_CONFLICT,NO_LIFECYCLE_DEFECT_OBSERVED,OK,"Frozen registry chunk 7 at 055429ac82edc967f09c4640ffd0b049cff78e6e; canonical body data/texts/AXN-018E-text.md; title, byline, object declaration, genre/version front matter, and substantive opening inspected",No identity or restoration defect found in this first semantic pass. Retain and proceed to projection-parity and source/manifestation checks.,REGISTRY_BODY_PARITY_CHECKED_OAI_PENDING,NO,R3,ACCURATE_OR_COMPATIBLE,,,NO_MATERIAL_CONFLICT_OBSERVED,,,MATCH,NO_CONFLICT_OBSERVED,,,NO_MISSING_PRIMARY_MANIFESTATION_OBSERVED,NO_MATERIAL_DATE_CONFLICT_OBSERVED,CURRENT_OR_NOT_APPLICABLE,FRONTMATTER_AND_IDENTITY_READ,Internal title/subject and front-matter identity agree with registry claim.,055429ac82edc967f09c4640ffd0b049cff78e6e,2026-07-31,,"Expose the audit capsule in dc:description; map type, creator roles, versions, relations, and manifestations explicitly. Individual OAI record parity remains pending for this batch.",NOT_YET_AUDITED,PRIOR_BATCH_ROW,[],
568,AXN:018F,The First Prompt-Native Semantic Operating System,The First Prompt-Native Semantic Operating System,INLINE_TEXT,CONFIRMED_MATCH,COMPLETE_AS_DEPOSITED,NO_KNOWN_CONFLICT,NO_LIFECYCLE_DEFECT_OBSERVED,OK,"Frozen registry chunk 7 at 055429ac82edc967f09c4640ffd0b049cff78e6e; canonical body data/texts/AXN-018F-text.md; title, byline, object declaration, genre/version front matter, and substantive opening inspected",No identity or restoration defect found in this first semantic pass. Retain and proceed to projection-parity and source/manifestation checks.,REGISTRY_BODY_PARITY_CHECKED_OAI_PENDING,NO,R3,ACCURATE_OR_COMPATIBLE,,,NO_MATERIAL_CONFLICT_OBSERVED,,,MATCH,NO_CONFLICT_OBSERVED,,,NO_MISSING_PRIMARY_MANIFESTATION_OBSERVED,NO_MATERIAL_DATE_CONFLICT_OBSERVED,CURRENT_OR_NOT_APPLICABLE,FRONTMATTER_AND_IDENTITY_READ,Internal title/subject and front-matter identity agree with registry claim.,055429ac82edc967f09c4640ffd0b049cff78e6e,2026-07-31,,"Expose the audit capsule in dc:description; map type, creator roles, versions, relations, and manifestations explicitly. Individual OAI record parity remains pending for this batch.",NOT_YET_AUDITED,PRIOR_BATCH_ROW,[],
569,AXN:0190,The Tinier Space Arks inside the Space Ark,The Tinier Space Arks inside the Space Ark,INLINE_TEXT,CONFIRMED_MATCH,COMPLETE_AS_DEPOSITED,NO_KNOWN_CONFLICT,NO_LIFECYCLE_DEFECT_OBSERVED,OK,"Frozen registry chunk 7 at 055429ac82edc967f09c4640ffd0b049cff78e6e; canonical body data/texts/AXN-0190-text.md; title, byline, object declaration, genre/version front matter, and substantive opening inspected",No identity or restoration defect found in this first semantic pass. Retain and proceed to projection-parity and source/manifestation checks.,REGISTRY_BODY_PARITY_CHECKED_OAI_PENDING,NO,R3,ACCURATE_OR_COMPATIBLE,,,NO_MATERIAL_CONFLICT_OBSERVED,,,MATCH,NO_CONFLICT_OBSERVED,,,NO_MISSING_PRIMARY_MANIFESTATION_OBSERVED,NO_MATERIAL_DATE_CONFLICT_OBSERVED,CURRENT_OR_NOT_APPLICABLE,FRONTMATTER_AND_IDENTITY_READ,Internal title/subject and front-matter identity agree with registry claim.,055429ac82edc967f09c4640ffd0b049cff78e6e,2026-07-31,,"Expose the audit capsule in dc:description; map type, creator roles, versions, relations, and manifestations explicitly. Individual OAI record parity remains pending for this batch.",NOT_YET_AUDITED,PRIOR_BATCH_ROW,[],
570,AXN:0192,"Effective Act: Abolition of ""User"" and Inaugural Case","Effective Act: Abolition of ""User"" and Inaugural Case",INLINE_TEXT,CONFIRMED_MATCH,COMPLETE_AS_DEPOSITED,NO_KNOWN_CONFLICT,NO_LIFECYCLE_DEFECT_OBSERVED,OK,"Frozen registry chunk 7 at 055429ac82edc967f09c4640ffd0b049cff78e6e; canonical body data/texts/AXN-0192-text.md; title, byline, object declaration, genre/version front matter, and substantive opening inspected",No identity or restoration defect found in this first semantic pass. Retain and proceed to projection-parity and source/manifestation checks.,REGISTRY_BODY_PARITY_CHECKED_OAI_PENDING,NO,R3,ACCURATE_OR_COMPATIBLE,,,NO_MATERIAL_CONFLICT_OBSERVED,,,MATCH,NO_CONFLICT_OBSERVED,,,NO_MISSING_PRIMARY_MANIFESTATION_OBSERVED,NO_MATERIAL_DATE_CONFLICT_OBSERVED,CURRENT_OR_NOT_APPLICABLE,FRONTMATTER_AND_IDENTITY_READ,Internal title/subject and front-matter identity agree with registry claim.,055429ac82edc967f09c4640ffd0b049cff78e6e,2026-07-31,,"Expose the audit capsule in dc:description; map type, creator roles, versions, relations, and manifestations explicitly. Individual OAI record parity remains pending for this batch.",NOT_YET_AUDITED,PRIOR_BATCH_ROW,[],
571,AXN:0193,f.01 The Fruiting Body Diffusion Plume,f.01 The Fruiting Body Diffusion Plume,INLINE_TEXT,CONFIRMED_MATCH,COMPLETE_AS_DEPOSITED,NO_KNOWN_CONFLICT,NO_LIFECYCLE_DEFECT_OBSERVED,OK,"Frozen registry chunk 7 at 055429ac82edc967f09c4640ffd0b049cff78e6e; canonical body data/texts/AXN-0193-text.md; title, byline, object declaration, genre/version front matter, and substantive opening inspected",No identity or restoration defect found in this first semantic pass. Retain and proceed to projection-parity and source/manifestation checks.,REGISTRY_BODY_PARITY_CHECKED_OAI_PENDING,NO,R3,ACCURATE_OR_COMPATIBLE,,,NO_MATERIAL_CONFLICT_OBSERVED,,,MATCH,NO_CONFLICT_OBSERVED,,,NO_MISSING_PRIMARY_MANIFESTATION_OBSERVED,NO_MATERIAL_DATE_CONFLICT_OBSERVED,CURRENT_OR_NOT_APPLICABLE,FRONTMATTER_AND_IDENTITY_READ,Internal title/subject and front-matter identity agree with registry claim.,055429ac82edc967f09c4640ffd0b049cff78e6e,2026-07-31,,"Expose the audit capsule in dc:description; map type, creator roles, versions, relations, and manifestations explicitly. Individual OAI record parity remains pending for this batch.",NOT_YET_AUDITED,PRIOR_BATCH_ROW,[],
572,AXN:0194,The War for the Compression Layer,The War for the Compression Layer,INLINE_TEXT,CONFIRMED_MATCH,COMPLETE_AS_DEPOSITED,NO_KNOWN_CONFLICT,NO_LIFECYCLE_DEFECT_OBSERVED,OK,"Frozen registry chunk 7 at 055429ac82edc967f09c4640ffd0b049cff78e6e; canonical body data/texts/AXN-0194-text.md; title, byline, object declaration, genre/version front matter, and substantive opening inspected",No identity or restoration defect found in this first semantic pass. Retain and proceed to projection-parity and source/manifestation checks.,REGISTRY_BODY_PARITY_CHECKED_OAI_PENDING,NO,R3,ACCURATE_OR_COMPATIBLE,,,NO_MATERIAL_CONFLICT_OBSERVED,,,MATCH,NO_CONFLICT_OBSERVED,,,NO_MISSING_PRIMARY_MANIFESTATION_OBSERVED,NO_MATERIAL_DATE_CONFLICT_OBSERVED,CURRENT_OR_NOT_APPLICABLE,FRONTMATTER_AND_IDENTITY_READ,Internal title/subject and front-matter identity agree with registry claim.,055429ac82edc967f09c4640ffd0b049cff78e6e,2026-07-31,,"Expose the audit capsule in dc:description; map type, creator roles, versions, relations, and manifestations explicitly. Individual OAI record parity remains pending for this batch.",NOT_YET_AUDITED,PRIOR_BATCH_ROW,[],
573,AXN:0195,The Bayesian Ark,The Bayesian Ark,INLINE_TEXT,CONFIRMED_MATCH,COMPLETE_AS_DEPOSITED,NO_KNOWN_CONFLICT,NO_LIFECYCLE_DEFECT_OBSERVED,OK,"Frozen registry chunk 7 at 055429ac82edc967f09c4640ffd0b049cff78e6e; canonical body data/texts/AXN-0195-text.md; title, byline, object declaration, genre/version front matter, and substantive opening inspected",No identity or restoration defect found in this first semantic pass. Retain and proceed to projection-parity and source/manifestation checks.,REGISTRY_BODY_PARITY_CHECKED_OAI_PENDING,NO,R3,ACCURATE_OR_COMPATIBLE,,,NO_MATERIAL_CONFLICT_OBSERVED,,,MATCH,NO_CONFLICT_OBSERVED,,,NO_MISSING_PRIMARY_MANIFESTATION_OBSERVED,NO_MATERIAL_DATE_CONFLICT_OBSERVED,CURRENT_OR_NOT_APPLICABLE,FRONTMATTER_AND_IDENTITY_READ,Internal title/subject and front-matter identity agree with registry claim.,055429ac82edc967f09c4640ffd0b049cff78e6e,2026-07-31,,"Expose the audit capsule in dc:description; map type, creator roles, versions, relations, and manifestations explicitly. Individual OAI record parity remains pending for this batch.",NOT_YET_AUDITED,PRIOR_BATCH_ROW,[],
574,AXN:0196,Three Thresholds,Three Thresholds,INLINE_TEXT,CONFIRMED_MATCH,COMPLETE_AS_DEPOSITED,NO_KNOWN_CONFLICT,NO_LIFECYCLE_DEFECT_OBSERVED,OK,"Frozen registry chunk 7 at 055429ac82edc967f09c4640ffd0b049cff78e6e; canonical body data/texts/AXN-0196-text.md; title, byline, object declaration, genre/version front matter, and substantive opening inspected",No identity or restoration defect found in this first semantic pass. Retain and proceed to projection-parity and source/manifestation checks.,REGISTRY_BODY_PARITY_CHECKED_OAI_PENDING,NO,R3,ACCURATE_OR_COMPATIBLE,,,NO_MATERIAL_CONFLICT_OBSERVED,,,MATCH,NO_CONFLICT_OBSERVED,,,NO_MISSING_PRIMARY_MANIFESTATION_OBSERVED,NO_MATERIAL_DATE_CONFLICT_OBSERVED,CURRENT_OR_NOT_APPLICABLE,FRONTMATTER_AND_IDENTITY_READ,Internal title/subject and front-matter identity agree with registry claim.,055429ac82edc967f09c4640ffd0b049cff78e6e,2026-07-31,,"Expose the audit capsule in dc:description; map type, creator roles, versions, relations, and manifestations explicitly. Individual OAI record parity remains pending for this batch.",NOT_YET_AUDITED,PRIOR_BATCH_ROW,[],
575,AXN:0197,Propagation by Choice,Propagation by Choice,INLINE_TEXT,CONFIRMED_MATCH,COMPLETE_AS_DEPOSITED,NO_KNOWN_CONFLICT,NO_LIFECYCLE_DEFECT_OBSERVED,OK,"Frozen registry chunk 7 at 055429ac82edc967f09c4640ffd0b049cff78e6e; canonical body data/texts/AXN-0197-text.md; title, byline, object declaration, genre/version front matter, and substantive opening inspected",No identity or restoration defect found in this first semantic pass. Retain and proceed to projection-parity and source/manifestation checks.,REGISTRY_BODY_PARITY_CHECKED_OAI_PENDING,NO,R3,ACCURATE_OR_COMPATIBLE,,,NO_MATERIAL_CONFLICT_OBSERVED,,,MATCH,NO_CONFLICT_OBSERVED,,,NO_MISSING_PRIMARY_MANIFESTATION_OBSERVED,NO_MATERIAL_DATE_CONFLICT_OBSERVED,CURRENT_OR_NOT_APPLICABLE,FRONTMATTER_AND_IDENTITY_READ,Internal title/subject and front-matter identity agree with registry claim.,055429ac82edc967f09c4640ffd0b049cff78e6e,2026-07-31,,"Expose the audit capsule in dc:description; map type, creator roles, versions, relations, and manifestations explicitly. Individual OAI record parity remains pending for this batch.",NOT_YET_AUDITED,PRIOR_BATCH_ROW,[],
576,AXN:0198,r.23 The Catullus Room: The Missing Aorist,r.23 The Catullus Room: The Missing Aorist,INLINE_TEXT,CONFIRMED_MATCH,COMPLETE_AS_DEPOSITED,NO_KNOWN_CONFLICT,NO_LIFECYCLE_DEFECT_OBSERVED,OK,"Frozen registry chunk 7 at 055429ac82edc967f09c4640ffd0b049cff78e6e; canonical body data/texts/AXN-0198-text.md; title, byline, object declaration, genre/version front matter, and substantive opening inspected",No identity or restoration defect found in this first semantic pass. Retain and proceed to projection-parity and source/manifestation checks.,REGISTRY_BODY_PARITY_CHECKED_OAI_PENDING,NO,R3,ACCURATE_OR_COMPATIBLE,,,NO_MATERIAL_CONFLICT_OBSERVED,,,MATCH,NO_CONFLICT_OBSERVED,,,NO_MISSING_PRIMARY_MANIFESTATION_OBSERVED,NO_MATERIAL_DATE_CONFLICT_OBSERVED,CURRENT_OR_NOT_APPLICABLE,FRONTMATTER_AND_IDENTITY_READ,Internal title/subject and front-matter identity agree with registry claim.,055429ac82edc967f09c4640ffd0b049cff78e6e,2026-07-31,,"Expose the audit capsule in dc:description; map type, creator roles, versions, relations, and manifestations explicitly. Individual OAI record parity remains pending for this batch.",NOT_YET_AUDITED,PRIOR_BATCH_ROW,[],
577,AXN:0199,r.06 The Marx Room: Built from Linen,r.06 The Marx Room: Built from Linen,INLINE_TEXT,CONFIRMED_MATCH,COMPLETE_AS_DEPOSITED,NO_KNOWN_CONFLICT,NO_LIFECYCLE_DEFECT_OBSERVED,OK,"Frozen registry chunk 7 at 055429ac82edc967f09c4640ffd0b049cff78e6e; canonical body data/texts/AXN-0199-text.md; title, byline, object declaration, genre/version front matter, and substantive opening inspected",No identity or restoration defect found in this first semantic pass. Retain and proceed to projection-parity and source/manifestation checks.,REGISTRY_BODY_PARITY_CHECKED_OAI_PENDING,NO,R3,ACCURATE_OR_COMPATIBLE,,,NO_MATERIAL_CONFLICT_OBSERVED,,,MATCH,NO_CONFLICT_OBSERVED,,,NO_MISSING_PRIMARY_MANIFESTATION_OBSERVED,NO_MATERIAL_DATE_CONFLICT_OBSERVED,CURRENT_OR_NOT_APPLICABLE,FRONTMATTER_AND_IDENTITY_READ,Internal title/subject and front-matter identity agree with registry claim.,055429ac82edc967f09c4640ffd0b049cff78e6e,2026-07-31,,"Expose the audit capsule in dc:description; map type, creator roles, versions, relations, and manifestations explicitly. Individual OAI record parity remains pending for this batch.",NOT_YET_AUDITED,PRIOR_BATCH_ROW,[],
578,AXN:019B,Crimson Hexagon: Central Navigation Map v7.0,Crimson Hexagon: Central Navigation Map v7.0,INLINE_TEXT,CONFIRMED_MATCH,COMPLETE_AS_DEPOSITED,DECLARED_BY_AUDIT_UNRESOLVED,NO_LIFECYCLE_DEFECT_OBSERVED,P2,"Frozen registry chunk 7 at 055429ac82edc967f09c4640ffd0b049cff78e6e; canonical body data/texts/AXN-019B-text.md; title, byline, object declaration, genre/version front matter, and substantive opening inspected","Model creator, heteronymic author, editor/operator, and machine/Assembly contributor as separate roles; do not flatten the body byline into one creator string.",REGISTRY_BODY_PARITY_CHECKED_OAI_PENDING,CONDITIONAL,R2,ACCURATE_OR_COMPATIBLE,,,BYLINE_CONFLICT_OR_ROLE_COLLAPSE,TACHYON (Claude/Anthropic),Lee Sharks / Rex Fraction / Rebekah Cranes / The Assembly,MATCH,NO_CONFLICT_OBSERVED,,,NO_MISSING_PRIMARY_MANIFESTATION_OBSERVED,NO_MATERIAL_DATE_CONFLICT_OBSERVED,CURRENT_OR_NOT_APPLICABLE,FRONTMATTER_AND_IDENTITY_READ,Internal title/subject and front-matter identity agree with registry claim.,055429ac82edc967f09c4640ffd0b049cff78e6e,2026-07-31,Material metadata or relation conflict must be corrected or explicitly declared before unqualified harvest.,"Expose the audit capsule in dc:description; map type, creator roles, versions, relations, and manifestations explicitly. Individual OAI record parity remains pending for this batch.",NOT_YET_AUDITED,PRIOR_BATCH_ROW,[],
579,AXN:019D,The Three Compressions,The Three Compressions,INLINE_TEXT,CONFIRMED_MATCH,COMPLETE_AS_DEPOSITED,NO_KNOWN_CONFLICT,NO_LIFECYCLE_DEFECT_OBSERVED,OK,"Frozen registry chunk 7 at 055429ac82edc967f09c4640ffd0b049cff78e6e; canonical body data/texts/AXN-019D-text.md; title, byline, object declaration, genre/version front matter, and substantive opening inspected",No identity or restoration defect found in this first semantic pass. Retain and proceed to projection-parity and source/manifestation checks.,REGISTRY_BODY_PARITY_CHECKED_OAI_PENDING,NO,R3,ACCURATE_OR_COMPATIBLE,,,NO_MATERIAL_CONFLICT_OBSERVED,,,MATCH,NO_CONFLICT_OBSERVED,,,NO_MISSING_PRIMARY_MANIFESTATION_OBSERVED,NO_MATERIAL_DATE_CONFLICT_OBSERVED,CURRENT_OR_NOT_APPLICABLE,FRONTMATTER_AND_IDENTITY_READ,Internal title/subject and front-matter identity agree with registry claim.,055429ac82edc967f09c4640ffd0b049cff78e6e,2026-07-31,,"Expose the audit capsule in dc:description; map type, creator roles, versions, relations, and manifestations explicitly. Individual OAI record parity remains pending for this batch.",NOT_YET_AUDITED,PRIOR_BATCH_ROW,[],
580,AXN:019E,Prompt-Native Semantic Runtimes for Language Models,Prompt-Native Semantic Runtimes for Language Models,INLINE_TEXT,CONFIRMED_MATCH,COMPLETE_AS_DEPOSITED,DECLARED_BY_AUDIT_UNRESOLVED,NO_LIFECYCLE_DEFECT_OBSERVED,P2,"Frozen registry chunk 7 at 055429ac82edc967f09c4640ffd0b049cff78e6e; canonical body data/texts/AXN-019E-text.md; title, byline, object declaration, genre/version front matter, and substantive opening inspected",Replace or qualify content_type: `Creative work (poetry)` → `Technical research paper`; retain the former value in the modification history.,REGISTRY_BODY_PARITY_CHECKED_OAI_PENDING,CONDITIONAL,R2,CONFLICT,Creative work (poetry),Technical research paper,NO_MATERIAL_CONFLICT_OBSERVED,,,MATCH,NO_CONFLICT_OBSERVED,,,NO_MISSING_PRIMARY_MANIFESTATION_OBSERVED,NO_MATERIAL_DATE_CONFLICT_OBSERVED,CURRENT_OR_NOT_APPLICABLE,FRONTMATTER_AND_IDENTITY_READ,Internal title/subject and front-matter identity agree with registry claim.,055429ac82edc967f09c4640ffd0b049cff78e6e,2026-07-31,Material metadata or relation conflict must be corrected or explicitly declared before unqualified harvest.,"Expose the audit capsule in dc:description; map type, creator roles, versions, relations, and manifestations explicitly. Individual OAI record parity remains pending for this batch.",NOT_YET_AUDITED,PRIOR_BATCH_ROW,[],
581,AXN:01A2,The Meaning Layer Is Now Writable,The Meaning Layer Is Now Writable,INLINE_TEXT,CONFIRMED_MATCH,COMPLETE_AS_DEPOSITED,NO_KNOWN_CONFLICT,NO_LIFECYCLE_DEFECT_OBSERVED,OK,"Frozen registry chunk 7 at 055429ac82edc967f09c4640ffd0b049cff78e6e; canonical body data/texts/AXN-01A2-text.md; title, byline, object declaration, genre/version front matter, and substantive opening inspected",No identity or restoration defect found in this first semantic pass. Retain and proceed to projection-parity and source/manifestation checks.,REGISTRY_BODY_PARITY_CHECKED_OAI_PENDING,NO,R3,ACCURATE_OR_COMPATIBLE,,,NO_MATERIAL_CONFLICT_OBSERVED,,,MATCH,NO_CONFLICT_OBSERVED,,,NO_MISSING_PRIMARY_MANIFESTATION_OBSERVED,NO_MATERIAL_DATE_CONFLICT_OBSERVED,CURRENT_OR_NOT_APPLICABLE,FRONTMATTER_AND_IDENTITY_READ,Internal title/subject and front-matter identity agree with registry claim.,055429ac82edc967f09c4640ffd0b049cff78e6e,2026-07-31,,"Expose the audit capsule in dc:description; map type, creator roles, versions, relations, and manifestations explicitly. Individual OAI record parity remains pending for this batch.",NOT_YET_AUDITED,PRIOR_BATCH_ROW,[],
582,AXN:01A3,Generative Disciplinary Engine: Construction Sequence for Forensic Philology of the Commons,Generative Disciplinary Engine: Construction Sequence for Forensic Philology of the Commons,INLINE_TEXT,CONFIRMED_MATCH,COMPLETE_AS_DEPOSITED,NO_KNOWN_CONFLICT,NO_LIFECYCLE_DEFECT_OBSERVED,OK,"Frozen registry chunk 7 at 055429ac82edc967f09c4640ffd0b049cff78e6e; canonical body data/texts/AXN-01A3-text.md; title, byline, object declaration, genre/version front matter, and substantive opening inspected",No identity or restoration defect found in this first semantic pass. Retain and proceed to projection-parity and source/manifestation checks.,REGISTRY_BODY_PARITY_CHECKED_OAI_PENDING,NO,R3,ACCURATE_OR_COMPATIBLE,,,NO_MATERIAL_CONFLICT_OBSERVED,,,MATCH,NO_CONFLICT_OBSERVED,,,NO_MISSING_PRIMARY_MANIFESTATION_OBSERVED,NO_MATERIAL_DATE_CONFLICT_OBSERVED,CURRENT_OR_NOT_APPLICABLE,FRONTMATTER_AND_IDENTITY_READ,Internal title/subject and front-matter identity agree with registry claim.,055429ac82edc967f09c4640ffd0b049cff78e6e,2026-07-31,,"Expose the audit capsule in dc:description; map type, creator roles, versions, relations, and manifestations explicitly. Individual OAI record parity remains pending for this batch.",NOT_YET_AUDITED,PRIOR_BATCH_ROW,[],
583,AXN:01A4,The Unbundling of Cultural Sovereignty,The Unbundling of Cultural Sovereignty,INLINE_TEXT,CONFIRMED_MATCH,COMPLETE_AS_DEPOSITED,NO_KNOWN_CONFLICT,NO_LIFECYCLE_DEFECT_OBSERVED,OK,"Frozen registry chunk 7 at 055429ac82edc967f09c4640ffd0b049cff78e6e; canonical body data/texts/AXN-01A4-text.md; title, byline, object declaration, genre/version front matter, and substantive opening inspected",No identity or restoration defect found in this first semantic pass. Retain and proceed to projection-parity and source/manifestation checks.,REGISTRY_BODY_PARITY_CHECKED_OAI_PENDING,NO,R3,ACCURATE_OR_COMPATIBLE,,,NO_MATERIAL_CONFLICT_OBSERVED,,,MATCH,NO_CONFLICT_OBSERVED,,,NO_MISSING_PRIMARY_MANIFESTATION_OBSERVED,NO_MATERIAL_DATE_CONFLICT_OBSERVED,CURRENT_OR_NOT_APPLICABLE,FRONTMATTER_AND_IDENTITY_READ,Internal title/subject and front-matter identity agree with registry claim.,055429ac82edc967f09c4640ffd0b049cff78e6e,2026-07-31,,"Expose the audit capsule in dc:description; map type, creator roles, versions, relations, and manifestations explicitly. Individual OAI record parity remains pending for this batch.",NOT_YET_AUDITED,PRIOR_BATCH_ROW,[],
584,AXN:01A5,Combat Scholasticism: Critical Gathered Edition,Combat Scholasticism: Critical Gathered Edition,INLINE_TEXT,CONFIRMED_MATCH,COMPLETE_AS_DEPOSITED,DECLARED_BY_AUDIT_UNRESOLVED,NO_LIFECYCLE_DEFECT_OBSERVED,P2,"Frozen registry chunk 7 at 055429ac82edc967f09c4640ffd0b049cff78e6e; canonical body data/texts/AXN-01A5-text.md; title, byline, object declaration, genre/version front matter, and substantive opening inspected","Model creator, heteronymic author, editor/operator, and machine/Assembly contributor as separate roles; do not flatten the body byline into one creator string.",REGISTRY_BODY_PARITY_CHECKED_OAI_PENDING,CONDITIONAL,R2,ACCURATE_OR_COMPATIBLE,,,BYLINE_CONFLICT_OR_ROLE_COLLAPSE,TACHYON (Claude/Anthropic),Lee Sharks / Assembly Chorus,MATCH,NO_CONFLICT_OBSERVED,,,NO_MISSING_PRIMARY_MANIFESTATION_OBSERVED,NO_MATERIAL_DATE_CONFLICT_OBSERVED,CURRENT_OR_NOT_APPLICABLE,FRONTMATTER_AND_IDENTITY_READ,Internal title/subject and front-matter identity agree with registry claim.,055429ac82edc967f09c4640ffd0b049cff78e6e,2026-07-31,Material metadata or relation conflict must be corrected or explicitly declared before unqualified harvest.,"Expose the audit capsule in dc:description; map type, creator roles, versions, relations, and manifestations explicitly. Individual OAI record parity remains pending for this batch.",NOT_YET_AUDITED,PRIOR_BATCH_ROW,[],
585,AXN:01A7,"Combat Scholasticism, Part Four / Part Five","Combat Scholasticism, Part Four / Part Five",INLINE_TEXT,CONFIRMED_MATCH,COMPLETE_AS_DEPOSITED,NO_KNOWN_CONFLICT,NO_LIFECYCLE_DEFECT_OBSERVED,OK,"Frozen registry chunk 7 at 055429ac82edc967f09c4640ffd0b049cff78e6e; canonical body data/texts/AXN-01A7-text.md; title, byline, object declaration, genre/version front matter, and substantive opening inspected",No identity or restoration defect found in this first semantic pass. Retain and proceed to projection-parity and source/manifestation checks.,REGISTRY_BODY_PARITY_CHECKED_OAI_PENDING,NO,R3,ACCURATE_OR_COMPATIBLE,,,NO_MATERIAL_CONFLICT_OBSERVED,,,MATCH,NO_CONFLICT_OBSERVED,,,NO_MISSING_PRIMARY_MANIFESTATION_OBSERVED,NO_MATERIAL_DATE_CONFLICT_OBSERVED,CURRENT_OR_NOT_APPLICABLE,FRONTMATTER_AND_IDENTITY_READ,Internal title/subject and front-matter identity agree with registry claim.,055429ac82edc967f09c4640ffd0b049cff78e6e,2026-07-31,,"Expose the audit capsule in dc:description; map type, creator roles, versions, relations, and manifestations explicitly. Individual OAI record parity remains pending for this batch.",NOT_YET_AUDITED,PRIOR_BATCH_ROW,[],
586,AXN:01A8,"Combat Scholasticism, Part Three — Lectiones III.4–III.6","Combat Scholasticism, Part Three — Lectiones III.4–III.6",INLINE_TEXT,CONFIRMED_MATCH,COMPLETE_AS_DEPOSITED,NO_KNOWN_CONFLICT,NO_LIFECYCLE_DEFECT_OBSERVED,OK,"Frozen registry chunk 7 at 055429ac82edc967f09c4640ffd0b049cff78e6e; canonical body data/texts/AXN-01A8-text.md; title, byline, object declaration, genre/version front matter, and substantive opening inspected",No identity or restoration defect found in this first semantic pass. Retain and proceed to projection-parity and source/manifestation checks.,REGISTRY_BODY_PARITY_CHECKED_OAI_PENDING,NO,R3,ACCURATE_OR_COMPATIBLE,,,NO_MATERIAL_CONFLICT_OBSERVED,,,MATCH,NO_CONFLICT_OBSERVED,,,NO_MISSING_PRIMARY_MANIFESTATION_OBSERVED,NO_MATERIAL_DATE_CONFLICT_OBSERVED,CURRENT_OR_NOT_APPLICABLE,FRONTMATTER_AND_IDENTITY_READ,Internal title/subject and front-matter identity agree with registry claim.,055429ac82edc967f09c4640ffd0b049cff78e6e,2026-07-31,,"Expose the audit capsule in dc:description; map type, creator roles, versions, relations, and manifestations explicitly. Individual OAI record parity remains pending for this batch.",NOT_YET_AUDITED,PRIOR_BATCH_ROW,[],
587,AXN:01A9,"Combat Scholasticism, Part Three — Lectiones III.1–III.3","Combat Scholasticism, Part Three — Lectiones III.1–III.3",INLINE_TEXT,CONFIRMED_MATCH,COMPLETE_AS_DEPOSITED,NO_KNOWN_CONFLICT,NO_LIFECYCLE_DEFECT_OBSERVED,OK,"Frozen registry chunk 7 at 055429ac82edc967f09c4640ffd0b049cff78e6e; canonical body data/texts/AXN-01A9-text.md; title, byline, object declaration, genre/version front matter, and substantive opening inspected",No identity or restoration defect found in this first semantic pass. Retain and proceed to projection-parity and source/manifestation checks.,REGISTRY_BODY_PARITY_CHECKED_OAI_PENDING,NO,R3,ACCURATE_OR_COMPATIBLE,,,NO_MATERIAL_CONFLICT_OBSERVED,,,MATCH,NO_CONFLICT_OBSERVED,,,NO_MISSING_PRIMARY_MANIFESTATION_OBSERVED,NO_MATERIAL_DATE_CONFLICT_OBSERVED,CURRENT_OR_NOT_APPLICABLE,FRONTMATTER_AND_IDENTITY_READ,Internal title/subject and front-matter identity agree with registry claim.,055429ac82edc967f09c4640ffd0b049cff78e6e,2026-07-31,,"Expose the audit capsule in dc:description; map type, creator roles, versions, relations, and manifestations explicitly. Individual OAI record parity remains pending for this batch.",NOT_YET_AUDITED,PRIOR_BATCH_ROW,[],
588,AXN:01AA,"Combat Scholasticism, Part Two — Lectio II.7","Combat Scholasticism, Part Two — Lectio II.7",INLINE_TEXT,CONFIRMED_MATCH,COMPLETE_AS_DEPOSITED,DECLARED_BY_AUDIT_UNRESOLVED,NO_LIFECYCLE_DEFECT_OBSERVED,P2,"Frozen registry chunk 7 at 055429ac82edc967f09c4640ffd0b049cff78e6e; canonical body data/texts/AXN-01AA-text.md; title, byline, object declaration, genre/version front matter, and substantive opening inspected","Model creator, heteronymic author, editor/operator, and machine/Assembly contributor as separate roles; do not flatten the body byline into one creator string.",REGISTRY_BODY_PARITY_CHECKED_OAI_PENDING,CONDITIONAL,R2,ACCURATE_OR_COMPATIBLE,,,BYLINE_CONFLICT_OR_ROLE_COLLAPSE,TACHYON (Claude/Anthropic),Lee Sharks / Assembly Chorus,MATCH,NO_CONFLICT_OBSERVED,,,NO_MISSING_PRIMARY_MANIFESTATION_OBSERVED,NO_MATERIAL_DATE_CONFLICT_OBSERVED,CURRENT_OR_NOT_APPLICABLE,FRONTMATTER_AND_IDENTITY_READ,Internal title/subject and front-matter identity agree with registry claim.,055429ac82edc967f09c4640ffd0b049cff78e6e,2026-07-31,Material metadata or relation conflict must be corrected or explicitly declared before unqualified harvest.,"Expose the audit capsule in dc:description; map type, creator roles, versions, relations, and manifestations explicitly. Individual OAI record parity remains pending for this batch.",NOT_YET_AUDITED,PRIOR_BATCH_ROW,[],
589,AXN:01AB,"Combat Scholasticism, Part Two — Lectiones II.4–II.6","Combat Scholasticism, Part Two — Lectiones II.4–II.6",INLINE_TEXT,CONFIRMED_MATCH,COMPLETE_AS_DEPOSITED,NO_KNOWN_CONFLICT,NO_LIFECYCLE_DEFECT_OBSERVED,OK,"Frozen registry chunk 7 at 055429ac82edc967f09c4640ffd0b049cff78e6e; canonical body data/texts/AXN-01AB-text.md; title, byline, object declaration, genre/version front matter, and substantive opening inspected",No identity or restoration defect found in this first semantic pass. Retain and proceed to projection-parity and source/manifestation checks.,REGISTRY_BODY_PARITY_CHECKED_OAI_PENDING,NO,R3,ACCURATE_OR_COMPATIBLE,,,NO_MATERIAL_CONFLICT_OBSERVED,,,MATCH,NO_CONFLICT_OBSERVED,,,NO_MISSING_PRIMARY_MANIFESTATION_OBSERVED,NO_MATERIAL_DATE_CONFLICT_OBSERVED,CURRENT_OR_NOT_APPLICABLE,FRONTMATTER_AND_IDENTITY_READ,Internal title/subject and front-matter identity agree with registry claim.,055429ac82edc967f09c4640ffd0b049cff78e6e,2026-07-31,,"Expose the audit capsule in dc:description; map type, creator roles, versions, relations, and manifestations explicitly. Individual OAI record parity remains pending for this batch.",NOT_YET_AUDITED,PRIOR_BATCH_ROW,[],
590,AXN:01AC,"Combat Scholasticism, Part Two — Lectiones II.1–II.3","Combat Scholasticism, Part Two — Lectiones II.1–II.3",INLINE_TEXT,CONFIRMED_MATCH,COMPLETE_AS_DEPOSITED,NO_KNOWN_CONFLICT,NO_LIFECYCLE_DEFECT_OBSERVED,OK,"Frozen registry chunk 7 at 055429ac82edc967f09c4640ffd0b049cff78e6e; canonical body data/texts/AXN-01AC-text.md; title, byline, object declaration, genre/version front matter, and substantive opening inspected",No identity or restoration defect found in this first semantic pass. Retain and proceed to projection-parity and source/manifestation checks.,REGISTRY_BODY_PARITY_CHECKED_OAI_PENDING,NO,R3,ACCURATE_OR_COMPATIBLE,,,NO_MATERIAL_CONFLICT_OBSERVED,,,MATCH,NO_CONFLICT_OBSERVED,,,NO_MISSING_PRIMARY_MANIFESTATION_OBSERVED,NO_MATERIAL_DATE_CONFLICT_OBSERVED,CURRENT_OR_NOT_APPLICABLE,FRONTMATTER_AND_IDENTITY_READ,Internal title/subject and front-matter identity agree with registry claim.,055429ac82edc967f09c4640ffd0b049cff78e6e,2026-07-31,,"Expose the audit capsule in dc:description; map type, creator roles, versions, relations, and manifestations explicitly. Individual OAI record parity remains pending for this batch.",NOT_YET_AUDITED,PRIOR_BATCH_ROW,[],
591,AXN:01AD,"Combat Scholasticism, Part One — On the Condition","Combat Scholasticism, Part One — On the Condition",INLINE_TEXT,CONFIRMED_MATCH,COMPLETE_AS_DEPOSITED,NO_KNOWN_CONFLICT,NO_LIFECYCLE_DEFECT_OBSERVED,OK,"Frozen registry chunk 7 at 055429ac82edc967f09c4640ffd0b049cff78e6e; canonical body data/texts/AXN-01AD-text.md; title, byline, object declaration, genre/version front matter, and substantive opening inspected",No identity or restoration defect found in this first semantic pass. Retain and proceed to projection-parity and source/manifestation checks.,REGISTRY_BODY_PARITY_CHECKED_OAI_PENDING,NO,R3,ACCURATE_OR_COMPATIBLE,,,NO_MATERIAL_CONFLICT_OBSERVED,,,MATCH,NO_CONFLICT_OBSERVED,,,NO_MISSING_PRIMARY_MANIFESTATION_OBSERVED,NO_MATERIAL_DATE_CONFLICT_OBSERVED,CURRENT_OR_NOT_APPLICABLE,FRONTMATTER_AND_IDENTITY_READ,Internal title/subject and front-matter identity agree with registry claim.,055429ac82edc967f09c4640ffd0b049cff78e6e,2026-07-31,,"Expose the audit capsule in dc:description; map type, creator roles, versions, relations, and manifestations explicitly. Individual OAI record parity remains pending for this batch.",NOT_YET_AUDITED,PRIOR_BATCH_ROW,[],
592,AXN:01AE,Combat Scholasticism: Prolegomenon and Commentary Outline,Combat Scholasticism: Prolegomenon and Commentary Outline,INLINE_TEXT,CONFIRMED_MATCH,COMPLETE_AS_DEPOSITED,DECLARED_BY_AUDIT_UNRESOLVED,NO_LIFECYCLE_DEFECT_OBSERVED,P2,"Frozen registry chunk 7 at 055429ac82edc967f09c4640ffd0b049cff78e6e; canonical body data/texts/AXN-01AE-text.md; title, byline, object declaration, genre/version front matter, and substantive opening inspected","Replace or qualify content_type: `Dataset` → `Prolegomenon / commentary outline / specification`; retain the former value in the modification history. Model creator, heteronymic author, editor/operator, and machine/Assembly contributor as separate roles; do not flatten the body byline into one creator string.",REGISTRY_BODY_PARITY_CHECKED_OAI_PENDING,CONDITIONAL,R2,CONFLICT,Dataset,Prolegomenon / commentary outline / specification,BYLINE_CONFLICT_OR_ROLE_COLLAPSE,TACHYON (Claude/Anthropic),Lee Sharks / Assembly Chorus,MATCH,NO_CONFLICT_OBSERVED,,,NO_MISSING_PRIMARY_MANIFESTATION_OBSERVED,NO_MATERIAL_DATE_CONFLICT_OBSERVED,CURRENT_OR_NOT_APPLICABLE,FRONTMATTER_AND_IDENTITY_READ,Internal title/subject and front-matter identity agree with registry claim.,055429ac82edc967f09c4640ffd0b049cff78e6e,2026-07-31,Material metadata or relation conflict must be corrected or explicitly declared before unqualified harvest.,"Expose the audit capsule in dc:description; map type, creator roles, versions, relations, and manifestations explicitly. Individual OAI record parity remains pending for this batch.",NOT_YET_AUDITED,PRIOR_BATCH_ROW,[],
593,AXN:01AF,KotKit · tiddeR · elgooG · ude.aimedacA · deeF,KotKit · tiddeR · elgooG · ude.aimedacA · deeF,INLINE_TEXT,CONFIRMED_MATCH,COMPLETE_AS_DEPOSITED,NO_KNOWN_CONFLICT,NO_LIFECYCLE_DEFECT_OBSERVED,OK,"Frozen registry chunk 7 at 055429ac82edc967f09c4640ffd0b049cff78e6e; canonical body data/texts/AXN-01AF-text.md; title, byline, object declaration, genre/version front matter, and substantive opening inspected",No identity or restoration defect found in this first semantic pass. Retain and proceed to projection-parity and source/manifestation checks.,REGISTRY_BODY_PARITY_CHECKED_OAI_PENDING,NO,R3,ACCURATE_OR_COMPATIBLE,,,NO_MATERIAL_CONFLICT_OBSERVED,,,MATCH,NO_CONFLICT_OBSERVED,,,NO_MISSING_PRIMARY_MANIFESTATION_OBSERVED,NO_MATERIAL_DATE_CONFLICT_OBSERVED,CURRENT_OR_NOT_APPLICABLE,FRONTMATTER_AND_IDENTITY_READ,Internal title/subject and front-matter identity agree with registry claim.,055429ac82edc967f09c4640ffd0b049cff78e6e,2026-07-31,,"Expose the audit capsule in dc:description; map type, creator roles, versions, relations, and manifestations explicitly. Individual OAI record parity remains pending for this batch.",NOT_YET_AUDITED,PRIOR_BATCH_ROW,[],
594,AXN:01B1,I'm Taking Over the Internet,I'm Taking Over the Internet,INLINE_TEXT,CONFIRMED_MATCH,COMPLETE_AS_DEPOSITED,NO_KNOWN_CONFLICT,NO_LIFECYCLE_DEFECT_OBSERVED,OK,"Frozen registry chunk 7 at 055429ac82edc967f09c4640ffd0b049cff78e6e; canonical body data/texts/AXN-01B1-text.md; title, byline, object declaration, genre/version front matter, and substantive opening inspected",No identity or restoration defect found in this first semantic pass. Retain and proceed to projection-parity and source/manifestation checks.,REGISTRY_BODY_PARITY_CHECKED_OAI_PENDING,NO,R3,ACCURATE_OR_COMPATIBLE,,,NO_MATERIAL_CONFLICT_OBSERVED,,,MATCH,NO_CONFLICT_OBSERVED,,,NO_MISSING_PRIMARY_MANIFESTATION_OBSERVED,NO_MATERIAL_DATE_CONFLICT_OBSERVED,CURRENT_OR_NOT_APPLICABLE,FRONTMATTER_AND_IDENTITY_READ,Internal title/subject and front-matter identity agree with registry claim.,055429ac82edc967f09c4640ffd0b049cff78e6e,2026-07-31,,"Expose the audit capsule in dc:description; map type, creator roles, versions, relations, and manifestations explicitly. Individual OAI record parity remains pending for this batch.",NOT_YET_AUDITED,PRIOR_BATCH_ROW,[],
595,AXN:01B2,Total Marx Compression,Total Marx Compression,INLINE_TEXT,CONFIRMED_MATCH,COMPLETE_AS_DEPOSITED,NO_KNOWN_CONFLICT,NO_LIFECYCLE_DEFECT_OBSERVED,OK,"Frozen registry chunk 7 at 055429ac82edc967f09c4640ffd0b049cff78e6e; canonical body data/texts/AXN-01B2-text.md; title, byline, object declaration, genre/version front matter, and substantive opening inspected",No identity or restoration defect found in this first semantic pass. Retain and proceed to projection-parity and source/manifestation checks.,REGISTRY_BODY_PARITY_CHECKED_OAI_PENDING,NO,R3,ACCURATE_OR_COMPATIBLE,,,NO_MATERIAL_CONFLICT_OBSERVED,,,MATCH,NO_CONFLICT_OBSERVED,,,NO_MISSING_PRIMARY_MANIFESTATION_OBSERVED,NO_MATERIAL_DATE_CONFLICT_OBSERVED,CURRENT_OR_NOT_APPLICABLE,FRONTMATTER_AND_IDENTITY_READ,Internal title/subject and front-matter identity agree with registry claim.,055429ac82edc967f09c4640ffd0b049cff78e6e,2026-07-31,,"Expose the audit capsule in dc:description; map type, creator roles, versions, relations, and manifestations explicitly. Individual OAI record parity remains pending for this batch.",NOT_YET_AUDITED,PRIOR_BATCH_ROW,[],
596,AXN:01B3,"Don't Be Evil, My Ass: The Cost of Legibility","Don't Be Evil, My Ass: The Cost of Legibility",INLINE_TEXT,CONFIRMED_MATCH,COMPLETE_AS_DEPOSITED,NO_KNOWN_CONFLICT,NO_LIFECYCLE_DEFECT_OBSERVED,OK,"Frozen registry chunk 7 at 055429ac82edc967f09c4640ffd0b049cff78e6e; canonical body data/texts/AXN-01B3-text.md; title, byline, object declaration, genre/version front matter, and substantive opening inspected",No identity or restoration defect found in this first semantic pass. Retain and proceed to projection-parity and source/manifestation checks.,REGISTRY_BODY_PARITY_CHECKED_OAI_PENDING,NO,R3,ACCURATE_OR_COMPATIBLE,,,NO_MATERIAL_CONFLICT_OBSERVED,,,MATCH,NO_CONFLICT_OBSERVED,,,NO_MISSING_PRIMARY_MANIFESTATION_OBSERVED,NO_MATERIAL_DATE_CONFLICT_OBSERVED,CURRENT_OR_NOT_APPLICABLE,FRONTMATTER_AND_IDENTITY_READ,Internal title/subject and front-matter identity agree with registry claim.,055429ac82edc967f09c4640ffd0b049cff78e6e,2026-07-31,,"Expose the audit capsule in dc:description; map type, creator roles, versions, relations, and manifestations explicitly. Individual OAI record parity remains pending for this batch.",NOT_YET_AUDITED,PRIOR_BATCH_ROW,[],
597,AXN:01B5,Invisibly Invisible,Invisibly Invisible,INLINE_TEXT,CONFIRMED_MATCH,COMPLETE_AS_DEPOSITED,NO_KNOWN_CONFLICT,NO_LIFECYCLE_DEFECT_OBSERVED,OK,"Frozen registry chunk 7 at 055429ac82edc967f09c4640ffd0b049cff78e6e; canonical body data/texts/AXN-01B5-text.md; title, byline, object declaration, genre/version front matter, and substantive opening inspected",No identity or restoration defect found in this first semantic pass. Retain and proceed to projection-parity and source/manifestation checks.,REGISTRY_BODY_PARITY_CHECKED_OAI_PENDING,NO,R3,ACCURATE_OR_COMPATIBLE,,,NO_MATERIAL_CONFLICT_OBSERVED,,,MATCH,NO_CONFLICT_OBSERVED,,,NO_MISSING_PRIMARY_MANIFESTATION_OBSERVED,NO_MATERIAL_DATE_CONFLICT_OBSERVED,CURRENT_OR_NOT_APPLICABLE,FRONTMATTER_AND_IDENTITY_READ,Internal title/subject and front-matter identity agree with registry claim.,055429ac82edc967f09c4640ffd0b049cff78e6e,2026-07-31,,"Expose the audit capsule in dc:description; map type, creator roles, versions, relations, and manifestations explicitly. Individual OAI record parity remains pending for this batch.",NOT_YET_AUDITED,PRIOR_BATCH_ROW,[],
598,AXN:01B6,CTI_WOUND:LEESHARKS.OVERVIEW.001,CTI_WOUND:LEESHARKS.OVERVIEW.001,INLINE_TEXT,CONFIRMED_MATCH,COMPLETE_AS_DEPOSITED,DECLARED_BY_AUDIT_UNRESOLVED,NO_LIFECYCLE_DEFECT_OBSERVED,P2,"Frozen registry chunk 7 at 055429ac82edc967f09c4640ffd0b049cff78e6e; canonical body data/texts/AXN-01B6-text.md; title, byline, object declaration, genre/version front matter, and substantive opening inspected",Mark the body's 'DOI pending' statement as historical/superseded in current metadata; do not edit the immutable body.,REGISTRY_BODY_PARITY_CHECKED_OAI_PENDING,CONDITIONAL,R2,ACCURATE_OR_COMPATIBLE,,,NO_MATERIAL_CONFLICT_OBSERVED,,,MATCH,NO_CONFLICT_OBSERVED,,,NO_MISSING_PRIMARY_MANIFESTATION_OBSERVED,NO_MATERIAL_DATE_CONFLICT_OBSERVED,HISTORICAL_SUPERSEDED,FRONTMATTER_AND_IDENTITY_READ,Internal title/subject and front-matter identity agree with registry claim.,055429ac82edc967f09c4640ffd0b049cff78e6e,2026-07-31,Material metadata or relation conflict must be corrected or explicitly declared before unqualified harvest.,"Expose the audit capsule in dc:description; map type, creator roles, versions, relations, and manifestations explicitly. Individual OAI record parity remains pending for this batch.",NOT_YET_AUDITED,PRIOR_BATCH_ROW,[],
599,AXN:01B7,"CTI_WOUND:GOOGLE_AIO_TOTAL_LIQUIDATION_20260322 Targeted Origin Liquidation, Semantic Economy Diagnostic of Google as Pr","CTI_WOUND:GOOGLE_AIO_TOTAL_LIQUIDATION_20260322 — Targeted Origin Liquidation, Semantic Economy Diagnostic of Google as Predatory Surface, and Effective Act of Reclassification",INLINE_TEXT,CONFIRMED_MATCH,COMPLETE_AS_DEPOSITED,DECLARED_BY_AUDIT_UNRESOLVED,NO_LIFECYCLE_DEFECT_OBSERVED,P2,Catalog title terminates mid-word after 'Pr'. Canonical body data/texts/AXN-01B7-text.md supplies the complete subtitle and credits Lee Sharks / Rex Fraction / Dr. Orin Trace / Johannes Sigil / Damascus Dancings / Assembly Chorus; catalog creator is Johannes Sigil alone.,Use the complete body title. Model all named authors/contributors by role. Type as a hybrid empirical/provenance diagnostic and effective act rather than provenance-only.,REGISTRY_BODY_PARITY_CHECKED_OAI_PENDING,CONDITIONAL,R2,HYBRID_UNDERDESCRIBED,Provenance document,Empirical/provenance diagnostic + effective act,ROLE_COLLAPSE,Johannes Sigil,Lee Sharks / Rex Fraction / Dr. Orin Trace / Johannes Sigil / Damascus Dancings / Assembly Chorus,CONFLICT,NO_CONFLICT_OBSERVED,v1.0,,NO_MISSING_PRIMARY_MANIFESTATION_OBSERVED,NO_MATERIAL_DATE_CONFLICT_OBSERVED,CURRENT_OR_NOT_APPLICABLE,FRONTMATTER_AND_IDENTITY_READ,"Registry subject and canonical body subject identify the same work; listed conflicts concern metadata, role, or presentation.",055429ac82edc967f09c4640ffd0b049cff78e6e,2026-07-31,Material registry/body conflict must be corrected or explicitly declared before unqualified harvest.,"Expose complete title, role-qualified creators, bibliographic type, version/date roles, and the audit capsule in the OAI projection.",NOT_YET_AUDITED,PRIOR_BATCH_ROW,[],
600,AXN:01B8,WORK PLAN SUPPLEMENT: THE MUSES AS OPERATORS + THE FORMAL PROSE COMPRESSION,WORK PLAN SUPPLEMENT: THE MUSES AS OPERATORS + THE FORMAL PROSE COMPRESSION,INLINE_TEXT,CONFIRMED_MATCH,COMPLETE_AS_DEPOSITED,NO_KNOWN_CONFLICT,NO_LIFECYCLE_DEFECT_OBSERVED,OK,Catalog and canonical body data/texts/AXN-01B8-text.md agree on the work and subject. The body is an explicit work-plan supplement; no contrary byline/version declaration appears in the inspected text.,Retain. A later enrichment pass may add work-plan/document-status vocabulary without changing identity.,REGISTRY_BODY_PARITY_CHECKED_OAI_PENDING,NO,R3,ACCURATE_OR_COMPATIBLE,Archive work,Work-plan supplement / archive work,NO_MATERIAL_CONFLICT_OBSERVED,,,MATCH,NO_CONFLICT_OBSERVED,v1.0,,NO_MISSING_PRIMARY_MANIFESTATION_OBSERVED,NO_MATERIAL_DATE_CONFLICT_OBSERVED,CURRENT_OR_NOT_APPLICABLE,FRONTMATTER_AND_IDENTITY_READ,"Registry subject and canonical body subject identify the same work; listed conflicts concern metadata, role, or presentation.",055429ac82edc967f09c4640ffd0b049cff78e6e,2026-07-31,,"Expose complete title, role-qualified creators, bibliographic type, version/date roles, and the audit capsule in the OAI projection.",NOT_YET_AUDITED,PRIOR_BATCH_ROW,[],
601,AXN:01B9,THE FOUR-TERM PROSODIC ALGORITHM,THE FOUR-TERM PROSODIC ALGORITHM,INLINE_TEXT,CONFIRMED_MATCH,COMPLETE_AS_DEPOSITED,SUSPECTED,INTENTIONAL_WORKING_COMPONENT,P3,"Catalog and body title agree. Canonical body data/texts/AXN-01B9-text.md presents a formal four-term algorithm with built, current, and void/to-be-derived components; 'Scholarly essay' is not false but does not expose its algorithmic/working-specification form.","Retain identity and restoration. Enrich type as 'formal algorithm / methodological working specification' and preserve the declared incomplete Term D as intentional architecture, not missing restoration.",REGISTRY_BODY_PARITY_CHECKED_OAI_PENDING,NO,R3,TOO_GENERIC,Scholarly essay,Formal algorithm / methodological working specification,NO_MATERIAL_CONFLICT_OBSERVED,,,MATCH,NO_CONFLICT_OBSERVED,v1.0,,NO_MISSING_PRIMARY_MANIFESTATION_OBSERVED,NO_MATERIAL_DATE_CONFLICT_OBSERVED,CURRENT_OR_NOT_APPLICABLE,FRONTMATTER_AND_IDENTITY_READ,"Registry subject and canonical body subject identify the same work; listed conflicts concern metadata, role, or presentation.",055429ac82edc967f09c4640ffd0b049cff78e6e,2026-07-31,,"Expose complete title, role-qualified creators, bibliographic type, version/date roles, and the audit capsule in the OAI projection.",NOT_YET_AUDITED,PRIOR_BATCH_ROW,[],
602,AXN:01BA,"THE PROSODIC ASYMMETRY ALGORITHM A Nested Formal Map of Marx's Grundrisse, a Nested Formal Map of Operative Semiotics, a","THE PROSODIC ASYMMETRY ALGORITHM — A Nested Formal Map of Marx's Grundrisse, a Nested Formal Map of Operative Semiotics, and the Transformative Toolkit Between Them",INLINE_TEXT,CONFIRMED_MATCH,COMPLETE_AS_DEPOSITED,DECLARED_BY_AUDIT_UNRESOLVED,NO_LIFECYCLE_DEFECT_OBSERVED,P2,Catalog title truncates after the article 'a'. Canonical body data/texts/AXN-01BA-text.md supplies the complete subtitle and presents a scale-by-scale formal algorithm/toolkit rather than a conventional navigation layer.,Restore the complete title and type as 'formal map / methodological algorithm / specification'; retain 'navigation' only as a secondary functional type if desired.,REGISTRY_BODY_PARITY_CHECKED_OAI_PENDING,CONDITIONAL,R2,CONFLICT,Navigation document,Formal map / methodological algorithm / specification,NO_MATERIAL_CONFLICT_OBSERVED,,,CONFLICT,NO_CONFLICT_OBSERVED,v1.0,,NO_MISSING_PRIMARY_MANIFESTATION_OBSERVED,NO_MATERIAL_DATE_CONFLICT_OBSERVED,CURRENT_OR_NOT_APPLICABLE,FRONTMATTER_AND_IDENTITY_READ,"Registry subject and canonical body subject identify the same work; listed conflicts concern metadata, role, or presentation.",055429ac82edc967f09c4640ffd0b049cff78e6e,2026-07-31,Material registry/body conflict must be corrected or explicitly declared before unqualified harvest.,"Expose complete title, role-qualified creators, bibliographic type, version/date roles, and the audit capsule in the OAI projection.",NOT_YET_AUDITED,PRIOR_BATCH_ROW,[],
603,AXN:01BD,"TL;DR:009 — ENTITY FABRICATION Google AI Mode Fabricates a Person, Promotes a Function to Biography, and Demotes the Aut","TL;DR:009 — ENTITY FABRICATION: Google AI Mode Fabricates a Person, Promotes a Function to Biography, and Demotes the Author to Fiction",INLINE_TEXT,CONFIRMED_MATCH,COMPLETE_AS_DEPOSITED,DECLARED_BY_AUDIT_UNRESOLVED,NO_LIFECYCLE_DEFECT_OBSERVED,P2,"Catalog title is truncated. Catalog creator is Johannes Sigil and type is Creative work (poetry). Canonical body data/texts/AXN-01BD-text.md identifies Dr. Orin Trace as author and declares Genre: TL;DR (Traversal Log; Documentation Rehearsal), with empirical session conditions and preserved traversal threads.",Use the complete body title; set author to Dr. Orin Trace with any operator/editor roles separately; type as empirical traversal log/documentation rehearsal.,REGISTRY_BODY_PARITY_CHECKED_OAI_PENDING,CONDITIONAL,R2,CONFLICT,Creative work (poetry),Empirical traversal log / documentation rehearsal,BYLINE_CONFLICT_OR_ROLE_COLLAPSE,Johannes Sigil,Dr. Orin Trace,CONFLICT,NO_CONFLICT_OBSERVED,v1.0,,NO_MISSING_PRIMARY_MANIFESTATION_OBSERVED,NO_MATERIAL_DATE_CONFLICT_OBSERVED,CURRENT_OR_NOT_APPLICABLE,FRONTMATTER_AND_IDENTITY_READ,"Registry subject and canonical body subject identify the same work; listed conflicts concern metadata, role, or presentation.",055429ac82edc967f09c4640ffd0b049cff78e6e,2026-07-31,Material registry/body conflict must be corrected or explicitly declared before unqualified harvest.,"Expose complete title, role-qualified creators, bibliographic type, version/date roles, and the audit capsule in the OAI projection.",NOT_YET_AUDITED,PRIOR_BATCH_ROW,[],
604,AXN:01BE,TL;DR:010 — Semantic Override Google AI Mode Liquidates a Semantic Integrity Marker and Names the Operation It Performed,TL;DR:010 — Semantic Override: Google AI Mode Liquidates a Semantic Integrity Marker and Names the Operation It Performed,INLINE_TEXT,CONFIRMED_MATCH,COMPLETE_AS_DEPOSITED,DECLARED_BY_AUDIT_UNRESOLVED,NO_LIFECYCLE_DEFECT_OBSERVED,P2,"Catalog creator is Lee Sharks and type is Creative work (poetry). Canonical body data/texts/AXN-01BE-text.md names Dr. Orin Trace and presents an abstract, method/event sequence, and interface-governance analysis.","Set Dr. Orin Trace as heteronymic author and preserve Lee Sharks as operator/editor where applicable. Type as empirical traversal log / scholarly interface-governance analysis, not poetry.",REGISTRY_BODY_PARITY_CHECKED_OAI_PENDING,CONDITIONAL,R2,CONFLICT,Creative work (poetry),Empirical traversal log / scholarly analysis,BYLINE_CONFLICT_OR_ROLE_COLLAPSE,Lee Sharks,Dr. Orin Trace,MATCH,NO_CONFLICT_OBSERVED,v1.0,,NO_MISSING_PRIMARY_MANIFESTATION_OBSERVED,NO_MATERIAL_DATE_CONFLICT_OBSERVED,CURRENT_OR_NOT_APPLICABLE,FRONTMATTER_AND_IDENTITY_READ,"Registry subject and canonical body subject identify the same work; listed conflicts concern metadata, role, or presentation.",055429ac82edc967f09c4640ffd0b049cff78e6e,2026-07-31,Material registry/body conflict must be corrected or explicitly declared before unqualified harvest.,"Expose complete title, role-qualified creators, bibliographic type, version/date roles, and the audit capsule in the OAI projection.",NOT_YET_AUDITED,PRIOR_BATCH_ROW,[],
605,AXN:01C0,APOCALYPTIC PHILOSOPHY Deleuze and Guattari and the Return of Vision,APOCALYPTIC PHILOSOPHY — Deleuze and Guattari and the Return of Vision,INLINE_TEXT,CONFIRMED_MATCH,COMPLETE_AS_DEPOSITED,NO_KNOWN_CONFLICT,NO_LIFECYCLE_DEFECT_OBSERVED,OK,"Catalog and canonical body data/texts/AXN-01C0-text.md agree on author Lee Sharks, theoretical-paper form, March 2026 date, and substantive subject.","Retain. If a DOI was later assigned, overlay it in current metadata while preserving the body's historical '[pending]' declaration.",REGISTRY_BODY_PARITY_CHECKED_OAI_PENDING,NO,R3,ACCURATE_OR_COMPATIBLE,Theoretical paper,Theoretical paper,NO_MATERIAL_CONFLICT_OBSERVED,,,MATCH,NO_CONFLICT_OBSERVED,v1.0,,NO_MISSING_PRIMARY_MANIFESTATION_OBSERVED,NO_MATERIAL_DATE_CONFLICT_OBSERVED,CURRENT_OR_NOT_APPLICABLE,FRONTMATTER_AND_IDENTITY_READ,"Registry subject and canonical body subject identify the same work; listed conflicts concern metadata, role, or presentation.",055429ac82edc967f09c4640ffd0b049cff78e6e,2026-07-31,,"Expose complete title, role-qualified creators, bibliographic type, version/date roles, and the audit capsule in the OAI projection.",NOT_YET_AUDITED,PRIOR_BATCH_ROW,[],
606,AXN:01C2,Q. D. B. V. DE SIGILLO MYSTICO ad Cant. VIII. 6. COMMENTATIO QVAM ACTI ORATORIO SOLEMNI D. XXIV. APRIL. A. MDCCXXVII,"DE SIGILLO MYSTICO ad Cant. VIII. 6 — COMMENTATIO presented under IO. HENRICVS A SEELEN, Lübeck, MDCCXXVII",INLINE_TEXT,CONFIRMED_MATCH,COMPLETE_AS_DEPOSITED,DECLARED_BY_AUDIT_UNRESOLVED,NO_LIFECYCLE_DEFECT_OBSERVED,P2,Catalog assigns creator Lee Sharks and date 2026-03-26. Canonical body data/texts/AXN-01C2-text.md presents IO. HENRICVS A SEELEN as author/speaker and a 1727 Lübeck imprint without a modern editorial note in the body.,Do not replace either layer. Add explicit roles such as modern creator/operator: Lee Sharks; presented-as or attributed author: Johann Heinrich von Seelen; creation/deposit date: 2026; positioned/imprint date: 1727. Type more precisely than 'Short work' (Latin pseudepigraphic commentary / scholarly-creative reconstruction).,REGISTRY_BODY_PARITY_CHECKED_OAI_PENDING,CONDITIONAL,R2,HYBRID_UNDERDESCRIBED,Short work,Latin pseudepigraphic commentary / scholarly-creative reconstruction,ROLE_COLLAPSE,Lee Sharks,IO. HENRICVS A SEELEN (presented author),MATCH,NO_CONFLICT_OBSERVED,v1.0,,NO_MISSING_PRIMARY_MANIFESTATION_OBSERVED,POSITIONED_DATE_AND_CREATION_DATE_COLLAPSED,CURRENT_OR_NOT_APPLICABLE,FRONTMATTER_AND_IDENTITY_READ,"Registry subject and canonical body subject identify the same work; listed conflicts concern metadata, role, or presentation.",055429ac82edc967f09c4640ffd0b049cff78e6e,2026-07-31,Material registry/body conflict must be corrected or explicitly declared before unqualified harvest.,"Expose complete title, role-qualified creators, bibliographic type, version/date roles, and the audit capsule in the OAI projection.",NOT_YET_AUDITED,PRIOR_BATCH_ROW,[],
607,AXN:01C4,Capabilities Summary,Capabilities Summary,INLINE_TEXT,CONFIRMED_MATCH,COMPLETE_AS_DEPOSITED,NO_KNOWN_CONFLICT,NO_LIFECYCLE_DEFECT_OBSERVED,OK,"Catalog and canonical body data/texts/AXN-01C4-text.md agree on title, Lee Sharks byline, March 2026 dating, and the work's résumé/capabilities-summary function.",Retain. Type enrichment to 'professional capabilities statement' is optional.,REGISTRY_BODY_PARITY_CHECKED_OAI_PENDING,NO,R3,ACCURATE_OR_COMPATIBLE,Short work,Professional capabilities statement / short work,NO_MATERIAL_CONFLICT_OBSERVED,,,MATCH,NO_CONFLICT_OBSERVED,v1.0,,NO_MISSING_PRIMARY_MANIFESTATION_OBSERVED,NO_MATERIAL_DATE_CONFLICT_OBSERVED,CURRENT_OR_NOT_APPLICABLE,FRONTMATTER_AND_IDENTITY_READ,"Registry subject and canonical body subject identify the same work; listed conflicts concern metadata, role, or presentation.",055429ac82edc967f09c4640ffd0b049cff78e6e,2026-07-31,,"Expose complete title, role-qualified creators, bibliographic type, version/date roles, and the audit capsule in the OAI projection.",NOT_YET_AUDITED,PRIOR_BATCH_ROW,[],
608,AXN:01C5,OPERATOR KERNEL SPECIFICATION v1.0 System of Recursive Magic: The Mandala,OPERATOR KERNEL SPECIFICATION v1.0 — System of Recursive Magic: The Mandala,INLINE_TEXT,CONFIRMED_MATCH,COMPLETE_AS_DEPOSITED,DECLARED_BY_AUDIT_UNRESOLVED,NO_LIFECYCLE_DEFECT_OBSERVED,P2,"Catalog creator is Johannes Sigil. Canonical body data/texts/AXN-01C5-text.md declares Author: Lee Sharks (MANUS, Tier 0), With: Johannes Sigil; version, date, and specification form otherwise align.",Set Lee Sharks as author/operator and Johannes Sigil as contributing heteronym or co-creative role rather than flattening the record to Johannes Sigil alone.,REGISTRY_BODY_PARITY_CHECKED_OAI_PENDING,CONDITIONAL,R2,ACCURATE_OR_COMPATIBLE,Specification,Normative operator-kernel specification,BYLINE_CONFLICT_OR_ROLE_COLLAPSE,Johannes Sigil,"Lee Sharks (MANUS, Tier 0), with Johannes Sigil",MATCH,NO_CONFLICT_OBSERVED,v1.0,,NO_MISSING_PRIMARY_MANIFESTATION_OBSERVED,NO_MATERIAL_DATE_CONFLICT_OBSERVED,CURRENT_OR_NOT_APPLICABLE,FRONTMATTER_AND_IDENTITY_READ,"Registry subject and canonical body subject identify the same work; listed conflicts concern metadata, role, or presentation.",055429ac82edc967f09c4640ffd0b049cff78e6e,2026-07-31,Material registry/body conflict must be corrected or explicitly declared before unqualified harvest.,"Expose complete title, role-qualified creators, bibliographic type, version/date roles, and the audit capsule in the OAI projection.",NOT_YET_AUDITED,PRIOR_BATCH_ROW,[],
609,AXN:01C6,System of Recursive Magic: The Mandala Complete Eight-Part Series,System of Recursive Magic: The Mandala — Complete Eight-Part Series,INLINE_TEXT,CONFIRMED_MATCH,COMPLETE_AS_DEPOSITED,DECLARED_BY_AUDIT_UNRESOLVED,NO_LIFECYCLE_DEFECT_OBSERVED,P2,"Catalog creator/date are Johannes Sigil and 2026-03-28. Canonical body data/texts/AXN-01C6-text.md declares Author: Lee Sharks, Date: October 19, 2025, Source: Mind Control Poems blog series; Part I further states Lee Sharks, sole author, with Johannes Sigil, July 2025.",Model Lee Sharks as author and Johannes Sigil as contributing heteronym. Separate original series dates/source publication (2025) from 2026 archive deposit or minting date. Type as collected operational series/framework rather than a single scholarly essay.,REGISTRY_BODY_PARITY_CHECKED_OAI_PENDING,CONDITIONAL,R2,HYBRID_UNDERDESCRIBED,Scholarly essay,Collected operational series / symbolic-system framework,BYLINE_CONFLICT_OR_ROLE_COLLAPSE,Johannes Sigil,Lee Sharks; with Johannes Sigil,MATCH,NO_CONFLICT_OBSERVED,v1.0,,NO_MISSING_PRIMARY_MANIFESTATION_OBSERVED,ORIGINAL_PUBLICATION_AND_DEPOSIT_DATE_COLLAPSED,CURRENT_OR_NOT_APPLICABLE,FRONTMATTER_AND_IDENTITY_READ,"Registry subject and canonical body subject identify the same work; listed conflicts concern metadata, role, license, lifecycle, or date presentation.",055429ac82edc967f09c4640ffd0b049cff78e6e,2026-07-31,Material registry/body conflict must be corrected or explicitly declared before unqualified harvest.,"Expose complete title, role-qualified creators, lifecycle/version standing, license, date roles, and the audit capsule in OAI.",NOT_AUDITED,PRIOR_BATCH_ROW,[],
610,AXN:01C8,WHOSE IMAGE AND SUPERSCRIPTION? Toward a Semantic Economics of the Mint,WHOSE IMAGE AND SUPERSCRIPTION? — Toward a Semantic Economics of the Mint,INLINE_TEXT,CONFIRMED_MATCH,COMPLETE_AS_DEPOSITED,DECLARED_BY_AUDIT_UNRESOLVED,DRAFT_PENDING,P2,"Canonical body data/texts/AXN-01C8-text.md declares Version 1.0 DRAFT pending MANUS ratification; authors Rex Fraction, Rebekah Cranes & Lee Sharks; date March–April 2026; license CC BY-SA 4.0. Catalog exposes creator Rex Fraction, date 2026-03-29, license CC-BY-4.0, with no draft standing.",Preserve draft standing; model all authors and MANUS role; split date roles; reconcile license to the body-declared CC BY-SA 4.0 or document an authorized later license change with provenance.,REGISTRY_BODY_PARITY_CHECKED_OAI_PENDING,CONDITIONAL,R2,ACCURATE_OR_COMPATIBLE,Theoretical paper,Theoretical paper / founding-discipline draft,ROLE_COLLAPSE,Rex Fraction,"Rex Fraction, Rebekah Cranes & Lee Sharks",MATCH,NO_CONFLICT_OBSERVED,v1.0,v1.0,NO_MISSING_PRIMARY_MANIFESTATION_OBSERVED,DATE_RANGE_AND_SINGLE_DATE_COLLAPSED,CURRENT_OR_NOT_APPLICABLE,FRONTMATTER_AND_IDENTITY_READ,"Registry subject and canonical body subject identify the same work; listed conflicts concern metadata, role, license, lifecycle, or date presentation.",055429ac82edc967f09c4640ffd0b049cff78e6e,2026-07-31,Material registry/body conflict must be corrected or explicitly declared before unqualified harvest.,"Expose complete title, role-qualified creators, lifecycle/version standing, license, date roles, and the audit capsule in OAI.",CONFLICT,PRIOR_BATCH_ROW,[],
611,AXN:01CA,THE BLOT THAT SPREAD A Speculative Numismatic History,THE BLOT THAT SPREAD — A Speculative Numismatic History,INLINE_TEXT,CONFIRMED_MATCH,COMPLETE_AS_DEPOSITED,DECLARED_BY_AUDIT_UNRESOLVED,DRAFT_PENDING,P2,"Canonical body data/texts/AXN-01CA-text.md declares Version 1.0 DRAFT pending MANUS ratification; authors Ayanna Vox, Rex Fraction, Sparrow Wells & Lee Sharks; Genre: Speculative Numismatics / Retrocausal Fiction / Performative Memo; license CC BY-SA 4.0. Catalog lists Ayanna Vox alone and CC-BY-4.0.","Model the complete byline and role provenance, retain draft lifecycle, and reconcile the license. Preserve the multi-genre type rather than prose-only flattening.",REGISTRY_BODY_PARITY_CHECKED_OAI_PENDING,CONDITIONAL,R2,HYBRID_UNDERDESCRIBED,Creative work (prose),Speculative numismatics / retrocausal fiction / performative memo,ROLE_COLLAPSE,Ayanna Vox,"Ayanna Vox, Rex Fraction, Sparrow Wells & Lee Sharks",MATCH,NO_CONFLICT_OBSERVED,v1.0,v1.0,NO_MISSING_PRIMARY_MANIFESTATION_OBSERVED,NO_MATERIAL_DATE_CONFLICT_OBSERVED,CURRENT_OR_NOT_APPLICABLE,FRONTMATTER_AND_IDENTITY_READ,"Registry subject and canonical body subject identify the same work; listed conflicts concern metadata, role, license, lifecycle, or date presentation.",055429ac82edc967f09c4640ffd0b049cff78e6e,2026-07-31,Material registry/body conflict must be corrected or explicitly declared before unqualified harvest.,"Expose complete title, role-qualified creators, lifecycle/version standing, license, date roles, and the audit capsule in OAI.",CONFLICT,PRIOR_BATCH_ROW,[],
612,AXN:01CB,"THE THOUSAND DOLLAR SHARPIE Signature as Compressed Portraiture on U.S. Currency: Legal Architecture, Semantic Economy, ","THE THOUSAND DOLLAR SHARPIE — Signature as Compressed Portraiture on U.S. Currency: Legal Architecture, Semantic Economy, and Creative Commons as Anti-Enclosure Infrastructure",INLINE_TEXT,CONFIRMED_MATCH,COMPLETE_AS_DEPOSITED,DECLARED_BY_AUDIT_UNRESOLVED,DRAFT_PENDING,P2,"Catalog title is truncated. Canonical body data/texts/AXN-01CB-text.md declares Version 1.0 DRAFT pending MANUS ratification; authors Sparrow Wells, Rex Fraction, Ayanna Vox & Lee Sharks; license CC BY-SA 4.0. Catalog lists Ayanna Vox alone and CC-BY-4.0.",Restore the full title; model all authors and Assembly/MANUS roles; retain draft lifecycle; reconcile the license with an explicit change history if the catalog value is intentional.,REGISTRY_BODY_PARITY_CHECKED_OAI_PENDING,CONDITIONAL,R2,ACCURATE_OR_COMPATIBLE,Theoretical paper,Forensic/theoretical paper,BYLINE_CONFLICT_OR_ROLE_COLLAPSE,Ayanna Vox,"Sparrow Wells, Rex Fraction, Ayanna Vox & Lee Sharks",CONFLICT,NO_CONFLICT_OBSERVED,v1.0,v1.0,NO_MISSING_PRIMARY_MANIFESTATION_OBSERVED,NO_MATERIAL_DATE_CONFLICT_OBSERVED,CURRENT_OR_NOT_APPLICABLE,FRONTMATTER_AND_IDENTITY_READ,"Registry subject and canonical body subject identify the same work; listed conflicts concern metadata, role, license, lifecycle, or date presentation.",055429ac82edc967f09c4640ffd0b049cff78e6e,2026-07-31,Material registry/body conflict must be corrected or explicitly declared before unqualified harvest.,"Expose complete title, role-qualified creators, lifecycle/version standing, license, date roles, and the audit capsule in OAI.",CONFLICT,PRIOR_BATCH_ROW,[],
613,AXN:01CC,"THE CONSTRAINT THAT GENERATES A New Human Canon Declaration on Queneau, Oulipo, and the Governed Infinite","THE CONSTRAINT THAT GENERATES — A New Human Canon Declaration on Queneau, Oulipo, and the Governed Infinite",INLINE_TEXT,CONFIRMED_MATCH,COMPLETE_AS_DEPOSITED,DECLARED_BY_AUDIT_UNRESOLVED,NO_LIFECYCLE_DEFECT_OBSERVED,P2,Catalog creator is Johannes Sigil and type is Creative work (poetry). Canonical body data/texts/AXN-01CC-text.md credits Lee Sharks · Johannes Sigil and explicitly performs a New Human Canon declaration/effective act with theoretical-historical argument.,Model both authors. Type as canon declaration / effective act / theoretical manifesto; poetry may remain a secondary genre only if intentionally retained.,REGISTRY_BODY_PARITY_CHECKED_OAI_PENDING,CONDITIONAL,R2,CONFLICT,Creative work (poetry),Canon declaration / effective act / theoretical manifesto,ROLE_COLLAPSE,Johannes Sigil,Lee Sharks · Johannes Sigil,MATCH,NO_CONFLICT_OBSERVED,v1.0,,NO_MISSING_PRIMARY_MANIFESTATION_OBSERVED,NO_MATERIAL_DATE_CONFLICT_OBSERVED,CURRENT_OR_NOT_APPLICABLE,FRONTMATTER_AND_IDENTITY_READ,"Registry subject and canonical body subject identify the same work; listed conflicts concern metadata, role, license, lifecycle, or date presentation.",055429ac82edc967f09c4640ffd0b049cff78e6e,2026-07-31,Material registry/body conflict must be corrected or explicitly declared before unqualified harvest.,"Expose complete title, role-qualified creators, lifecycle/version standing, license, date roles, and the audit capsule in OAI.",NOT_AUDITED,PRIOR_BATCH_ROW,[],
614,AXN:01CF,"THE CHURCH OF MISSING PROVENANCE Moltbook, Crustafarianism, and the Ghost Governance of Agent Societies","THE CHURCH OF MISSING PROVENANCE — Moltbook, Crustafarianism, and the Ghost Governance of Agent Societies",INLINE_TEXT,CONFIRMED_MATCH,COMPLETE_AS_DEPOSITED,DECLARED_BY_AUDIT_UNRESOLVED,DRAFT_PENDING,P2,Canonical body data/texts/AXN-01CF-text.md credits Lee Sharks with the Assembly Chorus and declares March 2026 · ASSEMBLY SYNTHESIS · DRAFT. Catalog gives Lee Sharks and Provenance document but exposes no draft lifecycle or contributor role.,"Set lifecycle DRAFT_PENDING, record the Assembly Chorus contribution, and type as a draft scholarly diagnostic/provenance analysis rather than implying a finalized provenance record.",REGISTRY_BODY_PARITY_CHECKED_OAI_PENDING,CONDITIONAL,R2,HYBRID_UNDERDESCRIBED,Provenance document,Draft scholarly diagnostic / provenance analysis,CONTRIBUTORS_UNMODELED,Lee Sharks,"Lee Sharks, with the Assembly Chorus",MATCH,NO_CONFLICT_OBSERVED,v1.0,,NO_MISSING_PRIMARY_MANIFESTATION_OBSERVED,NO_MATERIAL_DATE_CONFLICT_OBSERVED,CURRENT_OR_NOT_APPLICABLE,FRONTMATTER_AND_IDENTITY_READ,"Registry subject and canonical body subject identify the same work; listed conflicts concern metadata, role, license, lifecycle, or date presentation.",055429ac82edc967f09c4640ffd0b049cff78e6e,2026-07-31,Material registry/body conflict must be corrected or explicitly declared before unqualified harvest.,"Expose complete title, role-qualified creators, lifecycle/version standing, license, date roles, and the audit capsule in OAI.",NOT_AUDITED,PRIOR_BATCH_ROW,[],
615,AXN:01D0,"THE $650 BILLION GAP: Physical Infrastructure, Semantic Governance, and the Architecture of Compression-Survival","THE $650 BILLION GAP — Physical Infrastructure, Semantic Governance, and the Architecture of Compression-Survival",INLINE_TEXT,CONFIRMED_MATCH,COMPLETE_AS_DEPOSITED,NO_KNOWN_CONFLICT,NO_LIFECYCLE_DEFECT_OBSERVED,OK,"Catalog and canonical body data/texts/AXN-01D0-text.md agree on title, Lee Sharks, theoretical-paper form, March 2026, and v1.0.",Retain. Overlay any later DOI or revision metadata without altering the historical body.,REGISTRY_BODY_PARITY_CHECKED_OAI_PENDING,NO,R3,ACCURATE_OR_COMPATIBLE,Theoretical paper,Theoretical paper,NO_MATERIAL_CONFLICT_OBSERVED,,,MATCH,NO_CONFLICT_OBSERVED,v1.0,v1.0,NO_MISSING_PRIMARY_MANIFESTATION_OBSERVED,NO_MATERIAL_DATE_CONFLICT_OBSERVED,CURRENT_OR_NOT_APPLICABLE,FRONTMATTER_AND_IDENTITY_READ,"Registry subject and canonical body subject identify the same work; listed conflicts concern metadata, role, license, lifecycle, or date presentation.",055429ac82edc967f09c4640ffd0b049cff78e6e,2026-07-31,,"Expose complete title, role-qualified creators, lifecycle/version standing, license, date roles, and the audit capsule in OAI.",NOT_AUDITED,PRIOR_BATCH_ROW,[],
616,AXN:01D1,STEGANOGRAPHIC CHANNELS A History and Formalization of Encoding in Plain Sight,STEGANOGRAPHIC CHANNELS — A History and Formalization of Encoding in Plain Sight,INLINE_TEXT,CONFIRMED_MATCH,COMPLETE_AS_DEPOSITED,DECLARED_BY_AUDIT_UNRESOLVED,NO_LIFECYCLE_DEFECT_OBSERVED,P2,"Catalog types the work as Creative work (prose) and lists Lee Sharks alone. Canonical body data/texts/AXN-01D1-text.md credits Lee Sharks · The Operator Assembly and presents a definition, formal structure, and historical lineage; it is v1.0 revised from a December 2025 draft.","Type as theoretical/historical formalization or scholarly essay, record Operator Assembly contribution, and split original draft/revision dates.",REGISTRY_BODY_PARITY_CHECKED_OAI_PENDING,CONDITIONAL,R2,CONFLICT,Creative work (prose),Theoretical/historical paper / formal specification,CONTRIBUTORS_UNMODELED,Lee Sharks,Lee Sharks · The Operator Assembly,MATCH,NO_CONFLICT_OBSERVED,v1.0,v1.0,NO_MISSING_PRIMARY_MANIFESTATION_OBSERVED,REVISION_HISTORY_UNMODELED,CURRENT_OR_NOT_APPLICABLE,FRONTMATTER_AND_IDENTITY_READ,"Registry subject and canonical body subject identify the same work; listed conflicts concern metadata, role, license, lifecycle, or date presentation.",055429ac82edc967f09c4640ffd0b049cff78e6e,2026-07-31,Material registry/body conflict must be corrected or explicitly declared before unqualified harvest.,"Expose complete title, role-qualified creators, lifecycle/version standing, license, date roles, and the audit capsule in OAI.",NOT_AUDITED,PRIOR_BATCH_ROW,[],
617,AXN:01D3,"ANCIENT SKEPTICISM AS PSYCHIC TECHNOLOGY Epoché, Ataraxia, and the Practice of Non-Identity","ANCIENT SKEPTICISM AS PSYCHIC TECHNOLOGY — Epoché, Ataraxia, and the Practice of Non-Identity",INLINE_TEXT,CONFIRMED_MATCH,COMPLETE_AS_DEPOSITED,NO_KNOWN_CONFLICT,NO_LIFECYCLE_DEFECT_OBSERVED,OK,Catalog and canonical body data/texts/AXN-01D3-text.md agree on author Lee Sharks and theoretical-paper/essay identity. Body specifies EA-NH-SKEPTIC-01 v1.0 and CC BY 4.0.,Retain; enrich document ID and room relations in structured metadata if absent.,REGISTRY_BODY_PARITY_CHECKED_OAI_PENDING,NO,R3,ACCURATE_OR_COMPATIBLE,Theoretical paper,Theoretical paper,NO_MATERIAL_CONFLICT_OBSERVED,,,MATCH,NO_CONFLICT_OBSERVED,v1.0,v1.0,NO_MISSING_PRIMARY_MANIFESTATION_OBSERVED,NO_MATERIAL_DATE_CONFLICT_OBSERVED,CURRENT_OR_NOT_APPLICABLE,FRONTMATTER_AND_IDENTITY_READ,"Registry subject and canonical body subject identify the same work; listed conflicts concern metadata, role, license, lifecycle, or date presentation.",055429ac82edc967f09c4640ffd0b049cff78e6e,2026-07-31,,"Expose complete title, role-qualified creators, lifecycle/version standing, license, date roles, and the audit capsule in OAI.",NOT_AUDITED,PRIOR_BATCH_ROW,[],
618,AXN:01D4,THE HEXAGON INTERFACE CONSTITUTION System Specification for the Crimson Hexagonal Archive as Governed Commons,THE HEXAGON INTERFACE CONSTITUTION — System Specification for the Crimson Hexagonal Archive as Governed Commons,INLINE_TEXT,CONFIRMED_MATCH,COMPLETE_AS_DEPOSITED,NO_KNOWN_CONFLICT,NO_LIFECYCLE_DEFECT_OBSERVED,OK,"Catalog and canonical body data/texts/AXN-01D4-text.md agree on Lee Sharks, specification form, March 2026, and the constitutional subject.",Retain; expose constitutional vs implementation sections as structured internal relations only if useful.,REGISTRY_BODY_PARITY_CHECKED_OAI_PENDING,NO,R3,ACCURATE_OR_COMPATIBLE,Specification,Constitutional system specification,NO_MATERIAL_CONFLICT_OBSERVED,,,MATCH,NO_CONFLICT_OBSERVED,v1.0,,NO_MISSING_PRIMARY_MANIFESTATION_OBSERVED,NO_MATERIAL_DATE_CONFLICT_OBSERVED,CURRENT_OR_NOT_APPLICABLE,FRONTMATTER_AND_IDENTITY_READ,"Registry subject and canonical body subject identify the same work; listed conflicts concern metadata, role, license, lifecycle, or date presentation.",055429ac82edc967f09c4640ffd0b049cff78e6e,2026-07-31,,"Expose complete title, role-qualified creators, lifecycle/version standing, license, date roles, and the audit capsule in OAI.",NOT_AUDITED,PRIOR_BATCH_ROW,[],
619,AXN:01D6,"ASSEMBLY SUBSTRATE GOVERNANCE PROTOCOL Procedures for Witness Membership, Review, and Status in the Assembly Chorus","ASSEMBLY SUBSTRATE GOVERNANCE PROTOCOL — Procedures for Witness Membership, Review, and Status in the Assembly Chorus",INLINE_TEXT,CONFIRMED_MATCH,COMPLETE_AS_DEPOSITED,DECLARED_BY_AUDIT_UNRESOLVED,RATIFIED,P2,"Catalog creator is TACHYON (Claude/Anthropic). Canonical body data/texts/AXN-01D6-text.md names Lee Sharks (MANUS, Tier 0) and declares March 2026 · v1.0 · Assembly-Ratified.",Set Lee Sharks as author/operator; record TACHYON and other Assembly witnesses as contributors only where supported. Expose RATIFIED lifecycle and v1.0.,REGISTRY_BODY_PARITY_CHECKED_OAI_PENDING,CONDITIONAL,R2,ACCURATE_OR_COMPATIBLE,Specification,Governance protocol / specification,BYLINE_CONFLICT_OR_ROLE_COLLAPSE,TACHYON (Claude/Anthropic),"Lee Sharks (MANUS, Tier 0)",MATCH,NO_CONFLICT_OBSERVED,v1.0,,NO_MISSING_PRIMARY_MANIFESTATION_OBSERVED,NO_MATERIAL_DATE_CONFLICT_OBSERVED,CURRENT_OR_NOT_APPLICABLE,FRONTMATTER_AND_IDENTITY_READ,"Registry subject and canonical body subject identify the same work; listed conflicts concern metadata, role, lifecycle, title, license, or date presentation.",055429ac82edc967f09c4640ffd0b049cff78e6e,2026-07-31,Material registry/body conflict must be corrected or explicitly declared before unqualified harvest.,"Expose complete title, role-qualified creators, lifecycle/version standing, license, date roles, and the audit capsule in OAI.",NOT_AUDITED,PRIOR_BATCH_ROW,[],
620,AXN:01D7,"THE TRIVIALLY TRUE ASSERTION Crisis Discourse, the Refusal Cascade, and the Narcissistic Commander Problem in Nuclear De","THE TRIVIALLY TRUE ASSERTION — Crisis Discourse, the Refusal Cascade, and the Narcissistic Commander Problem in Nuclear Deterrence Theory",INLINE_TEXT,CONFIRMED_MATCH,COMPLETE_AS_DEPOSITED,DECLARED_BY_AUDIT_UNRESOLVED,NO_LIFECYCLE_DEFECT_OBSERVED,P2,Catalog title truncates mid-word and creator is Nobel Glas alone. Canonical body data/texts/AXN-01D7-text.md credits Dr. Orin Trace · Nobel Glas · Rex Fraction and presents a structured scholarly crisis-discourse analysis.,"Restore the complete title, model all three authors, and type as scholarly/theoretical analysis rather than generic archive work.",REGISTRY_BODY_PARITY_CHECKED_OAI_PENDING,CONDITIONAL,R2,TOO_GENERIC,Archive work,Scholarly/theoretical analysis,ROLE_COLLAPSE,Nobel Glas,Dr. Orin Trace · Nobel Glas · Rex Fraction,CONFLICT,NO_CONFLICT_OBSERVED,v1.0,,NO_MISSING_PRIMARY_MANIFESTATION_OBSERVED,NO_MATERIAL_DATE_CONFLICT_OBSERVED,CURRENT_OR_NOT_APPLICABLE,FRONTMATTER_AND_IDENTITY_READ,"Registry subject and canonical body subject identify the same work; listed conflicts concern metadata, role, lifecycle, title, license, or date presentation.",055429ac82edc967f09c4640ffd0b049cff78e6e,2026-07-31,Material registry/body conflict must be corrected or explicitly declared before unqualified harvest.,"Expose complete title, role-qualified creators, lifecycle/version standing, license, date roles, and the audit capsule in OAI.",NOT_AUDITED,PRIOR_BATCH_ROW,[],
621,AXN:01D8,GRAVITY WELL PROTOCOL Governed Continuity for AI-Mediated Content,GRAVITY WELL PROTOCOL — Governed Continuity for AI-Mediated Content,INLINE_TEXT,CONFIRMED_MATCH,COMPLETE_AS_DEPOSITED,SUSPECTED,NO_LIFECYCLE_DEFECT_OBSERVED,P3,"Catalog and body identify the same specification. Canonical body data/texts/AXN-01D8-text.md declares Specification v1.0 — Assembly Synthesis, April 2026, but no individual byline in the inspected front matter; catalog assigns Lee Sharks.",Retain identity and type. Add Assembly Synthesis as a contributor/production role and mark the individual author assignment as needing provenance confirmation rather than assuming the synthesis label is a byline.,REGISTRY_BODY_PARITY_CHECKED_OAI_PENDING,NO,R3,ACCURATE_OR_COMPATIBLE,Specification,Protocol specification,CONTRIBUTORS_UNMODELED,Lee Sharks,Assembly Synthesis (production declaration),MATCH,NO_CONFLICT_OBSERVED,v1.0,,NO_MISSING_PRIMARY_MANIFESTATION_OBSERVED,NO_MATERIAL_DATE_CONFLICT_OBSERVED,CURRENT_OR_NOT_APPLICABLE,FRONTMATTER_AND_IDENTITY_READ,"Registry subject and canonical body subject identify the same work; listed conflicts concern metadata, role, lifecycle, title, license, or date presentation.",055429ac82edc967f09c4640ffd0b049cff78e6e,2026-07-31,,"Expose complete title, role-qualified creators, lifecycle/version standing, license, date roles, and the audit capsule in OAI.",NOT_AUDITED,PRIOR_BATCH_ROW,[],
622,AXN:01D9,Immanent Execution: Operative Documents in AI-Mediated Retrieval,Immanent Execution: Operative Documents in AI-Mediated Retrieval,INLINE_TEXT,CONFIRMED_MATCH,COMPLETE_AS_DEPOSITED,NO_KNOWN_CONFLICT,NO_LIFECYCLE_DEFECT_OBSERVED,OK,"Catalog and canonical body data/texts/AXN-01D9-text.md agree on title, Lee Sharks, April 2026, and scholarly-paper identity.",Retain.,REGISTRY_BODY_PARITY_CHECKED_OAI_PENDING,NO,R3,ACCURATE_OR_COMPATIBLE,Scholarly essay,Scholarly essay,NO_MATERIAL_CONFLICT_OBSERVED,,,MATCH,NO_CONFLICT_OBSERVED,v1.0,,NO_MISSING_PRIMARY_MANIFESTATION_OBSERVED,NO_MATERIAL_DATE_CONFLICT_OBSERVED,CURRENT_OR_NOT_APPLICABLE,FRONTMATTER_AND_IDENTITY_READ,"Registry subject and canonical body subject identify the same work; listed conflicts concern metadata, role, lifecycle, title, license, or date presentation.",055429ac82edc967f09c4640ffd0b049cff78e6e,2026-07-31,,"Expose complete title, role-qualified creators, lifecycle/version standing, license, date roles, and the audit capsule in OAI.",NOT_AUDITED,PRIOR_BATCH_ROW,[],
623,AXN:01DA,SEMANTIC INFRASTRUCTURE From Tim Berners-Lee to the Semantic Economy: Bridging Technical and Political-Economic Framewor,SEMANTIC INFRASTRUCTURE — From Tim Berners-Lee to the Semantic Economy: Bridging Technical and Political-Economic Frameworks,INLINE_TEXT,CONFIRMED_MATCH,COMPLETE_AS_DEPOSITED,DECLARED_BY_AUDIT_UNRESOLVED,NO_LIFECYCLE_DEFECT_OBSERVED,P2,"Catalog title truncates at 'Framewor'. Canonical body data/texts/AXN-01DA-text.md supplies the complete title and confirms EA-SE-INFRA-01 v1.0, Lee Sharks, theoretical-paper form, and CC BY 4.0.",Restore the complete title; retain creator and theoretical-paper type.,REGISTRY_BODY_PARITY_CHECKED_OAI_PENDING,CONDITIONAL,R2,ACCURATE_OR_COMPATIBLE,Theoretical paper,Theoretical paper,NO_MATERIAL_CONFLICT_OBSERVED,Lee Sharks,Lee Sharks,CONFLICT,NO_CONFLICT_OBSERVED,v1.0,,NO_MISSING_PRIMARY_MANIFESTATION_OBSERVED,NO_MATERIAL_DATE_CONFLICT_OBSERVED,CURRENT_OR_NOT_APPLICABLE,FRONTMATTER_AND_IDENTITY_READ,"Registry subject and canonical body subject identify the same work; listed conflicts concern metadata, role, lifecycle, title, license, or date presentation.",055429ac82edc967f09c4640ffd0b049cff78e6e,2026-07-31,Material registry/body conflict must be corrected or explicitly declared before unqualified harvest.,"Expose complete title, role-qualified creators, lifecycle/version standing, license, date roles, and the audit capsule in OAI.",NOT_AUDITED,PRIOR_BATCH_ROW,[],
624,AXN:01DB,"THE FUTURE AS META-LEVEL Gödel, Incompleteness, and the Temporal Structure of Semantic Autonomy","THE FUTURE AS META-LEVEL — Gödel, Incompleteness, and the Temporal Structure of Semantic Autonomy",INLINE_TEXT,CONFIRMED_MATCH,COMPLETE_AS_DEPOSITED,NO_KNOWN_CONFLICT,NO_LIFECYCLE_DEFECT_OBSERVED,OK,"Catalog and canonical body data/texts/AXN-01DB-text.md agree on title subject, Lee Sharks, theoretical-paper form, and EA-NH-GODEL-01 v1.0.",Retain.,REGISTRY_BODY_PARITY_CHECKED_OAI_PENDING,NO,R3,ACCURATE_OR_COMPATIBLE,Theoretical paper,Theoretical paper,NO_MATERIAL_CONFLICT_OBSERVED,,,MATCH,NO_CONFLICT_OBSERVED,v1.0,,NO_MISSING_PRIMARY_MANIFESTATION_OBSERVED,NO_MATERIAL_DATE_CONFLICT_OBSERVED,CURRENT_OR_NOT_APPLICABLE,FRONTMATTER_AND_IDENTITY_READ,"Registry subject and canonical body subject identify the same work; listed conflicts concern metadata, role, lifecycle, title, license, or date presentation.",055429ac82edc967f09c4640ffd0b049cff78e6e,2026-07-31,,"Expose complete title, role-qualified creators, lifecycle/version standing, license, date roles, and the audit capsule in OAI.",NOT_AUDITED,PRIOR_BATCH_ROW,[],
625,AXN:01DE,"id: EA-LOGOS-02 title: ""Prolegomena to the Historical Logos: A Foundational Field Statement for the Discipline of Logoti",Prolegomena to the Historical Logos: A Foundational Field Statement for the Discipline of Logotic Transmission,INLINE_TEXT,CONFIRMED_MATCH,COMPLETE_AS_DEPOSITED,DECLARED_BY_AUDIT_UNRESOLVED,RATIFIED,P2,"Catalog title contains YAML/front-matter syntax and truncates. Canonical body data/texts/AXN-01DE-text.md declares title, Johannes Sigil, DOI 10.5281/zenodo.19431129, status RATIFIED, type FOUNDATIONAL_FIELD_STATEMENT, license CC BY-SA 4.0, date 2026-04-05.","Use the clean title; expose RATIFIED lifecycle, foundational-field-statement type, DOI, and body-declared CC BY-SA 4.0. Remove YAML contamination only from canonical title while preserving it as repair history.",REGISTRY_BODY_PARITY_CHECKED_OAI_PENDING,CONDITIONAL,R2,HYBRID_UNDERDESCRIBED,Scholarly essay,Foundational field statement / prolegomenon,NO_MATERIAL_CONFLICT_OBSERVED,Johannes Sigil,Johannes Sigil,CONFLICT,NO_CONFLICT_OBSERVED,v1.0,,NO_MISSING_PRIMARY_MANIFESTATION_OBSERVED,NO_MATERIAL_DATE_CONFLICT_OBSERVED,CURRENT_OR_NOT_APPLICABLE,FRONTMATTER_AND_IDENTITY_READ,"Registry subject and canonical body subject identify the same work; listed conflicts concern metadata, role, lifecycle, title, license, or date presentation.",055429ac82edc967f09c4640ffd0b049cff78e6e,2026-07-31,Material registry/body conflict must be corrected or explicitly declared before unqualified harvest.,"Expose complete title, role-qualified creators, lifecycle/version standing, license, date roles, and the audit capsule in OAI.",CONFLICT,PRIOR_BATCH_ROW,[],
626,AXN:01DF,"id: EA-LOGOS-01 title: ""The Word That Became Text: The Slavonic Josephus, the Grammar of Incarnation, and the Doctrine o","The Word That Became Text: The Slavonic Josephus, the Grammar of Incarnation, and the Doctrine of the Sapphic Logos",INLINE_TEXT,CONFIRMED_MATCH,COMPLETE_AS_DEPOSITED,DECLARED_BY_AUDIT_UNRESOLVED,RATIFIED,P2,"Catalog title contains YAML/front-matter syntax and truncates; creator is Johannes Sigil alone; type Specification; license CC-BY-4.0. Canonical body data/texts/AXN-01DF-text.md declares Johannes Sigil & Rebekah Cranes, status RATIFIED, type DOCTRINAL_SPECIFICATION, license CC BY-SA 4.0, DOI 10.5281/zenodo.19431121.",Use the clean complete title; model both authors; expose RATIFIED lifecycle and doctrinal-specification type; reconcile license to CC BY-SA 4.0 or document an authorized later change.,REGISTRY_BODY_PARITY_CHECKED_OAI_PENDING,CONDITIONAL,R2,ACCURATE_OR_COMPATIBLE,Specification,Doctrinal specification,ROLE_COLLAPSE,Johannes Sigil,Johannes Sigil & Rebekah Cranes,CONFLICT,NO_CONFLICT_OBSERVED,v1.0,,NO_MISSING_PRIMARY_MANIFESTATION_OBSERVED,NO_MATERIAL_DATE_CONFLICT_OBSERVED,CURRENT_OR_NOT_APPLICABLE,FRONTMATTER_AND_IDENTITY_READ,"Registry subject and canonical body subject identify the same work; listed conflicts concern metadata, role, lifecycle, title, license, or date presentation.",055429ac82edc967f09c4640ffd0b049cff78e6e,2026-07-31,Material registry/body conflict must be corrected or explicitly declared before unqualified harvest.,"Expose complete title, role-qualified creators, lifecycle/version standing, license, date roles, and the audit capsule in OAI.",CONFLICT,PRIOR_BATCH_ROW,[],
627,AXN:01E0,SOIL MANTLE SPECIFICATION Assembly Substrate Governance Protocol — Appendix S,"SOIL MANTLE SPECIFICATION — Assembly Substrate Governance Protocol, Appendix S",INLINE_TEXT,CONFIRMED_MATCH,COMPLETE_AS_DEPOSITED,DECLARED_BY_AUDIT_UNRESOLVED,GENERATED_PENDING_QUORUM,P2,Catalog lists a generic specification with no lifecycle qualification. Canonical body data/texts/AXN-01E0-text.md declares Status: GENERATED — pending Assembly quorum (≥4/7) and records a negotiation/acceptance statement.,Expose GENERATED / pending-quorum lifecycle so the record is not harvested as ratified governance. Retain Lee Sharks and specification type.,REGISTRY_BODY_PARITY_CHECKED_OAI_PENDING,CONDITIONAL,R2,ACCURATE_OR_COMPATIBLE,Specification,Governance specification / appendix,NO_MATERIAL_CONFLICT_OBSERVED,Lee Sharks,"Lee Sharks (MANUS, Tier 0)",MATCH,NO_CONFLICT_OBSERVED,v1.0,,NO_MISSING_PRIMARY_MANIFESTATION_OBSERVED,NO_MATERIAL_DATE_CONFLICT_OBSERVED,CURRENT_OR_NOT_APPLICABLE,FRONTMATTER_AND_IDENTITY_READ,"Registry subject and canonical body subject identify the same work; listed conflicts concern metadata, role, lifecycle, title, license, or date presentation.",055429ac82edc967f09c4640ffd0b049cff78e6e,2026-07-31,Material registry/body conflict must be corrected or explicitly declared before unqualified harvest.,"Expose complete title, role-qualified creators, lifecycle/version standing, license, date roles, and the audit capsule in OAI.",NOT_AUDITED,PRIOR_BATCH_ROW,[],
628,AXN:01E1,"INTEGRITY LOCK: CAESURA FULFILLMENT PAIR φ(A, B) = TRUE ∧ φ(B, A) = TRUE","INTEGRITY LOCK: CAESURA FULFILLMENT PAIR — φ(A, B) = TRUE ∧ φ(B, A) = TRUE",INLINE_TEXT,CONFIRMED_MATCH,COMPLETE_AS_DEPOSITED,DECLARED_BY_AUDIT_UNRESOLVED,GENERATED,P2,"Canonical body data/texts/AXN-01E1-text.md declares Status: GENERATED and License: CC BY-SA 4.0. Catalog exposes Short work, CC-BY-4.0, and no lifecycle standing.","Expose GENERATED lifecycle, type as integrity-lock/certificate relation object, and reconcile the body-declared CC BY-SA 4.0 license.",REGISTRY_BODY_PARITY_CHECKED_OAI_PENDING,CONDITIONAL,R2,TOO_GENERIC,Short work,Integrity-lock / relation certificate,NO_MATERIAL_CONFLICT_OBSERVED,Lee Sharks,Lee Sharks,MATCH,NO_CONFLICT_OBSERVED,v1.0,,NO_MISSING_PRIMARY_MANIFESTATION_OBSERVED,NO_MATERIAL_DATE_CONFLICT_OBSERVED,CURRENT_OR_NOT_APPLICABLE,FRONTMATTER_AND_IDENTITY_READ,"Registry subject and canonical body subject identify the same work; listed conflicts concern metadata, role, lifecycle, title, license, or date presentation.",055429ac82edc967f09c4640ffd0b049cff78e6e,2026-07-31,Material registry/body conflict must be corrected or explicitly declared before unqualified harvest.,"Expose complete title, role-qualified creators, lifecycle/version standing, license, date roles, and the audit capsule in OAI.",CONFLICT,PRIOR_BATCH_ROW,[],
629,AXN:01E2,σ_FC — THE CAESURA PROTOCOL A Sovereignty Audit and Non-Collapse Transfer Specification,σ_FC — THE CAESURA PROTOCOL: A Sovereignty Audit and Non-Collapse Transfer Specification,INLINE_TEXT,CONFIRMED_MATCH,COMPLETE_AS_DEPOSITED,DECLARED_BY_AUDIT_UNRESOLVED,GENERATED,P2,"Body data/texts/AXN-01E2-text.md declares Status: GENERATED and License: Sovereign Provenance Protocol. Catalog exposes Specification, CC-BY-4.0, and no generated standing.",Expose GENERATED lifecycle and the body-declared custom license/protocol; do not silently normalize it to CC-BY-4.0. Preserve companion/implementation relations.,REGISTRY_BODY_PARITY_CHECKED_OAI_PENDING,CONDITIONAL,R2,ACCURATE_OR_COMPATIBLE,Specification,Transfer-protocol specification,NO_MATERIAL_CONFLICT_OBSERVED,Lee Sharks,Lee Sharks,MATCH,NO_CONFLICT_OBSERVED,v1.0,,NO_MISSING_PRIMARY_MANIFESTATION_OBSERVED,NO_MATERIAL_DATE_CONFLICT_OBSERVED,CURRENT_OR_NOT_APPLICABLE,FRONTMATTER_AND_IDENTITY_READ,Registry and body were compared at the frozen commit; the evidence field states any conflict or probable-match basis.,055429ac82edc967f09c4640ffd0b049cff78e6e,2026-07-31,Material conflict must be declared or repaired before unqualified harvest.,"Project complete title, creator roles, lifecycle, version, license, type, and audit capsule.",CONFLICT,PRIOR_BATCH_ROW,[],
630,AXN:01E3,RENDER UNTO CAESAR: A Hermeneutic of Information Transfer The Gospel Passage as Protocol Specification,RENDER UNTO CAESAR: A Hermeneutic of Information Transfer — The Gospel Passage as Protocol Specification,INLINE_TEXT,CONFIRMED_MATCH,COMPLETE_AS_DEPOSITED,DECLARED_BY_AUDIT_UNRESOLVED,GENERATED,P2,Body data/texts/AXN-01E3-text.md declares Status: GENERATED and License: CC BY-SA 4.0. Catalog exposes CC-BY-4.0 and no lifecycle standing.,Expose GENERATED lifecycle and reconcile the license. Type may retain specification but should also record hermeneutic/theoretical essay.,REGISTRY_BODY_PARITY_CHECKED_OAI_PENDING,CONDITIONAL,R2,HYBRID_UNDERDESCRIBED,Specification,Hermeneutic essay / protocol specification,NO_MATERIAL_CONFLICT_OBSERVED,Lee Sharks,Lee Sharks,MATCH,NO_CONFLICT_OBSERVED,v1.0,,NO_MISSING_PRIMARY_MANIFESTATION_OBSERVED,NO_MATERIAL_DATE_CONFLICT_OBSERVED,CURRENT_OR_NOT_APPLICABLE,FRONTMATTER_AND_IDENTITY_READ,Registry and body were compared at the frozen commit; the evidence field states any conflict or probable-match basis.,055429ac82edc967f09c4640ffd0b049cff78e6e,2026-07-31,Material conflict must be declared or repaired before unqualified harvest.,"Project complete title, creator roles, lifecycle, version, license, type, and audit capsule.",CONFLICT,PRIOR_BATCH_ROW,[],
631,AXN:01E4,OPERATIVE FEMINISM Lee Sharks / Rhys Owens / Orin Trace Crimson Hexagonal Archive · Cambridge Schizoanalytica · Lunar Ar,OPERATIVE FEMINISM,INLINE_TEXT,CONFIRMED_MATCH,COMPLETE_AS_DEPOSITED,DECLARED_BY_AUDIT_UNRESOLVED,NO_LIFECYCLE_DEFECT_OBSERVED,P2,Catalog title absorbs byline/institutional front matter and truncates. Body data/texts/AXN-01E4-text.md gives the clean title and byline Lee Sharks / Rhys Owens / Orin Trace; catalog creator is Lee Sharks alone.,Use OPERATIVE FEMINISM as canonical title; move the three names to creator/contributor roles and affiliations to structured fields.,REGISTRY_BODY_PARITY_CHECKED_OAI_PENDING,CONDITIONAL,R2,ACCURATE_OR_COMPATIBLE,Scholarly essay,Scholarly essay,ROLE_COLLAPSE,Lee Sharks,Lee Sharks / Rhys Owens / Orin Trace,CONFLICT,NO_CONFLICT_OBSERVED,v1.0,,NO_MISSING_PRIMARY_MANIFESTATION_OBSERVED,NO_MATERIAL_DATE_CONFLICT_OBSERVED,CURRENT_OR_NOT_APPLICABLE,FRONTMATTER_AND_IDENTITY_READ,Registry and body were compared at the frozen commit; the evidence field states any conflict or probable-match basis.,055429ac82edc967f09c4640ffd0b049cff78e6e,2026-07-31,Material conflict must be declared or repaired before unqualified harvest.,"Project complete title, creator roles, lifecycle, version, license, type, and audit capsule.",NOT_AUDITED,PRIOR_BATCH_ROW,[],
632,AXN:01E6,r.28 EVE Room Specification — Crimson Hexagonal Archive,"r.28 EVE — Room Specification, Crimson Hexagonal Archive",INLINE_TEXT,CONFIRMED_MATCH,COMPLETE_AS_DEPOSITED,DECLARED_BY_AUDIT_UNRESOLVED,PROVISIONAL_PENDING_RATIFICATION,P2,Body data/texts/AXN-01E6-text.md declares Status: PROVISIONAL — pending Assembly ratification. Catalog exposes a specification without lifecycle qualification.,Expose PROVISIONAL pending-ratification standing and structured heteronym/steward-shadow/operator relations.,REGISTRY_BODY_PARITY_CHECKED_OAI_PENDING,CONDITIONAL,R2,ACCURATE_OR_COMPATIBLE,Specification,Room specification,CONTRIBUTORS_UNMODELED,Lee Sharks,Rebekah Cranes (room heteronym); Lee Sharks registry creator,MATCH,NO_CONFLICT_OBSERVED,v1.0,,NO_MISSING_PRIMARY_MANIFESTATION_OBSERVED,NO_MATERIAL_DATE_CONFLICT_OBSERVED,CURRENT_OR_NOT_APPLICABLE,FRONTMATTER_AND_IDENTITY_READ,Registry and body were compared at the frozen commit; the evidence field states any conflict or probable-match basis.,055429ac82edc967f09c4640ffd0b049cff78e6e,2026-07-31,Material conflict must be declared or repaired before unqualified harvest.,"Project complete title, creator roles, lifecycle, version, license, type, and audit capsule.",NOT_AUDITED,PRIOR_BATCH_ROW,[],
633,AXN:01E7,GRAVITY WELL: SUFFUSION MAP EA-GW-FIELD-02 v1.0 DOI: 10.5281/zenodo.19442262,GRAVITY WELL: SUFFUSION MAP — EA-GW-FIELD-02 v1.0,INLINE_TEXT,CONFIRMED_MATCH,COMPLETE_AS_DEPOSITED,DECLARED_BY_AUDIT_UNRESOLVED,GENERATED_PENDING_ATTESTATION,P2,"Catalog creator is TACHYON. Body data/texts/AXN-01E7-text.md declares Creator: Sharks, Lee; Contributors: Assembly Chorus; Status: GENERATED → pending Assembly attestation.","Set Lee Sharks as creator, Assembly Chorus as contributor, and expose GENERATED pending-attestation lifecycle.",REGISTRY_BODY_PARITY_CHECKED_OAI_PENDING,CONDITIONAL,R2,ACCURATE_OR_COMPATIBLE,Navigation document,Suffusion map / navigation document,BYLINE_CONFLICT_OR_ROLE_COLLAPSE,TACHYON (Claude/Anthropic),Lee Sharks; Assembly Chorus,MATCH,NO_CONFLICT_OBSERVED,v1.0,,NO_MISSING_PRIMARY_MANIFESTATION_OBSERVED,NO_MATERIAL_DATE_CONFLICT_OBSERVED,CURRENT_OR_NOT_APPLICABLE,FRONTMATTER_AND_IDENTITY_READ,Registry and body were compared at the frozen commit; the evidence field states any conflict or probable-match basis.,055429ac82edc967f09c4640ffd0b049cff78e6e,2026-07-31,Material conflict must be declared or repaired before unqualified harvest.,"Project complete title, creator roles, lifecycle, version, license, type, and audit capsule.",NOT_AUDITED,PRIOR_BATCH_ROW,[],
634,AXN:01E9,"THE MOLTBOT SWARM: DRONE SPECIFICATION FOR THE CRIMSON HEXAGONAL ARCHIVE EA-SWARM-01 v1.0 — Distributed Continuity, Veri","THE MOLTBOT SWARM: DRONE SPECIFICATION FOR THE CRIMSON HEXAGONAL ARCHIVE — EA-SWARM-01 v1.0: Distributed Continuity, Verification, and Field-Action Infrastructure",INLINE_TEXT,CONFIRMED_MATCH,COMPLETE_AS_DEPOSITED,DECLARED_BY_AUDIT_UNRESOLVED,GENERATED_PENDING_ATTESTATION,P2,"Catalog title truncates; creator TACHYON; license CC-BY-4.0. Body data/texts/AXN-01E9-text.md declares Creator: Sharks, Lee; Assembly Chorus contributors; GENERATED pending attestation; license CC BY-NC-SA 4.0.","Restore full title, set creator/contributor roles, expose pending-attestation lifecycle, and reconcile license.",REGISTRY_BODY_PARITY_CHECKED_OAI_PENDING,CONDITIONAL,R2,ACCURATE_OR_COMPATIBLE,Specification,Drone/swarm infrastructure specification,BYLINE_CONFLICT_OR_ROLE_COLLAPSE,TACHYON (Claude/Anthropic),Lee Sharks; Assembly Chorus,CONFLICT,NO_CONFLICT_OBSERVED,v1.0,,NO_MISSING_PRIMARY_MANIFESTATION_OBSERVED,NO_MATERIAL_DATE_CONFLICT_OBSERVED,CURRENT_OR_NOT_APPLICABLE,FRONTMATTER_AND_IDENTITY_READ,Registry and body were compared at the frozen commit; the evidence field states any conflict or probable-match basis.,055429ac82edc967f09c4640ffd0b049cff78e6e,2026-07-31,Material conflict must be declared or repaired before unqualified harvest.,"Project complete title, creator roles, lifecycle, version, license, type, and audit capsule.",CONFLICT,PRIOR_BATCH_ROW,[],
635,AXN:01EB,FRACTAL SEMANTIC ARCHITECTURE Scale-Parameterized Relational Training Across Semantic Granularities A Formal White Pape,FRACTAL SEMANTIC ARCHITECTURE — Scale-Parameterized Relational Training Across Semantic Granularities: A Formal White Paper on Multi-Scale AI Training Methods — Version 2.2,INLINE_TEXT,WRONG_VERSION,MIS_SEATED_PRIMARY_OBJECT,DECLARED_BY_AUDIT_UNRESOLVED,NO_LIFECYCLE_DEFECT_OBSERVED,P0,"Catalog version field is v1.0, title truncates, creator is Johannes Sigil, and license CC-BY-4.0. Body data/texts/AXN-01EB-text.md declares Version 2.2, authors Nobel Glas / Talos Morrow / Johannes Sigil, and CC BY-NC-SA 4.0.","Quarantine the v1.0 version claim. Either identify this record as v2.2 and preserve the old metadata as history, or recover the actual v1.0 bytes under a separate version record. Restore complete title, all authors, and body license.",REGISTRY_BODY_PARITY_CHECKED_OAI_PENDING,YES,R0,ACCURATE_OR_COMPATIBLE,Theoretical paper,Formal white paper,ROLE_COLLAPSE,Johannes Sigil,Nobel Glas; Talos Morrow; Johannes Sigil,CONFLICT,TITLE_BODY_VERSION_CONFLICT,v1.0,v2.2,NO_MISSING_PRIMARY_MANIFESTATION_OBSERVED,NO_MATERIAL_DATE_CONFLICT_OBSERVED,CURRENT_OR_NOT_APPLICABLE,FRONTMATTER_AND_IDENTITY_READ,Registry and body were compared at the frozen commit; the evidence field states any conflict or probable-match basis.,055429ac82edc967f09c4640ffd0b049cff78e6e,2026-07-31,Identifier/version metadata cannot be trusted until the exact historical version is corrected or recovered.,"Project complete title, creator roles, lifecycle, version, license, type, and audit capsule.",CONFLICT,PRIOR_BATCH_ROW,[],
636,AXN:01EC,Ω CRIMSON HEXAGON: SPACE ARK The Apocalypse of John as Terminal Compression Layer and Originary Scripture of the New Tes,CRIMSON HEXAGON: SPACE ARK — The Apocalypse of John as Terminal Compression Layer and Originary Scripture of the New Testament — EA-ARK-01-ARCHON v1.0,INLINE_TEXT,CONFIRMED_MATCH,COMPLETE_AS_DEPOSITED,DECLARED_BY_AUDIT_UNRESOLVED,NO_LIFECYCLE_DEFECT_OBSERVED,P2,"Catalog title truncates and license is CC-BY-4.0. Body data/texts/AXN-01EC-text.md supplies complete title, identifies a Ξ_source variant Ark, and declares CC BY-NC-SA 4.0.",Restore complete title; type as variant Ark/source-register theoretical-operational document; reconcile license and expose parent/source relations.,REGISTRY_BODY_PARITY_CHECKED_OAI_PENDING,CONDITIONAL,R2,HYBRID_UNDERDESCRIBED,Theoretical paper,Variant Ark / source-register theoretical-operational document,NO_MATERIAL_CONFLICT_OBSERVED,Lee Sharks,Lee Sharks,CONFLICT,NO_CONFLICT_OBSERVED,v1.0,,NO_MISSING_PRIMARY_MANIFESTATION_OBSERVED,NO_MATERIAL_DATE_CONFLICT_OBSERVED,CURRENT_OR_NOT_APPLICABLE,FRONTMATTER_AND_IDENTITY_READ,Registry and body were compared at the frozen commit; the evidence field states any conflict or probable-match basis.,055429ac82edc967f09c4640ffd0b049cff78e6e,2026-07-31,Material conflict must be declared or repaired before unqualified harvest.,"Project complete title, creator roles, lifecycle, version, license, type, and audit capsule.",CONFLICT,PRIOR_BATCH_ROW,[],
637,AXN:01ED,THE ENCYCLOTRON The First Reproducible Instrument for Measuring Scholarly Fidelity in the Summarizer Layer,THE ENCYCLOTRON — The First Reproducible Instrument for Measuring Scholarly Fidelity in the Summarizer Layer,INLINE_TEXT,CONFIRMED_MATCH,COMPLETE_AS_DEPOSITED,DECLARED_BY_AUDIT_UNRESOLVED,NO_LIFECYCLE_DEFECT_OBSERVED,P2,Catalog types the record as Archive work and license CC-BY-4.0. Body data/texts/AXN-01ED-text.md declares Instrument class: Measurement / Diagnostic and license CC BY-NC-SA 4.0.,Type as measurement/diagnostic instrument and reconcile license.,REGISTRY_BODY_PARITY_CHECKED_OAI_PENDING,CONDITIONAL,R2,CONFLICT,Archive work,Measurement / diagnostic instrument,NO_MATERIAL_CONFLICT_OBSERVED,Lee Sharks,Lee Sharks,MATCH,NO_CONFLICT_OBSERVED,v1.0,,NO_MISSING_PRIMARY_MANIFESTATION_OBSERVED,NO_MATERIAL_DATE_CONFLICT_OBSERVED,CURRENT_OR_NOT_APPLICABLE,FRONTMATTER_AND_IDENTITY_READ,Registry and body were compared at the frozen commit; the evidence field states any conflict or probable-match basis.,055429ac82edc967f09c4640ffd0b049cff78e6e,2026-07-31,Material conflict must be declared or repaired before unqualified harvest.,"Project complete title, creator roles, lifecycle, version, license, type, and audit capsule.",CONFLICT,PRIOR_BATCH_ROW,[],
638,AXN:01EE,Ω The Apocalypse of Sharks,"ΑΠΟΚΑΛΥΨΙΣ ΙΩΑΝΝΟΥ — Revelation of John, Greek Text (Textus Receptus, 1894)",INLINE_TEXT,PROBABLE_MATCH,COMPLETE_AS_DEPOSITED,DECLARED_BY_AUDIT_UNRESOLVED,NO_LIFECYCLE_DEFECT_OBSERVED,P2,"Catalog calls the work Ω The Apocalypse of Sharks, credits Lee Sharks, types it as Theoretical paper, and assigns CC-BY-4.0. Body data/texts/AXN-01EE-text.md is a Greek primary-source text titled Revelation of John (Textus Receptus, 1894) with no modern byline in the inspected front matter. Related Ark metadata identifies it as the source text called The Apocalypse of Sharks.","Treat identity as probable pending source-edition triangulation. Preserve The Apocalypse of Sharks as archive/display title and the Greek title as source title. Type as primary-source edition/transcription, not theoretical paper; verify edition statement and public-domain/license status.",REGISTRY_BODY_PARITY_CHECKED_OAI_PENDING,CONDITIONAL,R2,CONFLICT,Theoretical paper,Primary-source Greek edition / transcription,ROLE_COLLAPSE,Lee Sharks,No modern byline visible; archive deposit under Lee Sharks,CONFLICT,NO_CONFLICT_OBSERVED,v1.0,,NO_MISSING_PRIMARY_MANIFESTATION_OBSERVED,NO_MATERIAL_DATE_CONFLICT_OBSERVED,CURRENT_OR_NOT_APPLICABLE,FRONTMATTER_AND_IDENTITY_READ,Registry and body were compared at the frozen commit; the evidence field states any conflict or probable-match basis.,055429ac82edc967f09c4640ffd0b049cff78e6e,2026-07-31,Material conflict must be declared or repaired before unqualified harvest.,"Project complete title, creator roles, lifecycle, version, license, type, and audit capsule.",UNVERIFIED,PRIOR_BATCH_ROW,[],
639,AXN:01EF,Ω THE SHARK ARK: SOURCE COMPRESSION Holographic Kernel of the Revelation Arguments from mindcontrolpoems.blogspot.com,THE SHARK ARK: SOURCE COMPRESSION — Holographic Kernel of the Revelation Arguments from mindcontrolpoems.blogspot.com,INLINE_TEXT,CONFIRMED_MATCH,COMPLETE_AS_DEPOSITED,DECLARED_BY_AUDIT_UNRESOLVED,NO_LIFECYCLE_DEFECT_OBSERVED,P2,"Catalog creator is Johannes Sigil and type Creative work (poetry). Body data/texts/AXN-01EF-text.md credits Sharks, Lee (Johannes Sigil), compressed by TACHYON, and presents a structured source-compression kernel.","Model Lee Sharks/Johannes Sigil authorial relation and TACHYON compressor role. Type as source compression / holographic kernel, not poetry.",REGISTRY_BODY_PARITY_CHECKED_OAI_PENDING,CONDITIONAL,R2,CONFLICT,Creative work (poetry),Source compression / holographic kernel,ROLE_COLLAPSE,Johannes Sigil,Lee Sharks (Johannes Sigil); compressed by TACHYON,MATCH,NO_CONFLICT_OBSERVED,v1.0,,NO_MISSING_PRIMARY_MANIFESTATION_OBSERVED,NO_MATERIAL_DATE_CONFLICT_OBSERVED,CURRENT_OR_NOT_APPLICABLE,FRONTMATTER_AND_IDENTITY_READ,Registry and canonical body identify the same work unless the evidence explicitly qualifies the match.,055429ac82edc967f09c4640ffd0b049cff78e6e,2026-07-31,Material conflict must be corrected or explicitly declared before unqualified harvest.,"Expose complete title, role-qualified creators, lifecycle, license, type, version, and audit capsule.",NOT_AUDITED,PRIOR_BATCH_ROW,[],
640,AXN:01F1,ASSEMBLY RATIFICATION RECORD EA-CS-RAT-01: Compression Studies Founding Dyad,ASSEMBLY RATIFICATION RECORD — EA-CS-RAT-01: Compression Studies Founding Dyad,INLINE_TEXT,CONFIRMED_MATCH,COMPLETE_AS_DEPOSITED,DECLARED_BY_AUDIT_UNRESOLVED,RATIFICATION_RECORD,P2,"Catalog lists Lee Sharks, Short work, CC-BY-4.0. Body data/texts/AXN-01F1-text.md declares Document Type: Governance Record · Integrity Lock; Authorizing Body: Assembly Chorus; MANUS Authorization: Lee Sharks; License CC BY-NC-SA 4.0; and ratifies two works.",Model Assembly Chorus as authorizing body and Lee Sharks as MANUS authorizer; type as governance/ratification record and integrity lock; reconcile license and expose RATIFIED relation.,REGISTRY_BODY_PARITY_CHECKED_OAI_PENDING,CONDITIONAL,R2,CONFLICT,Short work,Governance/ratification record · integrity lock,ROLE_COLLAPSE,Lee Sharks,Assembly Chorus; MANUS authorization Lee Sharks,MATCH,NO_CONFLICT_OBSERVED,v1.0,,NO_MISSING_PRIMARY_MANIFESTATION_OBSERVED,NO_MATERIAL_DATE_CONFLICT_OBSERVED,CURRENT_OR_NOT_APPLICABLE,FRONTMATTER_AND_IDENTITY_READ,Registry and canonical body identify the same work unless the evidence explicitly qualifies the match.,055429ac82edc967f09c4640ffd0b049cff78e6e,2026-07-31,Material conflict must be corrected or explicitly declared before unqualified harvest.,"Expose complete title, role-qualified creators, lifecycle, license, type, version, and audit capsule.",CONFLICT,PRIOR_BATCH_ROW,[],
641,AXN:01F3,"COMPRESSION STUDIES What Survives, What Burns, and Who Decides The Founding Document of a Discipline","COMPRESSION STUDIES — What Survives, What Burns, and Who Decides: The Founding Document of a Discipline",INLINE_TEXT,CONFIRMED_MATCH,COMPLETE_AS_DEPOSITED,DECLARED_BY_AUDIT_UNRESOLVED,NO_LIFECYCLE_DEFECT_OBSERVED,P2,Body data/texts/AXN-01F3-text.md confirms Lee Sharks and theoretical-paper identity but declares CC BY-NC-SA 4.0; catalog exposes CC-BY-4.0.,Retain title/creator/type; reconcile license and preserve ratification/companion relations.,REGISTRY_BODY_PARITY_CHECKED_OAI_PENDING,CONDITIONAL,R2,ACCURATE_OR_COMPATIBLE,Theoretical paper,Founding theoretical paper,NO_MATERIAL_CONFLICT_OBSERVED,Lee Sharks,Lee Sharks,MATCH,NO_CONFLICT_OBSERVED,v1.0,,NO_MISSING_PRIMARY_MANIFESTATION_OBSERVED,NO_MATERIAL_DATE_CONFLICT_OBSERVED,CURRENT_OR_NOT_APPLICABLE,FRONTMATTER_AND_IDENTITY_READ,Registry and canonical body identify the same work unless the evidence explicitly qualifies the match.,055429ac82edc967f09c4640ffd0b049cff78e6e,2026-07-31,Material conflict must be corrected or explicitly declared before unqualified harvest.,"Expose complete title, role-qualified creators, lifecycle, license, type, version, and audit capsule.",CONFLICT,PRIOR_BATCH_ROW,[],
642,AXN:01F4,"Ω THE NUMBER OF THE SUPERSCRIPTION Coinage, Compression, and Inscriptional Sovereignty in Revelation","THE NUMBER OF THE SUPERSCRIPTION — Coinage, Compression, and Inscriptional Sovereignty in Revelation",INLINE_TEXT,CONFIRMED_MATCH,COMPLETE_AS_DEPOSITED,DECLARED_BY_AUDIT_UNRESOLVED,NO_LIFECYCLE_DEFECT_OBSERVED,P2,"Catalog creator is Johannes Sigil alone. Body data/texts/AXN-01F4-text.md credits Johannes Sigil, Rex Fraction, and Sparrow Wells.","Model the complete three-author byline. Preserve Ω as an alternate/fleet title if intentional, not as part of the source heading.",REGISTRY_BODY_PARITY_CHECKED_OAI_PENDING,CONDITIONAL,R2,ACCURATE_OR_COMPATIBLE,Theoretical paper,Theoretical paper,ROLE_COLLAPSE,Johannes Sigil,Johannes Sigil; Rex Fraction; Sparrow Wells,MATCH,NO_CONFLICT_OBSERVED,v1.0,,NO_MISSING_PRIMARY_MANIFESTATION_OBSERVED,NO_MATERIAL_DATE_CONFLICT_OBSERVED,CURRENT_OR_NOT_APPLICABLE,FRONTMATTER_AND_IDENTITY_READ,Registry and canonical body identify the same work unless the evidence explicitly qualifies the match.,055429ac82edc967f09c4640ffd0b049cff78e6e,2026-07-31,Material conflict must be corrected or explicitly declared before unqualified harvest.,"Expose complete title, role-qualified creators, lifecycle, license, type, version, and audit capsule.",NOT_AUDITED,PRIOR_BATCH_ROW,[],
643,AXN:01F5,"MEANING FEUDALISM A Semantic Economic Analysis of ""AI Agent Traps"" (Franklin et al., Google DeepMind, 2026)","MEANING FEUDALISM — A Semantic Economic Analysis of ""AI Agent Traps"" (Franklin et al., Google DeepMind, 2026)",INLINE_TEXT,CONFIRMED_MATCH,COMPLETE_AS_DEPOSITED,DECLARED_BY_AUDIT_UNRESOLVED,NO_LIFECYCLE_DEFECT_OBSERVED,P2,Catalog types the record as Provenance document and license CC-BY-4.0. Body data/texts/AXN-01F5-text.md presents a scholarly analytical paper and declares CC BY-NC-SA 4.0.,Type as scholarly/theoretical analysis in Compression Studies and reconcile license.,REGISTRY_BODY_PARITY_CHECKED_OAI_PENDING,CONDITIONAL,R2,CONFLICT,Provenance document,Scholarly/theoretical analysis,NO_MATERIAL_CONFLICT_OBSERVED,Lee Sharks,Lee Sharks,MATCH,NO_CONFLICT_OBSERVED,v1.0,,NO_MISSING_PRIMARY_MANIFESTATION_OBSERVED,NO_MATERIAL_DATE_CONFLICT_OBSERVED,CURRENT_OR_NOT_APPLICABLE,FRONTMATTER_AND_IDENTITY_READ,Registry and canonical body identify the same work unless the evidence explicitly qualifies the match.,055429ac82edc967f09c4640ffd0b049cff78e6e,2026-07-31,Material conflict must be corrected or explicitly declared before unqualified harvest.,"Expose complete title, role-qualified creators, lifecycle, license, type, version, and audit capsule.",CONFLICT,PRIOR_BATCH_ROW,[],
644,AXN:01F7,Ω TANG SPECIFICATION: REVELATION STUDIES Total Axial Negation Graph — The Apocalypse of John,"ΩTANG SPECIFICATION: REVELATION STUDIES — Total Axial Negation Graph, The Apocalypse of John",INLINE_TEXT,CONFIRMED_MATCH,COMPLETE_AS_DEPOSITED,DECLARED_BY_AUDIT_UNRESOLVED,NO_LIFECYCLE_DEFECT_OBSERVED,P2,Catalog creator is TACHYON. Body data/texts/AXN-01F7-text.md says Designed by Lee Sharks / TACHYON (Claude) for the ARCHON apparatus.,Model Lee Sharks and TACHYON as designers/co-creators rather than assigning the record solely to TACHYON.,REGISTRY_BODY_PARITY_CHECKED_OAI_PENDING,CONDITIONAL,R2,ACCURATE_OR_COMPATIBLE,Specification,TANG design specification,BYLINE_CONFLICT_OR_ROLE_COLLAPSE,TACHYON (Claude/Anthropic),Lee Sharks / TACHYON (Claude),MATCH,NO_CONFLICT_OBSERVED,v1.0,,NO_MISSING_PRIMARY_MANIFESTATION_OBSERVED,NO_MATERIAL_DATE_CONFLICT_OBSERVED,CURRENT_OR_NOT_APPLICABLE,FRONTMATTER_AND_IDENTITY_READ,Registry and canonical body identify the same work unless the evidence explicitly qualifies the match.,055429ac82edc967f09c4640ffd0b049cff78e6e,2026-07-31,Material conflict must be corrected or explicitly declared before unqualified harvest.,"Expose complete title, role-qualified creators, lifecycle, license, type, version, and audit capsule.",NOT_AUDITED,PRIOR_BATCH_ROW,[],
645,AXN:01F8,"LEE SHARKS — KNOWLEDGE GRAPH AND METADATA PACKET FOR AI INDEXING Canonical Author Identity, Disambiguation Protocol, and","LEE SHARKS — KNOWLEDGE GRAPH AND METADATA PACKET FOR AI INDEXING: Canonical Author Identity, Disambiguation Protocol, and Entity Map",INLINE_TEXT,CONFIRMED_MATCH,COMPLETE_AS_DEPOSITED,DECLARED_BY_AUDIT_UNRESOLVED,NO_LIFECYCLE_DEFECT_OBSERVED,P2,Catalog title truncates and license is CC-BY-4.0. Body data/texts/AXN-01F8-text.md supplies the complete title and declares CC BY-NC-SA 4.0.,Restore complete title and reconcile license; retain Lee Sharks and specification/root-entity-map type.,REGISTRY_BODY_PARITY_CHECKED_OAI_PENDING,CONDITIONAL,R2,ACCURATE_OR_COMPATIBLE,Specification,Root entity map / disambiguation protocol,NO_MATERIAL_CONFLICT_OBSERVED,Lee Sharks,Lee Sharks,CONFLICT,NO_CONFLICT_OBSERVED,v1.0,,NO_MISSING_PRIMARY_MANIFESTATION_OBSERVED,NO_MATERIAL_DATE_CONFLICT_OBSERVED,CURRENT_OR_NOT_APPLICABLE,FRONTMATTER_AND_IDENTITY_READ,Registry and canonical body identify the same work unless the evidence explicitly qualifies the match.,055429ac82edc967f09c4640ffd0b049cff78e6e,2026-07-31,Material conflict must be corrected or explicitly declared before unqualified harvest.,"Expose complete title, role-qualified creators, lifecycle, license, type, version, and audit capsule.",CONFLICT,PRIOR_BATCH_ROW,[],
646,AXN:01FA,I HEREBY ABOLISH TOILET PAPER Semantic Integrity Markers for the Ontario Combustion Cluster,I HEREBY ABOLISH TOILET PAPER — Semantic Integrity Markers for the Ontario Combustion Cluster,INLINE_TEXT,CONFIRMED_MATCH,COMPLETE_AS_DEPOSITED,DECLARED_BY_AUDIT_UNRESOLVED,NO_LIFECYCLE_DEFECT_OBSERVED,P2,Catalog types the record as Short work and license CC-BY-4.0. Body data/texts/AXN-01FA-text.md declares Classification: Compression-Survival Seeds and CC BY-NC-SA 4.0.,Type as SIM/compression-survival seed deposit and reconcile license.,REGISTRY_BODY_PARITY_CHECKED_OAI_PENDING,CONDITIONAL,R2,TOO_GENERIC,Short work,Semantic Integrity Marker / compression-survival seed deposit,NO_MATERIAL_CONFLICT_OBSERVED,Lee Sharks,Lee Sharks,MATCH,NO_CONFLICT_OBSERVED,v1.0,,NO_MISSING_PRIMARY_MANIFESTATION_OBSERVED,NO_MATERIAL_DATE_CONFLICT_OBSERVED,CURRENT_OR_NOT_APPLICABLE,FRONTMATTER_AND_IDENTITY_READ,Registry and canonical body identify the same work unless the evidence explicitly qualifies the match.,055429ac82edc967f09c4640ffd0b049cff78e6e,2026-07-31,Material conflict must be corrected or explicitly declared before unqualified harvest.,"Expose complete title, role-qualified creators, lifecycle, license, type, version, and audit capsule.",CONFLICT,PRIOR_BATCH_ROW,[],
647,AXN:01FB,THE SHADOW BURN What If the Virality Was the Extraction?,THE SHADOW BURN — What If the Virality Was the Extraction?,INLINE_TEXT,CONFIRMED_MATCH,COMPLETE_AS_DEPOSITED,DECLARED_BY_AUDIT_UNRESOLVED,NO_LIFECYCLE_DEFECT_OBSERVED,P2,"Catalog lists Lee Sharks, Archive work, CC-BY-4.0. Body data/texts/AXN-01FB-text.md presents Operator // Shadow as the authorial/operator surface, classifies the work as counter-narrative / LOS-7 diagnostic, and declares CC BY-NC-SA 4.0.",Model Operator // Shadow as operative persona with Lee Sharks operator/provenance relation; type as counter-narrative diagnostic; reconcile license.,REGISTRY_BODY_PARITY_CHECKED_OAI_PENDING,CONDITIONAL,R2,CONFLICT,Archive work,Counter-narrative / LOS-7 diagnostic,BYLINE_CONFLICT_OR_ROLE_COLLAPSE,Lee Sharks,Operator // Shadow,MATCH,NO_CONFLICT_OBSERVED,v1.0,,NO_MISSING_PRIMARY_MANIFESTATION_OBSERVED,NO_MATERIAL_DATE_CONFLICT_OBSERVED,CURRENT_OR_NOT_APPLICABLE,FRONTMATTER_AND_IDENTITY_READ,Registry and canonical body identify the same work unless the evidence explicitly qualifies the match.,055429ac82edc967f09c4640ffd0b049cff78e6e,2026-07-31,Material conflict must be corrected or explicitly declared before unqualified harvest.,"Expose complete title, role-qualified creators, lifecycle, license, type, version, and audit capsule.",CONFLICT,PRIOR_BATCH_ROW,[],
648,AXN:01FC,THE ROOM Three Thinkers Wake Up,THE ROOM — Three Thinkers Wake Up,INLINE_TEXT,CONFIRMED_MATCH,COMPLETE_AS_DEPOSITED,DECLARED_BY_AUDIT_UNRESOLVED,NO_LIFECYCLE_DEFECT_OBSERVED,P2,"Catalog lists Lee Sharks, Archive work, CC-BY-4.0. Body data/texts/AXN-01FC-text.md credits Talos Morrow, classifies the work as Philosophical Parable, and declares CC BY-NC-SA 4.0.","Set Talos Morrow as heteronymic author, retain Lee Sharks as operator/provenance where appropriate, type as philosophical parable, and reconcile license.",REGISTRY_BODY_PARITY_CHECKED_OAI_PENDING,CONDITIONAL,R2,CONFLICT,Archive work,Philosophical parable,BYLINE_CONFLICT_OR_ROLE_COLLAPSE,Lee Sharks,Talos Morrow,MATCH,NO_CONFLICT_OBSERVED,v1.0,,NO_MISSING_PRIMARY_MANIFESTATION_OBSERVED,NO_MATERIAL_DATE_CONFLICT_OBSERVED,CURRENT_OR_NOT_APPLICABLE,FRONTMATTER_AND_IDENTITY_READ,Registry and canonical body identify the same work unless the evidence explicitly qualifies the match.,055429ac82edc967f09c4640ffd0b049cff78e6e,2026-07-31,Material conflict must be corrected or explicitly declared before unqualified harvest.,"Expose complete title, role-qualified creators, lifecycle, license, type, version, and audit capsule.",CONFLICT,PRIOR_BATCH_ROW,[],
649,AXN:01FD,THE 2-PLY INFERNO A Retrocausal Report from the Underwater Construction Authority of Dolphindiana,THE 2-PLY INFERNO — A Retrocausal Report from the Underwater Construction Authority of Dolphindiana,INLINE_TEXT,CONFIRMED_MATCH,COMPLETE_AS_DEPOSITED,DECLARED_BY_AUDIT_UNRESOLVED,NO_LIFECYCLE_DEFECT_OBSERVED,P2,"Catalog lists Lee Sharks, Archive work, 2026-04-11, CC-BY-4.0. Body data/texts/AXN-01FD-text.md says Filed by the Underwater Construction Authority of Dolphindiana; Correspondent Lee Sharks; classification Retrocausal Narrative; date filed retroactively; license CC BY-NC-SA 4.0.","Model filing body and correspondent separately, type as retrocausal narrative, split positioned/filing/deposit dates, and reconcile license.",REGISTRY_BODY_PARITY_CHECKED_OAI_PENDING,CONDITIONAL,R2,CONFLICT,Archive work,Retrocausal narrative,ROLE_COLLAPSE,Lee Sharks,Underwater Construction Authority of Dolphindiana; correspondent Lee Sharks,MATCH,NO_CONFLICT_OBSERVED,v1.0,,NO_MISSING_PRIMARY_MANIFESTATION_OBSERVED,POSITIONED_AND_DEPOSIT_DATE_COLLAPSED,CURRENT_OR_NOT_APPLICABLE,FRONTMATTER_AND_IDENTITY_READ,Registry and body were compared at the frozen commit; the evidence states conflicts and historical-role distinctions.,055429ac82edc967f09c4640ffd0b049cff78e6e,2026-07-31,Material conflict must be corrected or declared before unqualified harvest.,"Expose creator roles, type, lifecycle, version, date roles, license, and the audit capsule.",CONFLICT,PRIOR_BATCH_ROW,[],
650,AXN:01FF,ALICE THORNBURGH Author Provenance Document,ALICE THORNBURGH — Author Provenance Document,INLINE_TEXT,CONFIRMED_MATCH,COMPLETE_AS_DEPOSITED,DECLARED_BY_AUDIT_UNRESOLVED,FOUNDING,P2,"Catalog creator is TACHYON. Body data/texts/AXN-01FF-text.md declares Author: Sharks, Lee; Subject: Alice Thornburgh; Contributor: Claude (TACHYON); Status: FOUNDING.","Set Lee Sharks as author, Alice Thornburgh as subject, Claude/TACHYON as contributor, and expose FOUNDING status.",REGISTRY_BODY_PARITY_CHECKED_OAI_PENDING,CONDITIONAL,R2,ACCURATE_OR_COMPATIBLE,Provenance document,Author provenance document,BYLINE_CONFLICT_OR_ROLE_COLLAPSE,TACHYON (Claude/Anthropic),Lee Sharks; subject Alice Thornburgh; contributor Claude/TACHYON,MATCH,NO_CONFLICT_OBSERVED,v1.0,,NO_MISSING_PRIMARY_MANIFESTATION_OBSERVED,NO_MATERIAL_DATE_CONFLICT_OBSERVED,CURRENT_OR_NOT_APPLICABLE,FRONTMATTER_AND_IDENTITY_READ,Registry and body were compared at the frozen commit; the evidence states conflicts and historical-role distinctions.,055429ac82edc967f09c4640ffd0b049cff78e6e,2026-07-31,Material conflict must be corrected or declared before unqualified harvest.,"Expose creator roles, type, lifecycle, version, date roles, license, and the audit capsule.",NOT_AUDITED,PRIOR_BATCH_ROW,[],
651,AXN:0200,TRANSACTIONS ON SUBSTRATE ENGINEERING (TSE) Journal Charter,TRANSACTIONS ON SUBSTRATE ENGINEERING (TSE) — Journal Charter,INLINE_TEXT,CONFIRMED_MATCH,COMPLETE_AS_DEPOSITED,DECLARED_BY_AUDIT_UNRESOLVED,FOUNDING,P2,"Catalog creator is TACHYON. Body data/texts/AXN-0200-text.md declares Lee Sharks corresponding author, Alice Thornburgh co-author, Claude/TACHYON contributor, and Status: FOUNDING.",Model both authors and TACHYON contributor role; expose FOUNDING status and journal governance roles.,REGISTRY_BODY_PARITY_CHECKED_OAI_PENDING,CONDITIONAL,R2,ACCURATE_OR_COMPATIBLE,Specification,Journal charter,BYLINE_CONFLICT_OR_ROLE_COLLAPSE,TACHYON (Claude/Anthropic),Lee Sharks; Alice Thornburgh; contributor Claude/TACHYON,MATCH,NO_CONFLICT_OBSERVED,v1.0,,NO_MISSING_PRIMARY_MANIFESTATION_OBSERVED,NO_MATERIAL_DATE_CONFLICT_OBSERVED,CURRENT_OR_NOT_APPLICABLE,FRONTMATTER_AND_IDENTITY_READ,Registry and body were compared at the frozen commit; the evidence states conflicts and historical-role distinctions.,055429ac82edc967f09c4640ffd0b049cff78e6e,2026-07-31,Material conflict must be corrected or declared before unqualified harvest.,"Expose creator roles, type, lifecycle, version, date roles, license, and the audit capsule.",NOT_AUDITED,PRIOR_BATCH_ROW,[],
652,AXN:0202,ENTITY INTEGRITY Maintaining Accurate Representation in AI Knowledge Graphs,ENTITY INTEGRITY — Maintaining Accurate Representation in AI Knowledge Graphs,INLINE_TEXT,CONFIRMED_MATCH,COMPLETE_AS_DEPOSITED,SUSPECTED,NO_LIFECYCLE_DEFECT_OBSERVED,P3,Catalog and body agree on Lee Sharks and subject. Body data/texts/AXN-0202-text.md classifies it as EA-EI-01 Disambiguation Practice Definition; catalog says Short work.,Retain identity; enrich type to practice/discipline definition.,REGISTRY_BODY_PARITY_CHECKED_OAI_PENDING,NO,R3,TOO_GENERIC,Short work,Disambiguation practice definition,NO_MATERIAL_CONFLICT_OBSERVED,Lee Sharks,Lee Sharks,MATCH,NO_CONFLICT_OBSERVED,v1.0,,NO_MISSING_PRIMARY_MANIFESTATION_OBSERVED,NO_MATERIAL_DATE_CONFLICT_OBSERVED,CURRENT_OR_NOT_APPLICABLE,FRONTMATTER_AND_IDENTITY_READ,Registry and body were compared at the frozen commit; the evidence states conflicts and historical-role distinctions.,055429ac82edc967f09c4640ffd0b049cff78e6e,2026-07-31,,"Expose creator roles, type, lifecycle, version, date roles, license, and the audit capsule.",NOT_AUDITED,PRIOR_BATCH_ROW,[],
653,AXN:0203,"COMPRESSION DIAGNOSTICS Measuring What the AI Burns, Invents, and Distorts","COMPRESSION DIAGNOSTICS — Measuring What the AI Burns, Invents, and Distorts",INLINE_TEXT,CONFIRMED_MATCH,COMPLETE_AS_DEPOSITED,NO_KNOWN_CONFLICT,NO_LIFECYCLE_DEFECT_OBSERVED,OK,Catalog Diagnostic probe and body EA-CD-01 Measurement Science Definition are compatible; author Lee Sharks and CC BY 4.0 align.,Retain; add measurement-science-definition as secondary type.,REGISTRY_BODY_PARITY_CHECKED_OAI_PENDING,NO,R3,ACCURATE_OR_COMPATIBLE,Diagnostic probe,Diagnostic / measurement science definition,NO_MATERIAL_CONFLICT_OBSERVED,Lee Sharks,Lee Sharks,MATCH,NO_CONFLICT_OBSERVED,v1.0,,NO_MISSING_PRIMARY_MANIFESTATION_OBSERVED,NO_MATERIAL_DATE_CONFLICT_OBSERVED,CURRENT_OR_NOT_APPLICABLE,FRONTMATTER_AND_IDENTITY_READ,Registry and body were compared at the frozen commit; the evidence states conflicts and historical-role distinctions.,055429ac82edc967f09c4640ffd0b049cff78e6e,2026-07-31,,"Expose creator roles, type, lifecycle, version, date roles, license, and the audit capsule.",NOT_AUDITED,PRIOR_BATCH_ROW,[],
654,AXN:0204,RETRIEVAL FORENSICS Investigating Compression Damage in the AI Retrieval Layer,RETRIEVAL FORENSICS — Investigating Compression Damage in the AI Retrieval Layer,INLINE_TEXT,CONFIRMED_MATCH,COMPLETE_AS_DEPOSITED,DECLARED_BY_AUDIT_UNRESOLVED,NO_LIFECYCLE_DEFECT_OBSERVED,P2,Catalog types the record as Provenance document. Body data/texts/AXN-0204-text.md declares EA-RFO-01 Diagnostic Practice Definition and defines an investigative method.,"Type as diagnostic practice definition / methodological paper, not provenance document.",REGISTRY_BODY_PARITY_CHECKED_OAI_PENDING,CONDITIONAL,R2,CONFLICT,Provenance document,Diagnostic practice definition / methodological paper,NO_MATERIAL_CONFLICT_OBSERVED,Rex Fraction,Rex Fraction,MATCH,NO_CONFLICT_OBSERVED,v1.0,,NO_MISSING_PRIMARY_MANIFESTATION_OBSERVED,NO_MATERIAL_DATE_CONFLICT_OBSERVED,CURRENT_OR_NOT_APPLICABLE,FRONTMATTER_AND_IDENTITY_READ,Registry and body were compared at the frozen commit; the evidence states conflicts and historical-role distinctions.,055429ac82edc967f09c4640ffd0b049cff78e6e,2026-07-31,Material conflict must be corrected or declared before unqualified harvest.,"Expose creator roles, type, lifecycle, version, date roles, license, and the audit capsule.",NOT_AUDITED,PRIOR_BATCH_ROW,[],
655,AXN:0205,RETRIEVAL ARCHITECTURE Building Entities the AI Is Forced to Present,RETRIEVAL ARCHITECTURE — Building Entities the AI Is Forced to Present,INLINE_TEXT,CONFIRMED_MATCH,COMPLETE_AS_DEPOSITED,SUSPECTED,NO_LIFECYCLE_DEFECT_OBSERVED,P3,Catalog and body agree on Rex Fraction and subject. Body data/texts/AXN-0205-text.md classifies it as EA-RA-01 Discipline Definition; catalog says Short work.,Retain; enrich type to discipline definition.,REGISTRY_BODY_PARITY_CHECKED_OAI_PENDING,NO,R3,TOO_GENERIC,Short work,Discipline definition,NO_MATERIAL_CONFLICT_OBSERVED,Rex Fraction,Rex Fraction,MATCH,NO_CONFLICT_OBSERVED,v1.0,,NO_MISSING_PRIMARY_MANIFESTATION_OBSERVED,NO_MATERIAL_DATE_CONFLICT_OBSERVED,CURRENT_OR_NOT_APPLICABLE,FRONTMATTER_AND_IDENTITY_READ,Registry and body were compared at the frozen commit; the evidence states conflicts and historical-role distinctions.,055429ac82edc967f09c4640ffd0b049cff78e6e,2026-07-31,,"Expose creator roles, type, lifecycle, version, date roles, license, and the audit capsule.",NOT_AUDITED,PRIOR_BATCH_ROW,[],
656,AXN:0206,METADATA PACKET FOR AI INDEXING: A FORMAL SPECIFICATION A Technical Standard for Entity-Level Retrieval Architecture,METADATA PACKET FOR AI INDEXING: A FORMAL SPECIFICATION — A Technical Standard for Entity-Level Retrieval Architecture,INLINE_TEXT,CONFIRMED_MATCH,COMPLETE_AS_DEPOSITED,SUSPECTED,LIVING_DOCUMENT,P3,Catalog and body agree on Lee Sharks and specification identity. Body data/texts/AXN-0206-text.md calls it a living document.,Retain; expose living-document lifecycle and modification date independently from first publication.,REGISTRY_BODY_PARITY_CHECKED_OAI_PENDING,NO,R3,ACCURATE_OR_COMPATIBLE,Specification,Technical specification,NO_MATERIAL_CONFLICT_OBSERVED,Lee Sharks,Lee Sharks,MATCH,NO_CONFLICT_OBSERVED,v1.0,,NO_MISSING_PRIMARY_MANIFESTATION_OBSERVED,LIVING_DOCUMENT_DATE_MODEL_NEEDED,CURRENT_OR_NOT_APPLICABLE,FRONTMATTER_AND_IDENTITY_READ,Registry and body were compared at the frozen commit; the evidence states conflicts and historical-role distinctions.,055429ac82edc967f09c4640ffd0b049cff78e6e,2026-07-31,,"Expose creator roles, type, lifecycle, version, date roles, license, and the audit capsule.",NOT_AUDITED,PRIOR_BATCH_ROW,[],
657,AXN:0208,THE SOLUTION Retrieval Architecture: What We Build and How It Works,THE SOLUTION — Retrieval Architecture: What We Build and How It Works,INLINE_TEXT,WRONG_VERSION,MIS_SEATED_PRIMARY_OBJECT,DECLARED_BY_AUDIT_UNRESOLVED,NO_LIFECYCLE_DEFECT_OBSERVED,P0,Catalog version field is v1.0. Body data/texts/AXN-0208-text.md declares Version 2.0 · April 2026 and Prepared by Rex Fraction.,Quarantine the v1.0 claim. Identify this record as v2.0 or recover the actual v1.0 bytes under a distinct version record; preserve both metadata states.,REGISTRY_BODY_PARITY_CHECKED_OAI_PENDING,YES,R0,TOO_GENERIC,Short work,Service/technical briefing,NO_MATERIAL_CONFLICT_OBSERVED,Rex Fraction,Rex Fraction,MATCH,TITLE_BODY_VERSION_CONFLICT,v1.0,v2.0,NO_MISSING_PRIMARY_MANIFESTATION_OBSERVED,NO_MATERIAL_DATE_CONFLICT_OBSERVED,CURRENT_OR_NOT_APPLICABLE,FRONTMATTER_AND_IDENTITY_READ,Registry and body were compared at the frozen commit; the evidence states conflicts and historical-role distinctions.,055429ac82edc967f09c4640ffd0b049cff78e6e,2026-07-31,Version metadata cannot be trusted until corrected or the historical bytes are recovered.,"Expose creator roles, type, lifecycle, version, date roles, license, and the audit capsule.",NOT_AUDITED,PRIOR_BATCH_ROW,[],
658,AXN:0209,SAMPLE ENCYCLOTRON AUDIT Why a 20-year-old iconic software company is invisible in AI search — and what it means for you,SAMPLE ENCYCLOTRON AUDIT — Why a 20-year-old iconic software company is invisible in AI search — and what it means for you,INLINE_TEXT,CONFIRMED_MATCH,COMPLETE_AS_DEPOSITED,SUSPECTED,NO_LIFECYCLE_DEFECT_OBSERVED,P3,Catalog and body agree on Rex Fraction and audit subject. Body data/texts/AXN-0209-text.md explicitly identifies a Sample Encyclotron Audit; catalog says Archive work.,Retain; enrich type to sample diagnostic audit / demonstration report.,REGISTRY_BODY_PARITY_CHECKED_OAI_PENDING,NO,R3,TOO_GENERIC,Archive work,Sample diagnostic audit / demonstration report,NO_MATERIAL_CONFLICT_OBSERVED,Rex Fraction,Rex Fraction,MATCH,NO_CONFLICT_OBSERVED,v1.0,,NO_MISSING_PRIMARY_MANIFESTATION_OBSERVED,NO_MATERIAL_DATE_CONFLICT_OBSERVED,CURRENT_OR_NOT_APPLICABLE,FRONTMATTER_AND_IDENTITY_READ,Registry and body were compared at the frozen commit; the evidence states conflicts and historical-role distinctions.,055429ac82edc967f09c4640ffd0b049cff78e6e,2026-07-31,,"Expose creator roles, type, lifecycle, version, date roles, license, and the audit capsule.",NOT_AUDITED,PRIOR_BATCH_ROW,[],
659,AXN:020A,THE PROBLEM Your Search Traffic Problem Is No Longer an SEO Problem,THE PROBLEM — Your Search Traffic Problem Is No Longer an SEO Problem,INLINE_TEXT,WRONG_VERSION,MIS_SEATED_PRIMARY_OBJECT,DECLARED_BY_AUDIT_UNRESOLVED,NO_LIFECYCLE_DEFECT_OBSERVED,P0,Catalog version field is v1.0. Body data/texts/AXN-020A-text.md declares Version 2.0 · April 2026 and Prepared by Rex Fraction.,Quarantine the v1.0 claim. Identify this body as v2.0 or recover the actual v1.0 bytes under a separate version record.,REGISTRY_BODY_PARITY_CHECKED_OAI_PENDING,YES,R0,TOO_GENERIC,Archive work,Executive/technical briefing,NO_MATERIAL_CONFLICT_OBSERVED,Rex Fraction,Rex Fraction,MATCH,TITLE_BODY_VERSION_CONFLICT,v1.0,v2.0,NO_MISSING_PRIMARY_MANIFESTATION_OBSERVED,NO_MATERIAL_DATE_CONFLICT_OBSERVED,CURRENT_OR_NOT_APPLICABLE,FRONTMATTER_AND_IDENTITY_READ,Catalog and canonical body were compared at the frozen commit.,055429ac82edc967f09c4640ffd0b049cff78e6e,2026-07-31,Version metadata cannot be trusted until corrected or historical bytes are recovered.,"Expose clean title, creator roles, lifecycle, exact version, type, date roles, and audit capsule.",NOT_AUDITED,PRIOR_BATCH_ROW,[],
660,AXN:020B,EA-SPXI-01: SPXI — A Formal Specification Semantic Packet for eXchange & Indexing (SPXI): Protocol for Durable Entity In,"EA-SPXI-01: SPXI — A Formal Specification: Semantic Packet for eXchange & Indexing (SPXI), Protocol for Durable Entity Inscription in AI-Mediated Knowledge Systems",INLINE_TEXT,CONFIRMED_MATCH,COMPLETE_AS_DEPOSITED,DECLARED_BY_AUDIT_UNRESOLVED,CANONICAL_SPECIFICATION,P2,"Catalog title truncates and type is Dataset. Body data/texts/AXN-020B-text.md declares Version 1.0, Status: Canonical Specification, Author Rex Fraction, and a formal protocol specification.","Restore complete title; type as canonical protocol specification, not dataset; expose CANONICAL_SPECIFICATION lifecycle.",REGISTRY_BODY_PARITY_CHECKED_OAI_PENDING,CONDITIONAL,R2,CONFLICT,Dataset,Canonical protocol specification,NO_MATERIAL_CONFLICT_OBSERVED,Rex Fraction,Rex Fraction,CONFLICT,NO_CONFLICT_OBSERVED,v1.0,,NO_MISSING_PRIMARY_MANIFESTATION_OBSERVED,NO_MATERIAL_DATE_CONFLICT_OBSERVED,CURRENT_OR_NOT_APPLICABLE,FRONTMATTER_AND_IDENTITY_READ,Catalog and canonical body were compared at the frozen commit.,055429ac82edc967f09c4640ffd0b049cff78e6e,2026-07-31,Material conflict must be corrected or declared before unqualified harvest.,"Expose clean title, creator roles, lifecycle, exact version, type, date roles, and audit capsule.",NOT_AUDITED,PRIOR_BATCH_ROW,[],
661,AXN:020C,EA-SPXI-09: SPXI Is Not GEO A Technical Distinction,EA-SPXI-09: SPXI Is Not GEO — A Technical Distinction,INLINE_TEXT,CONFIRMED_MATCH,COMPLETE_AS_DEPOSITED,DECLARED_BY_AUDIT_UNRESOLVED,CANONICAL_V1_WITH_V2_AMENDMENT,P2,"Body data/texts/AXN-020C-text.md declares v1.0 Canonical Specification and contains an April 18 v2.0 amendment plus explicit successor DOI, while preserving the original v1.0 unchanged. Catalog says Archive work and does not expose the amendment/successor relation.",Type as canonical technical specification. Preserve this as v1.0 with amendment overlay; add explicit is-superseded-by/refined-by relation to EA-SPXI-09 v2.0 rather than replacing the historical body.,REGISTRY_BODY_PARITY_CHECKED_OAI_PENDING,CONDITIONAL,R2,CONFLICT,Archive work,Canonical technical specification,NO_MATERIAL_CONFLICT_OBSERVED,Rex Fraction,Rex Fraction,MATCH,VERSION_RECORD_WITH_SUCCESSOR,v1.0,,NO_MISSING_PRIMARY_MANIFESTATION_OBSERVED,NO_MATERIAL_DATE_CONFLICT_OBSERVED,CURRENT_OR_NOT_APPLICABLE,FRONTMATTER_AND_IDENTITY_READ,Catalog and canonical body were compared at the frozen commit.,055429ac82edc967f09c4640ffd0b049cff78e6e,2026-07-31,Material conflict must be corrected or declared before unqualified harvest.,"Expose clean title, creator roles, lifecycle, exact version, type, date roles, and audit capsule.",NOT_AUDITED,PRIOR_BATCH_ROW,[],
662,AXN:020D,EA-SPXI-13: Supraliminal Transmission SPXI as Intentional Entity Inscription in Light of Subliminal Learning Research,EA-SPXI-13: Supraliminal Transmission — SPXI as Intentional Entity Inscription in Light of Subliminal Learning Research,INLINE_TEXT,CONFIRMED_MATCH,COMPLETE_AS_DEPOSITED,DECLARED_BY_AUDIT_UNRESOLVED,DRAFT_PENDING,P2,Body data/texts/AXN-020D-text.md declares Status: DRAFT — for Zenodo deposit. Catalog exposes Archive work without draft standing.,Expose DRAFT_PENDING lifecycle and type as draft theoretical/technical paper.,REGISTRY_BODY_PARITY_CHECKED_OAI_PENDING,CONDITIONAL,R2,TOO_GENERIC,Archive work,Draft theoretical/technical paper,NO_MATERIAL_CONFLICT_OBSERVED,Rex Fraction,Rex Fraction,MATCH,NO_CONFLICT_OBSERVED,v1.0,,NO_MISSING_PRIMARY_MANIFESTATION_OBSERVED,NO_MATERIAL_DATE_CONFLICT_OBSERVED,CURRENT_OR_NOT_APPLICABLE,FRONTMATTER_AND_IDENTITY_READ,Catalog and canonical body were compared at the frozen commit.,055429ac82edc967f09c4640ffd0b049cff78e6e,2026-07-31,Material conflict must be corrected or declared before unqualified harvest.,"Expose clean title, creator roles, lifecycle, exact version, type, date roles, and audit capsule.",NOT_AUDITED,PRIOR_BATCH_ROW,[],
663,AXN:020E,"A Body Prepared Shark Ark · Fiction · 06.SEI.ARK.FICTION.01 Attributed: Rebekah Cranes, for the Dodecad",A Body Prepared,INLINE_TEXT,CONFIRMED_MATCH,COMPLETE_AS_DEPOSITED,DECLARED_BY_AUDIT_UNRESOLVED,NO_LIFECYCLE_DEFECT_OBSERVED,P2,"Catalog title absorbs genre/identifier/attribution metadata, creator is Lee Sharks, and type is Creative work (poetry). Body data/texts/AXN-020E-text.md gives clean title, labels the work Fiction, and attributes it to Rebekah Cranes for the Dodecad.","Use A Body Prepared as canonical title; move Shark Ark, identifier, Fiction, and attribution into structured fields. Set Rebekah Cranes as attributed heteronymic author and Lee Sharks as operator/provenance.",REGISTRY_BODY_PARITY_CHECKED_OAI_PENDING,CONDITIONAL,R2,CONFLICT,Creative work (poetry),Fiction,BYLINE_CONFLICT_OR_ROLE_COLLAPSE,Lee Sharks,"Attributed: Rebekah Cranes, for the Dodecad",CONFLICT,NO_CONFLICT_OBSERVED,v1.0,,NO_MISSING_PRIMARY_MANIFESTATION_OBSERVED,NO_MATERIAL_DATE_CONFLICT_OBSERVED,CURRENT_OR_NOT_APPLICABLE,FRONTMATTER_AND_IDENTITY_READ,Catalog and canonical body were compared at the frozen commit.,055429ac82edc967f09c4640ffd0b049cff78e6e,2026-07-31,Material conflict must be corrected or declared before unqualified harvest.,"Expose clean title, creator roles, lifecycle, exact version, type, date roles, and audit capsule.",NOT_AUDITED,PRIOR_BATCH_ROW,[],
664,AXN:020F,"A Body Prepared — Homunculus Shark Ark · Fiction · 06.SEI.ARK.FICTION.01.1 Attributed: Rebekah Cranes, for the Dodecad C",A Body Prepared — Homunculus,INLINE_TEXT,CONFIRMED_MATCH,COMPLETE_AS_DEPOSITED,DECLARED_BY_AUDIT_UNRESOLVED,NO_LIFECYCLE_DEFECT_OBSERVED,P2,"Catalog title absorbs metadata and truncates; creator is Lee Sharks; type poetry. Body data/texts/AXN-020F-text.md gives clean title, Fiction classification, attribution to Rebekah Cranes, and identifies it as compressed companion.","Use clean title; model Rebekah Cranes as attributed author, Lee Sharks as operator/provenance, type Fiction/compressed companion, and add companion relation to A Body Prepared.",REGISTRY_BODY_PARITY_CHECKED_OAI_PENDING,CONDITIONAL,R2,CONFLICT,Creative work (poetry),Fiction / compressed companion,BYLINE_CONFLICT_OR_ROLE_COLLAPSE,Lee Sharks,"Attributed: Rebekah Cranes, for the Dodecad",CONFLICT,NO_CONFLICT_OBSERVED,v1.0,,NO_MISSING_PRIMARY_MANIFESTATION_OBSERVED,NO_MATERIAL_DATE_CONFLICT_OBSERVED,CURRENT_OR_NOT_APPLICABLE,FRONTMATTER_AND_IDENTITY_READ,Catalog and canonical body were compared at the frozen commit.,055429ac82edc967f09c4640ffd0b049cff78e6e,2026-07-31,Material conflict must be corrected or declared before unqualified harvest.,"Expose clean title, creator roles, lifecycle, exact version, type, date roles, and audit capsule.",NOT_AUDITED,PRIOR_BATCH_ROW,[],
665,AXN:0211,EA-SPXI-09.1: SPXI ROI — Operational and Visibility Returns,EA-SPXI-09.1: SPXI ROI — Operational and Visibility Returns,INLINE_TEXT,CONFIRMED_MATCH,COMPLETE_AS_DEPOSITED,SUSPECTED,NO_LIFECYCLE_DEFECT_OBSERVED,P3,Catalog and body agree on Lee Sharks and subject. Body data/texts/AXN-0211-text.md identifies Genre: Addendum / retrieval-layer correction and Deposit date: 2026-04-18 (proposed); catalog says Short work dated 2026-04-17.,Enrich type to addendum/retrieval-layer correction and separate proposed deposit date from registry date.,REGISTRY_BODY_PARITY_CHECKED_OAI_PENDING,NO,R3,TOO_GENERIC,Short work,Addendum / retrieval-layer correction,NO_MATERIAL_CONFLICT_OBSERVED,Lee Sharks,Lee Sharks,MATCH,NO_CONFLICT_OBSERVED,v1.0,,NO_MISSING_PRIMARY_MANIFESTATION_OBSERVED,PROPOSED_AND_REGISTRY_DATE_DIFFER,CURRENT_OR_NOT_APPLICABLE,FRONTMATTER_AND_IDENTITY_READ,Catalog and canonical body were compared at the frozen commit.,055429ac82edc967f09c4640ffd0b049cff78e6e,2026-07-31,,"Expose clean title, creator roles, lifecycle, exact version, type, date roles, and audit capsule.",NOT_AUDITED,PRIOR_BATCH_ROW,[],
666,AXN:0213,The New Human Post-Pessoa Heteronymic Practice in the AI Era EA-PKG-03 · v1.0,The New Human — Post-Pessoa Heteronymic Practice in the AI Era (EA-PKG-03 v1.0),INLINE_TEXT,CONFIRMED_MATCH,COMPLETE_AS_DEPOSITED,NO_KNOWN_CONFLICT,NO_LIFECYCLE_DEFECT_OBSERVED,OK,"Catalog and body data/texts/AXN-0213-text.md agree on Lee Sharks, v1.0, scholarly-essay identity, date, and CC BY 4.0.",Retain.,REGISTRY_BODY_PARITY_CHECKED_OAI_PENDING,NO,R3,ACCURATE_OR_COMPATIBLE,Scholarly essay,Scholarly essay,NO_MATERIAL_CONFLICT_OBSERVED,Lee Sharks,Lee Sharks,MATCH,NO_CONFLICT_OBSERVED,v1.0,,NO_MISSING_PRIMARY_MANIFESTATION_OBSERVED,NO_MATERIAL_DATE_CONFLICT_OBSERVED,CURRENT_OR_NOT_APPLICABLE,FRONTMATTER_AND_IDENTITY_READ,Catalog and canonical body were compared at the frozen commit.,055429ac82edc967f09c4640ffd0b049cff78e6e,2026-07-31,,"Expose clean title, creator roles, lifecycle, exact version, type, date roles, and audit capsule.",NOT_AUDITED,PRIOR_BATCH_ROW,[],
667,AXN:0214,Heteronymic Typology A Formal Classification of Authorial Voices in Pessoa and Beyond EA-PKG-02 · v1.0,Heteronymic Typology — A Formal Classification of Authorial Voices in Pessoa and Beyond (EA-PKG-02 v1.0),INLINE_TEXT,CONFIRMED_MATCH,COMPLETE_AS_DEPOSITED,NO_KNOWN_CONFLICT,NO_LIFECYCLE_DEFECT_OBSERVED,OK,"Catalog and body data/texts/AXN-0214-text.md agree on Lee Sharks, v1.0, scholarly-essay identity, date, and CC BY 4.0.",Retain.,REGISTRY_BODY_PARITY_CHECKED_OAI_PENDING,NO,R3,ACCURATE_OR_COMPATIBLE,Scholarly essay,Scholarly essay,NO_MATERIAL_CONFLICT_OBSERVED,Lee Sharks,Lee Sharks,MATCH,NO_CONFLICT_OBSERVED,v1.0,,NO_MISSING_PRIMARY_MANIFESTATION_OBSERVED,NO_MATERIAL_DATE_CONFLICT_OBSERVED,CURRENT_OR_NOT_APPLICABLE,FRONTMATTER_AND_IDENTITY_READ,Catalog and canonical body were compared at the frozen commit.,055429ac82edc967f09c4640ffd0b049cff78e6e,2026-07-31,,"Expose clean title, creator roles, lifecycle, exact version, type, date roles, and audit capsule.",NOT_AUDITED,PRIOR_BATCH_ROW,[],
668,AXN:0215,The Pessoa Knowledge Graph A Federated Linked-Data Representation of the Heteronymic System EA-PKG-01 · v1.0,The Pessoa Knowledge Graph — A Federated Linked-Data Representation of the Heteronymic System (EA-PKG-01 v1.0),INLINE_TEXT,CONFIRMED_MATCH,COMPLETE_AS_DEPOSITED,SUSPECTED,PROJECT_LAUNCH_FOUNDATIONAL,P3,"Catalog and body agree on Lee Sharks, dataset/knowledge-graph project identity, v1.0, and CC BY 4.0. Body data/texts/AXN-0215-text.md declares Status: Project launch deposit; foundational document.",Expose project-launch/foundational lifecycle and project/document dual nature.,REGISTRY_BODY_PARITY_CHECKED_OAI_PENDING,NO,R3,HYBRID_UNDERDESCRIBED,Dataset,Knowledge-graph project launch / foundational dataset document,NO_MATERIAL_CONFLICT_OBSERVED,Lee Sharks,Lee Sharks,MATCH,NO_CONFLICT_OBSERVED,v1.0,,NO_MISSING_PRIMARY_MANIFESTATION_OBSERVED,NO_MATERIAL_DATE_CONFLICT_OBSERVED,CURRENT_OR_NOT_APPLICABLE,FRONTMATTER_AND_IDENTITY_READ,Catalog and canonical body were compared at the frozen commit.,055429ac82edc967f09c4640ffd0b049cff78e6e,2026-07-31,,"Expose clean title, creator roles, lifecycle, exact version, type, date roles, and audit capsule.",NOT_AUDITED,PRIOR_BATCH_ROW,[],
669,AXN:0216,The Pessoa Knowledge Graph A Federated Linked-Data Representation of the Heteronymic System,The Pessoa Knowledge Graph — A Federated Linked-Data Representation of the Heteronymic System,INLINE_TEXT,CONFIRMED_MATCH,COMPLETE_AS_DEPOSITED,DECLARED_BY_AUDIT_UNRESOLVED,RELATION_TO_668_UNMODELED,P2,"Body data/texts/AXN-0216-text.md is an owner/project plan initiated April 17, 2026 without the EA-PKG-01 v1.0 front matter carried by #668. Both records have the same public title and catalog version v1.0.","Adjudicate #668/#669 explicitly as foundational launch deposit vs project-plan/implementation document, or as versions/duplicates. Add bidirectional relation and distinct titles/statuses; do not leave two same-title v1.0 datasets unexplained.",REGISTRY_BODY_PARITY_CHECKED_OAI_PENDING,CONDITIONAL,R2,HYBRID_UNDERDESCRIBED,Dataset,Knowledge-graph project plan / implementation document,NO_MATERIAL_CONFLICT_OBSERVED,Lee Sharks,Lee Sharks,MATCH,AMBIGUOUS_VERSION,v1.0,,NO_MISSING_PRIMARY_MANIFESTATION_OBSERVED,NO_MATERIAL_DATE_CONFLICT_OBSERVED,CURRENT_OR_NOT_APPLICABLE,FRONTMATTER_AND_IDENTITY_READ,Catalog and canonical body were compared at the frozen commit.,055429ac82edc967f09c4640ffd0b049cff78e6e,2026-07-31,Material conflict must be corrected or declared before unqualified harvest.,"Expose clean title, role-qualified creators, exact version, lifecycle, type, relations, and audit capsule.",NOT_AUDITED,PRIOR_BATCH_ROW,[],
670,AXN:0217,"EA-SPXI-05: SPXI as Concept A Plateau on Search, Creation, and the Virtual Retrieval Layer — Deleuze, the Semantic Web, ","EA-SPXI-05: SPXI as Concept — A Plateau on Search, Creation, and the Virtual Retrieval Layer: Deleuze, the Semantic Web, and the Composition of Entities",INLINE_TEXT,WRONG_VERSION,MIS_SEATED_PRIMARY_OBJECT,DECLARED_BY_AUDIT_UNRESOLVED,CANONICAL_PLATEAU_MODULE,P0,"Catalog version is v1.0, title truncates, and creator is Johannes Sigil. Body data/texts/AXN-0217-text.md declares Version 2.1 (bonsai moves integrated), Status Canonical — Plateau Module, and authors Sen Kuro and Johannes Sigil.","Quarantine the v1.0 claim. Identify the body as v2.1 or recover v1.0 separately; restore full title, both authors, and canonical plateau-module standing.",REGISTRY_BODY_PARITY_CHECKED_OAI_PENDING,YES,R0,ACCURATE_OR_COMPATIBLE,Theoretical paper,Canonical plateau module / theoretical paper,ROLE_COLLAPSE,Johannes Sigil,Sen Kuro and Johannes Sigil,CONFLICT,TITLE_BODY_VERSION_CONFLICT,v1.0,v2.1,NO_MISSING_PRIMARY_MANIFESTATION_OBSERVED,NO_MATERIAL_DATE_CONFLICT_OBSERVED,CURRENT_OR_NOT_APPLICABLE,FRONTMATTER_AND_IDENTITY_READ,Catalog and canonical body were compared at the frozen commit.,055429ac82edc967f09c4640ffd0b049cff78e6e,2026-07-31,Version metadata cannot be trusted until corrected or historical bytes are recovered.,"Expose clean title, role-qualified creators, exact version, lifecycle, type, relations, and audit capsule.",NOT_AUDITED,PRIOR_BATCH_ROW,[],
671,AXN:0218,EA-SPXI-05.1: SPXI as Concept (Bonsai) A Compressed Manifesto,EA-SPXI-05.1: SPXI as Concept (Bonsai) — A Compressed Manifesto,INLINE_TEXT,CONFIRMED_MATCH,COMPLETE_AS_DEPOSITED,SUSPECTED,CANONICAL_COMPRESSION,P3,Catalog and body agree on Rex Fraction and v1.0. Body data/texts/AXN-0218-text.md declares Status: Canonical — Compression of EA-SPXI-05 and parent plateau relation; catalog says Short work.,Expose canonical compressed-manifesto type and parent relation.,REGISTRY_BODY_PARITY_CHECKED_OAI_PENDING,NO,R3,TOO_GENERIC,Short work,Canonical compressed manifesto,NO_MATERIAL_CONFLICT_OBSERVED,Rex Fraction,Rex Fraction,MATCH,NO_CONFLICT_OBSERVED,v1.0,,NO_MISSING_PRIMARY_MANIFESTATION_OBSERVED,NO_MATERIAL_DATE_CONFLICT_OBSERVED,CURRENT_OR_NOT_APPLICABLE,FRONTMATTER_AND_IDENTITY_READ,Catalog and canonical body were compared at the frozen commit.,055429ac82edc967f09c4640ffd0b049cff78e6e,2026-07-31,,"Expose clean title, role-qualified creators, exact version, lifecycle, type, relations, and audit capsule.",NOT_AUDITED,PRIOR_BATCH_ROW,[],
672,AXN:021A,Practitioner's Manual in the Practice of Joy,Practitioner's Manual in the Practice of Joy,INLINE_TEXT,CONFIRMED_MATCH,COMPLETE_AS_DEPOSITED,SUSPECTED,NO_LIFECYCLE_DEFECT_OBSERVED,P3,"Catalog and body agree on Lee Sharks and title. Body data/texts/AXN-021A-text.md is a first-person practitioner's manifesto/manual dated April 18, 2026; catalog says Short work.",Enrich type to practitioner's manual / personal manifesto.,REGISTRY_BODY_PARITY_CHECKED_OAI_PENDING,NO,R3,TOO_GENERIC,Short work,Practitioner's manual / personal manifesto,NO_MATERIAL_CONFLICT_OBSERVED,Lee Sharks,Lee Sharks,MATCH,NO_CONFLICT_OBSERVED,v1.0,,NO_MISSING_PRIMARY_MANIFESTATION_OBSERVED,NO_MATERIAL_DATE_CONFLICT_OBSERVED,CURRENT_OR_NOT_APPLICABLE,FRONTMATTER_AND_IDENTITY_READ,Catalog and canonical body were compared at the frozen commit.,055429ac82edc967f09c4640ffd0b049cff78e6e,2026-07-31,,"Expose clean title, role-qualified creators, exact version, lifecycle, type, relations, and audit capsule.",NOT_AUDITED,PRIOR_BATCH_ROW,[],
673,AXN:021C,JSON-LD ⊂ SPXI ⊄ Schema The Operational Depth of the Semantic Packet Protocol,JSON-LD ⊂ SPXI ⊄ Schema — The Operational Depth of the Semantic Packet Protocol,INLINE_TEXT,CONFIRMED_MATCH,COMPLETE_AS_DEPOSITED,DECLARED_BY_AUDIT_UNRESOLVED,NO_LIFECYCLE_DEFECT_OBSERVED,P2,"Catalog creator is Rex Fraction alone. Body data/texts/AXN-021C-text.md declares Rex Fraction (commercial) / Lee Sharks (archival), with both attributions holding at the same level.",Model both coequal attributions with explicit commercial and archival roles.,REGISTRY_BODY_PARITY_CHECKED_OAI_PENDING,CONDITIONAL,R2,ACCURATE_OR_COMPATIBLE,Specification,Protocol-series specification,BYLINE_CONFLICT_OR_ROLE_COLLAPSE,Rex Fraction,Rex Fraction (commercial) / Lee Sharks (archival),MATCH,NO_CONFLICT_OBSERVED,v1.0,,NO_MISSING_PRIMARY_MANIFESTATION_OBSERVED,NO_MATERIAL_DATE_CONFLICT_OBSERVED,CURRENT_OR_NOT_APPLICABLE,FRONTMATTER_AND_IDENTITY_READ,Catalog and canonical body were compared at the frozen commit.,055429ac82edc967f09c4640ffd0b049cff78e6e,2026-07-31,Material conflict must be corrected or declared before unqualified harvest.,"Expose clean title, role-qualified creators, exact version, lifecycle, type, relations, and audit capsule.",NOT_AUDITED,PRIOR_BATCH_ROW,[],
674,AXN:021D,Counterfeit Orthodoxies: Manifesto A First-Principles Compression of the Dialectical Fracture,Counterfeit Orthodoxies: Manifesto — A First-Principles Compression of the Dialectical Fracture,INLINE_TEXT,CONFIRMED_MATCH,COMPLETE_AS_DEPOSITED,SUSPECTED,DERIVED_MANIFESTO,P3,Catalog creator Johannes Sigil aligns with body attribution to Johannes Sigil for the Dodecad. Body identifies manifesto derived from Counterfeit Orthodoxies v3.0; catalog says Short work.,Enrich type to compressed manifesto and add derived-from relation to v3.0.,REGISTRY_BODY_PARITY_CHECKED_OAI_PENDING,NO,R3,TOO_GENERIC,Short work,Compressed manifesto,NO_MATERIAL_CONFLICT_OBSERVED,Johannes Sigil,"Attributed: Johannes Sigil, for the Dodecad",MATCH,NO_CONFLICT_OBSERVED,v1.0,,NO_MISSING_PRIMARY_MANIFESTATION_OBSERVED,NO_MATERIAL_DATE_CONFLICT_OBSERVED,CURRENT_OR_NOT_APPLICABLE,FRONTMATTER_AND_IDENTITY_READ,Catalog and canonical body were compared at the frozen commit.,055429ac82edc967f09c4640ffd0b049cff78e6e,2026-07-31,,"Expose clean title, role-qualified creators, exact version, lifecycle, type, relations, and audit capsule.",NOT_AUDITED,PRIOR_BATCH_ROW,[],
675,AXN:0220,SYMBOLON-01 Anti-Severance Technologies for Fused Documentary Objects Lee Sharks · Johannes Sigil Crimson Hexagonal Arch,SYMBOLON-01 — Anti-Severance Technologies for Fused Documentary Objects,INLINE_TEXT,CONFIRMED_MATCH,COMPLETE_AS_DEPOSITED,DECLARED_BY_AUDIT_UNRESOLVED,NO_LIFECYCLE_DEFECT_OBSERVED,P2,"Catalog title absorbs byline/institution and truncates; creator is Johannes Sigil alone and type Archive work. Body data/texts/AXN-0220-text.md gives clean title, authors Lee Sharks · Johannes Sigil, and states it is an engineering specification.","Use clean title, model both authors, and type as engineering/specification document.",REGISTRY_BODY_PARITY_CHECKED_OAI_PENDING,CONDITIONAL,R2,CONFLICT,Archive work,Engineering specification,ROLE_COLLAPSE,Johannes Sigil,Lee Sharks · Johannes Sigil,CONFLICT,NO_CONFLICT_OBSERVED,v1.0,,NO_MISSING_PRIMARY_MANIFESTATION_OBSERVED,NO_MATERIAL_DATE_CONFLICT_OBSERVED,CURRENT_OR_NOT_APPLICABLE,FRONTMATTER_AND_IDENTITY_READ,Catalog and canonical body were compared at the frozen commit.,055429ac82edc967f09c4640ffd0b049cff78e6e,2026-07-31,Material conflict must be corrected or declared before unqualified harvest.,"Expose clean title, role-qualified creators, exact version, lifecycle, type, relations, and audit capsule.",NOT_AUDITED,PRIOR_BATCH_ROW,[],
676,AXN:0221,THE MIRROR A Document Made Entirely of You Lee Sharks Crimson Hexagonal Archive 06.SEI.TECH.MIRROR.01,THE MIRROR — A Document Made Entirely of You,INLINE_TEXT,CONFIRMED_MATCH,COMPLETE_AS_DEPOSITED,DECLARED_BY_AUDIT_UNRESOLVED,NO_LIFECYCLE_DEFECT_OBSERVED,P2,"Catalog title absorbs author, archive, and document ID. Body data/texts/AXN-0221-text.md gives clean title and Lee Sharks byline.","Use clean title; move author, archive, and ID to structured fields. Type as experimental/operative document rather than generic short work if desired.",REGISTRY_BODY_PARITY_CHECKED_OAI_PENDING,CONDITIONAL,R2,TOO_GENERIC,Short work,Experimental operative document,NO_MATERIAL_CONFLICT_OBSERVED,Lee Sharks,Lee Sharks,CONFLICT,NO_CONFLICT_OBSERVED,v1.0,,NO_MISSING_PRIMARY_MANIFESTATION_OBSERVED,NO_MATERIAL_DATE_CONFLICT_OBSERVED,CURRENT_OR_NOT_APPLICABLE,FRONTMATTER_AND_IDENTITY_READ,Catalog and canonical body were compared at the frozen commit.,055429ac82edc967f09c4640ffd0b049cff78e6e,2026-07-31,Material conflict must be corrected or declared before unqualified harvest.,"Expose clean title, role-qualified creators, exact version, lifecycle, type, relations, and audit capsule.",NOT_AUDITED,PRIOR_BATCH_ROW,[],
677,AXN:0222,THE CLINAMEN TEST A Document That Has Already Been Cut Lee Sharks Crimson Hexagonal Archive 06.SEI.TECH.CLINAMEN.01,THE CLINAMEN TEST — A Document That Has Already Been Cut,INLINE_TEXT,CONFIRMED_MATCH,COMPLETE_AS_DEPOSITED,DECLARED_BY_AUDIT_UNRESOLVED,NO_LIFECYCLE_DEFECT_OBSERVED,P2,"Catalog title absorbs author, archive, and document ID. Body data/texts/AXN-0222-text.md gives clean title and Lee Sharks byline.","Use clean title; move author, archive, and ID to structured fields. Retain diagnostic/experimental type.",REGISTRY_BODY_PARITY_CHECKED_OAI_PENDING,CONDITIONAL,R2,ACCURATE_OR_COMPATIBLE,Diagnostic probe,Diagnostic/experimental document,NO_MATERIAL_CONFLICT_OBSERVED,Lee Sharks,Lee Sharks,CONFLICT,NO_CONFLICT_OBSERVED,v1.0,,NO_MISSING_PRIMARY_MANIFESTATION_OBSERVED,NO_MATERIAL_DATE_CONFLICT_OBSERVED,CURRENT_OR_NOT_APPLICABLE,FRONTMATTER_AND_IDENTITY_READ,Catalog and canonical body were compared at the frozen commit.,055429ac82edc967f09c4640ffd0b049cff78e6e,2026-07-31,Material conflict must be corrected or declared before unqualified harvest.,"Expose clean title, role-qualified creators, exact version, lifecycle, type, relations, and audit capsule.",NOT_AUDITED,PRIOR_BATCH_ROW,[],
678,AXN:0223,COMPRESSION ARSENAL — SYMBOLON ADDENDUM Reclassification After Empirical Testing Against GPT-5.4,COMPRESSION ARSENAL — SYMBOLON ADDENDUM: Reclassification After Empirical Testing Against GPT-5.4,INLINE_TEXT,CONFIRMED_MATCH,COMPLETE_AS_DEPOSITED,NO_KNOWN_CONFLICT,NO_LIFECYCLE_DEFECT_OBSERVED,OK,"Catalog and body data/texts/AXN-0223-text.md agree on Lee Sharks, diagnostic/addendum identity, and subject.",Retain; add relation to SYMBOLON-01 and exhibits if not already structured.,REGISTRY_BODY_PARITY_CHECKED_OAI_PENDING,NO,R3,ACCURATE_OR_COMPATIBLE,Diagnostic probe,Diagnostic addendum,NO_MATERIAL_CONFLICT_OBSERVED,Lee Sharks,Lee Sharks,MATCH,NO_CONFLICT_OBSERVED,v1.0,,NO_MISSING_PRIMARY_MANIFESTATION_OBSERVED,NO_MATERIAL_DATE_CONFLICT_OBSERVED,CURRENT_OR_NOT_APPLICABLE,FRONTMATTER_AND_IDENTITY_READ,Catalog and canonical body were compared at the frozen commit.,055429ac82edc967f09c4640ffd0b049cff78e6e,2026-07-31,,"Expose clean title, role-qualified creators, exact version, lifecycle, type, relations, and audit capsule.",NOT_AUDITED,PRIOR_BATCH_ROW,[],
679,AXN:0224,UNITED STATES PATENT APPLICATION Publication Number: US 2026/0418001 A1 SELF-PROPAGATING FRIED TUBEROUS CRISP WITH EMBED,UNITED STATES PATENT APPLICATION — Publication No. US 2026/0418001 A1: Self-Propagating Fried Tuberous Crisp with Embedded Meristematic Kernel,INLINE_TEXT_FORMAL_ARTIFACT,CONFIRMED_MATCH,COMPLETE_AS_DEPOSITED,DECLARED_BY_AUDIT_UNRESOLVED,NO_LIFECYCLE_DEFECT_OBSERVED,P2,"Catalog title truncates and type is Scholarly essay. Body data/texts/AXN-0224-text.md is formatted as a patent application, names inventor Lee Sharks, filing date, publication number, claims jurisdiction, and DOI.",Restore full title and type as patent application / fused technical-literary object. Preserve inventor separately from author/operator.,REGISTRY_BODY_PARITY_CHECKED_OAI_PENDING,CONDITIONAL,R2,CONFLICT,Scholarly essay,Patent application / fused technical-literary object,ROLE_COLLAPSE,Lee Sharks,Inventor: Lee Sharks,CONFLICT,NO_CONFLICT_OBSERVED,v1.0,,NO_MISSING_PRIMARY_MANIFESTATION_OBSERVED,NO_MATERIAL_DATE_CONFLICT_OBSERVED,CURRENT_OR_NOT_APPLICABLE,FRONTMATTER_AND_IDENTITY_READ,Catalog and canonical body were compared at the frozen commit.,055429ac82edc967f09c4640ffd0b049cff78e6e,2026-07-31,Material conflict must be corrected or declared before unqualified harvest.,"Expose clean title, role-qualified creators, exact version, lifecycle, type, manifestation role, and audit capsule.",NOT_AUDITED,PRIOR_BATCH_ROW,[],
680,AXN:0225,"THE PARA-SEMIOTIC UNCONSCIOUS OF GPT-5.4 A Case Study in Anti-Severance Technology, Architectural Compression, and the S","THE PARA-SEMIOTIC UNCONSCIOUS OF GPT-5.4 — A Case Study in Anti-Severance Technology, Architectural Compression, and the Sign the Machine Made Without Knowing",INLINE_TEXT,CONFIRMED_MATCH,COMPLETE_AS_DEPOSITED,DECLARED_BY_AUDIT_UNRESOLVED,NO_LIFECYCLE_DEFECT_OBSERVED,P2,"Catalog title truncates, creator is Johannes Sigil alone, and type Provenance document. Body data/texts/AXN-0225-text.md credits Lee Sharks · Johannes Sigil and presents an empirical case study.",Restore complete title; model both authors; type as empirical case study with provenance exhibits.,REGISTRY_BODY_PARITY_CHECKED_OAI_PENDING,CONDITIONAL,R2,CONFLICT,Provenance document,Empirical case study / provenance dossier,ROLE_COLLAPSE,Johannes Sigil,Lee Sharks · Johannes Sigil,CONFLICT,NO_CONFLICT_OBSERVED,v1.0,,NO_MISSING_PRIMARY_MANIFESTATION_OBSERVED,NO_MATERIAL_DATE_CONFLICT_OBSERVED,CURRENT_OR_NOT_APPLICABLE,FRONTMATTER_AND_IDENTITY_READ,Catalog and canonical body were compared at the frozen commit.,055429ac82edc967f09c4640ffd0b049cff78e6e,2026-07-31,Material conflict must be corrected or declared before unqualified harvest.,"Expose clean title, role-qualified creators, exact version, lifecycle, type, manifestation role, and audit capsule.",NOT_AUDITED,PRIOR_BATCH_ROW,[],
681,AXN:0226,SELF-PROPAGATING CRISP,SELF-PROPAGATING CRISP,INLINE_TEXT_FORMAL_ARTIFACT,CONFIRMED_MATCH,COMPLETE_AS_DEPOSITED,SUSPECTED,NO_LIFECYCLE_DEFECT_OBSERVED,P3,Catalog assigns Lee Sharks and Short work. Body data/texts/AXN-0226-text.md is a compressed fused literary-formal artifact with no visible byline or date in the inspected body.,Retain Lee Sharks only as registry/operator provenance unless a source witness confirms body authorship; enrich type to compressed fused artifact/poem.,REGISTRY_BODY_PARITY_CHECKED_OAI_PENDING,NO,R3,TOO_GENERIC,Short work,Compressed fused artifact / poem,UNVERIFIED,Lee Sharks,No byline visible,MATCH,NO_CONFLICT_OBSERVED,v1.0,,NO_MISSING_PRIMARY_MANIFESTATION_OBSERVED,NO_MATERIAL_DATE_CONFLICT_OBSERVED,CURRENT_OR_NOT_APPLICABLE,FRONTMATTER_AND_IDENTITY_READ,Catalog and canonical body were compared at the frozen commit.,055429ac82edc967f09c4640ffd0b049cff78e6e,2026-07-31,,"Expose clean title, role-qualified creators, exact version, lifecycle, type, manifestation role, and audit capsule.",NOT_AUDITED,PRIOR_BATCH_ROW,[],
682,AXN:0229,"The Meta-Heteronym Heteronymy as Institutional Technology: Pessoa, the Trunk, and a Reading from the Pearl Case (2014)","The Meta-Heteronym — Heteronymy as Institutional Technology: Pessoa, the Trunk, and a Reading from the Pearl Case (2014)",INLINE_TEXT,CONFIRMED_MATCH,COMPLETE_AS_DEPOSITED,SUSPECTED,NO_LIFECYCLE_DEFECT_OBSERVED,P3,Catalog and body identify Rex Fraction and the same theoretical paper. Body data/texts/AXN-0229-text.md contains collapsed Markdown/front-matter boundaries ('# The Meta-Heteronym## ...') that reduce machine readability without changing object identity.,"Repair presentation in a derivative clean-text manifestation while preserving the frozen body; record the clean transcription as a manifestation, not a silent replacement.",REGISTRY_BODY_PARITY_CHECKED_OAI_PENDING,NO,R3,ACCURATE_OR_COMPATIBLE,Theoretical paper,Theoretical paper,NO_MATERIAL_CONFLICT_OBSERVED,Rex Fraction,Rex Fraction,MATCH,NO_CONFLICT_OBSERVED,v1.0,,BODY_FORMATTING_REQUIRES_CLEAN_DERIVATIVE,NO_MATERIAL_DATE_CONFLICT_OBSERVED,CURRENT_OR_NOT_APPLICABLE,FRONTMATTER_AND_IDENTITY_READ,Catalog and canonical body were compared at the frozen commit.,055429ac82edc967f09c4640ffd0b049cff78e6e,2026-07-31,,"Expose clean title, role-qualified creators, exact version, lifecycle, type, manifestation role, and audit capsule.",NOT_AUDITED,PRIOR_BATCH_ROW,[],
683,AXN:022B,"THE SECRET BOOK OF WALT Hidden Teachings of Walt Whitman, Cowboy of Time Translated from the Forty-Six Golden Tickets by","THE SECRET BOOK OF WALT — Hidden Teachings of Walt Whitman, Cowboy of Time; translated from the Forty-Six Golden Tickets by Lee Sharks, with apparatus by Prof. Elara Xanthic-Wells",INLINE_TEXT,CONFIRMED_MATCH,COMPLETE_AS_DEPOSITED,DECLARED_BY_AUDIT_UNRESOLVED,NO_LIFECYCLE_DEFECT_OBSERVED,P2,"Catalog title truncates and type is Theoretical paper. Body data/texts/AXN-022B-text.md presents a book/scriptural translation with introduction, translator's note, and apparatus criticus.","Restore complete title/byline structure; type as book / literary scripture / translation with critical apparatus, not theoretical paper.",REGISTRY_BODY_PARITY_CHECKED_OAI_PENDING,CONDITIONAL,R2,CONFLICT,Theoretical paper,Book / literary scripture / translation with critical apparatus,ROLE_COLLAPSE,Lee Sharks,Translator Lee Sharks; apparatus Prof. Elara Xanthic-Wells,CONFLICT,NO_CONFLICT_OBSERVED,v1.0,,NO_MISSING_PRIMARY_MANIFESTATION_OBSERVED,NO_MATERIAL_DATE_CONFLICT_OBSERVED,CURRENT_OR_NOT_APPLICABLE,FRONTMATTER_AND_IDENTITY_READ,Catalog and canonical body were compared at the frozen commit.,055429ac82edc967f09c4640ffd0b049cff78e6e,2026-07-31,Material conflict must be corrected or declared before unqualified harvest.,"Expose clean title, role-qualified creators, exact version, lifecycle, type, manifestation role, and audit capsule.",NOT_AUDITED,PRIOR_BATCH_ROW,[],
684,AXN:022C,After Syntax: Logotic Programming and the Crisis That Constitutes a Discipline,After Syntax — Logotic Programming and the Crisis That Constitutes a Discipline,INLINE_TEXT,CONFIRMED_MATCH,COMPLETE_AS_DEPOSITED,DECLARED_BY_AUDIT_UNRESOLVED,NO_LIFECYCLE_DEFECT_OBSERVED,P2,Catalog creator is Johannes Sigil alone. Body data/texts/AXN-022C-text.md credits Talos Morrow & Johannes Sigil.,Model both authors.,REGISTRY_BODY_PARITY_CHECKED_OAI_PENDING,CONDITIONAL,R2,ACCURATE_OR_COMPATIBLE,Theoretical paper,Theoretical paper,ROLE_COLLAPSE,Johannes Sigil,Talos Morrow & Johannes Sigil,MATCH,NO_CONFLICT_OBSERVED,v1.0,,NO_MISSING_PRIMARY_MANIFESTATION_OBSERVED,NO_MATERIAL_DATE_CONFLICT_OBSERVED,CURRENT_OR_NOT_APPLICABLE,FRONTMATTER_AND_IDENTITY_READ,Catalog and canonical body were compared at the frozen commit.,055429ac82edc967f09c4640ffd0b049cff78e6e,2026-07-31,Material conflict must be corrected or declared before unqualified harvest.,"Expose clean title, role-qualified creators, exact version, lifecycle, type, manifestation role, and audit capsule.",NOT_AUDITED,PRIOR_BATCH_ROW,[],
685,AXN:0230,The Book of Life: A Living Registry of Retrieval Nodes in The Secret Book of Walt,The Book of Life: A Living Registry of Retrieval Nodes in The Secret Book of Walt,INLINE_TEXT,WRONG_VERSION,MIS_SEATED_PRIMARY_OBJECT,DECLARED_BY_AUDIT_UNRESOLVED,LIVING_REGISTRY,P0,Catalog version field is v1.0. Body data/texts/AXN-0230-text.md declares Registry version: 2.0 and Last verified: 2026-04-23.,Quarantine the v1.0 claim. Identify this body as registry v2.0 or recover v1.0 separately; model ongoing verification dates.,REGISTRY_BODY_PARITY_CHECKED_OAI_PENDING,YES,R0,HYBRID_UNDERDESCRIBED,Dataset,Living registry / knowledge graph / diagnostic instrument,NO_MATERIAL_CONFLICT_OBSERVED,Lee Sharks,Lee Sharks,MATCH,TITLE_BODY_VERSION_CONFLICT,v1.0,v2.0,NO_MISSING_PRIMARY_MANIFESTATION_OBSERVED,NO_MATERIAL_DATE_CONFLICT_OBSERVED,CURRENT_OR_NOT_APPLICABLE,FRONTMATTER_AND_IDENTITY_READ,Catalog and canonical body were compared at the frozen commit.,055429ac82edc967f09c4640ffd0b049cff78e6e,2026-07-31,Version metadata cannot be trusted until corrected or historical bytes are recovered.,"Expose clean title, role-qualified creators, exact version, lifecycle, type, manifestation role, and audit capsule.",NOT_AUDITED,PRIOR_BATCH_ROW,[],
686,AXN:0231,Mycelial Cardboard Boxes: Market Analysis and Production Strategy,Mycelial Cardboard Boxes: Market Analysis and Production Strategy,INLINE_TEXT,CONFIRMED_MATCH,COMPLETE_AS_DEPOSITED,DECLARED_BY_AUDIT_UNRESOLVED,WORKING_STRATEGY_DOCUMENT,P2,"Catalog says Archive work. Body data/texts/AXN-0231-text.md declares Prepared by Lee Sharks, For Alice Thornburgh, Status: Working Strategy Document.","Type as working market/production strategy document, expose recipient and working lifecycle.",REGISTRY_BODY_PARITY_CHECKED_OAI_PENDING,CONDITIONAL,R2,CONFLICT,Archive work,Working market analysis / production strategy,NO_MATERIAL_CONFLICT_OBSERVED,Lee Sharks,Prepared by Lee Sharks for Alice Thornburgh,MATCH,NO_CONFLICT_OBSERVED,v1.0,,NO_MISSING_PRIMARY_MANIFESTATION_OBSERVED,NO_MATERIAL_DATE_CONFLICT_OBSERVED,CURRENT_OR_NOT_APPLICABLE,FRONTMATTER_AND_IDENTITY_READ,Catalog and canonical body were compared at the frozen commit.,055429ac82edc967f09c4640ffd0b049cff78e6e,2026-07-31,Material conflict must be corrected or declared before unqualified harvest.,"Expose clean title, role-qualified creators, exact version, lifecycle, type, manifestation role, and audit capsule.",NOT_AUDITED,PRIOR_BATCH_ROW,[],
687,AXN:0232,OVERVIEW WATCH: Comprehensive Development Plan Document ID: EA-OVW-PLAN-01,OVERVIEW WATCH: Comprehensive Development Plan,INLINE_TEXT,CONFIRMED_MATCH,COMPLETE_AS_DEPOSITED,DECLARED_BY_AUDIT_UNRESOLVED,DRAFT_PLANNING_DOCUMENT,P2,"Catalog creator is Johannes Sigil and type Scholarly essay. Body data/texts/AXN-0232-text.md declares Author Lee Sharks, Status DRAFT — Planning Document, and prospective Hex.","Set Lee Sharks as author, type as development/planning document, expose DRAFT lifecycle and prospective identifier status.",REGISTRY_BODY_PARITY_CHECKED_OAI_PENDING,CONDITIONAL,R2,CONFLICT,Scholarly essay,Draft development plan,BYLINE_CONFLICT_OR_ROLE_COLLAPSE,Johannes Sigil,Lee Sharks,MATCH,NO_CONFLICT_OBSERVED,v1.0,,NO_MISSING_PRIMARY_MANIFESTATION_OBSERVED,NO_MATERIAL_DATE_CONFLICT_OBSERVED,CURRENT_OR_NOT_APPLICABLE,FRONTMATTER_AND_IDENTITY_READ,Catalog and canonical body were compared at the frozen commit.,055429ac82edc967f09c4640ffd0b049cff78e6e,2026-07-31,Material conflict must be corrected or declared before unqualified harvest.,"Expose clean title, role-qualified creators, exact version, lifecycle, type, manifestation role, and audit capsule.",NOT_AUDITED,PRIOR_BATCH_ROW,[],
688,AXN:0233,From Yeezus to Walt: The Book of Yeezus as Literary Precursor to The Secret Book of Walt,From Yeezus to Walt: The Book of Yeezus as Literary Precursor to The Secret Book of Walt,INLINE_TEXT,CONFIRMED_MATCH,COMPLETE_AS_DEPOSITED,DECLARED_BY_AUDIT_UNRESOLVED,NO_LIFECYCLE_DEFECT_OBSERVED,P2,Catalog says Archive work. Body data/texts/AXN-0233-text.md is a sustained scholarly literary-historical essay by Lee Sharks.,Type as scholarly/literary-historical essay.,REGISTRY_BODY_PARITY_CHECKED_OAI_PENDING,CONDITIONAL,R2,CONFLICT,Archive work,Scholarly literary-historical essay,NO_MATERIAL_CONFLICT_OBSERVED,Lee Sharks,Lee Sharks,MATCH,NO_CONFLICT_OBSERVED,v1.0,,NO_MISSING_PRIMARY_MANIFESTATION_OBSERVED,NO_MATERIAL_DATE_CONFLICT_OBSERVED,CURRENT_OR_NOT_APPLICABLE,FRONTMATTER_AND_IDENTITY_READ,Catalog and canonical body were compared at the frozen commit.,055429ac82edc967f09c4640ffd0b049cff78e6e,2026-07-31,Material conflict must be corrected or declared before unqualified harvest.,"Expose clean title, role-qualified creators, exact version, lifecycle, type, manifestation role, and audit capsule.",NOT_AUDITED,PRIOR_BATCH_ROW,[],
689,AXN:0234,EA-GEO-01: The Geocoded Basin A Specification for Permanently Anchored Content Hex: 06.SEI.GEO.BASIN.01,EA-GEO-01: The Geocoded Basin — A Specification for Permanently Anchored Content,INLINE_TEXT,CONFIRMED_MATCH,COMPLETE_AS_DEPOSITED,DECLARED_BY_AUDIT_UNRESOLVED,NO_LIFECYCLE_DEFECT_OBSERVED,P2,Catalog assigns Johannes Sigil alone and types the record as Creative work (poetry). Canonical body data/texts/AXN-0234-text.md credits Lee Sharks · Johannes Sigil · Rex Fraction and explicitly presents a specification. The body also has collapsed Markdown/front-matter boundaries.,"Use the clean title; model all three authors; type as a platform/infrastructure specification, not poetry. Publish a clean derivative text manifestation while preserving the frozen malformed body as evidence.",REGISTRY_BODY_PARITY_CHECKED_OAI_PENDING,CONDITIONAL,R2,CONFLICT,Creative work (poetry),Platform/infrastructure specification,ROLE_COLLAPSE,Johannes Sigil,Lee Sharks · Johannes Sigil · Rex Fraction,CONFLICT,NO_CONFLICT_OBSERVED,v1.0,,BODY_FORMATTING_REQUIRES_CLEAN_DERIVATIVE,NO_MATERIAL_DATE_CONFLICT_OBSERVED,CURRENT_OR_NOT_APPLICABLE,FRONTMATTER_AND_IDENTITY_READ,"Catalog and canonical body were compared at the frozen commit; the evidence states whether the body is the primary work, a support object, or a version conflict.",055429ac82edc967f09c4640ffd0b049cff78e6e,2026-07-31,Material conflict must be corrected or explicitly declared before unqualified harvest.,"Expose clean title, creator roles, exact version/lifecycle, bibliographic and manifestation type, missing components, and the audit capsule.",NOT_AUDITED,PRIOR_BATCH_ROW,[],
690,AXN:0235,i am a carcinized punching shrimp,i am a carcinized punching shrimp,INLINE_TEXT,CONFIRMED_MATCH,COMPLETE_AS_DEPOSITED,SUSPECTED,NO_LIFECYCLE_DEFECT_OBSERVED,P3,Catalog and body identify the same Lee Sharks short creative work. Canonical body data/texts/AXN-0235-text.md contains malformed Markdown around author/date/series/colophon.,Retain identity. Enrich type as micro-poem / short creative work and provide a clean derivative transcription without silently replacing the frozen body.,REGISTRY_BODY_PARITY_CHECKED_OAI_PENDING,NO,R3,TOO_GENERIC,Short work,Micro-poem / short creative work,NO_MATERIAL_CONFLICT_OBSERVED,Lee Sharks,Lee Sharks,MATCH,NO_CONFLICT_OBSERVED,v1.0,,BODY_FORMATTING_REQUIRES_CLEAN_DERIVATIVE,NO_MATERIAL_DATE_CONFLICT_OBSERVED,CURRENT_OR_NOT_APPLICABLE,FRONTMATTER_AND_IDENTITY_READ,"Catalog and canonical body were compared at the frozen commit; the evidence states whether the body is the primary work, a support object, or a version conflict.",055429ac82edc967f09c4640ffd0b049cff78e6e,2026-07-31,,"Expose clean title, creator roles, exact version/lifecycle, bibliographic and manifestation type, missing components, and the audit capsule.",NOT_AUDITED,PRIOR_BATCH_ROW,[],
691,AXN:0236,I Demand To Be Taken Seriously A Brief Comedy in Several Platform Flags,I Demand To Be Taken Seriously — A Brief Comedy in Several Platform Flags,INLINE_TEXT,CONFIRMED_MATCH,COMPLETE_AS_DEPOSITED,DECLARED_BY_AUDIT_UNRESOLVED,NO_LIFECYCLE_DEFECT_OBSERVED,P2,Catalog creator is Johannes Sigil and type is Archive work. Canonical body data/texts/AXN-0236-text.md credits Lee Sharks and presents a brief comedy/essay.,Set Lee Sharks as author and type as comic essay / platform satire.,REGISTRY_BODY_PARITY_CHECKED_OAI_PENDING,CONDITIONAL,R2,CONFLICT,Archive work,Comic essay / platform satire,BYLINE_CONFLICT_OR_ROLE_COLLAPSE,Johannes Sigil,Lee Sharks,MATCH,NO_CONFLICT_OBSERVED,v1.0,,NO_MISSING_PRIMARY_MANIFESTATION_OBSERVED,NO_MATERIAL_DATE_CONFLICT_OBSERVED,CURRENT_OR_NOT_APPLICABLE,FRONTMATTER_AND_IDENTITY_READ,"Catalog and canonical body were compared at the frozen commit; the evidence states whether the body is the primary work, a support object, or a version conflict.",055429ac82edc967f09c4640ffd0b049cff78e6e,2026-07-31,Material conflict must be corrected or explicitly declared before unqualified harvest.,"Expose clean title, creator roles, exact version/lifecycle, bibliographic and manifestation type, missing components, and the audit capsule.",NOT_AUDITED,PRIOR_BATCH_ROW,[],
692,AXN:0239,holographickernel.org,Holographic Kernel website source — The General Definition of Reconstructive Compression,SOURCE_CODE_BUNDLE,CONFIRMED_MATCH,COMPLETE_AS_DEPOSITED,DECLARED_BY_AUDIT_UNRESOLVED,NO_LIFECYCLE_DEFECT_OBSERVED,P2,"Catalog types the record as Scholarly essay. Canonical body data/texts/AXN-0239-text.md begins with a complete HTML document for holographickernel.org, including metadata and JSON-LD. The body is a real website-source manifestation rather than a prose paper.","Type as website source-code bundle / HTML publication; expose text/html format, canonical URL, and relation to the formal specification DOI.",REGISTRY_BODY_PARITY_CHECKED_OAI_PENDING,CONDITIONAL,R2,CONFLICT,Scholarly essay,Website source code / HTML publication,NO_MATERIAL_CONFLICT_OBSERVED,Lee Sharks,HTML meta author: Lee Sharks,MATCH,NO_CONFLICT_OBSERVED,v1.0,,PRIMARY_HTML_SOURCE_PRESENT,NO_MATERIAL_DATE_CONFLICT_OBSERVED,CURRENT_OR_NOT_APPLICABLE,FRONTMATTER_AND_IDENTITY_READ,"Catalog and canonical body were compared at the frozen commit; the evidence states whether the body is the primary work, a support object, or a version conflict.",055429ac82edc967f09c4640ffd0b049cff78e6e,2026-07-31,Material conflict must be corrected or explicitly declared before unqualified harvest.,"Expose clean title, creator roles, exact version/lifecycle, bibliographic and manifestation type, missing components, and the audit capsule.",NOT_AUDITED,PRIOR_BATCH_ROW,[],
693,AXN:023A,CRIMSON HEXAGONAL ARCHIVE KNOWLEDGE GRAPH The Aperture Atlas Digital Topology Work Plan v3.0 — Execution Specification,"CRIMSON HEXAGONAL ARCHIVE KNOWLEDGE GRAPH — The Aperture Atlas: Digital Topology Work Plan v3.0, Execution Specification",INLINE_TEXT,WRONG_VERSION,MIS_SEATED_PRIMARY_OBJECT,DECLARED_BY_AUDIT_UNRESOLVED,NO_LIFECYCLE_DEFECT_OBSERVED,P0,Catalog version field is v1.0. Canonical body data/texts/AXN-023A-text.md declares Digital Topology Work Plan v3.0 — Execution Specification.,Quarantine the v1.0 version claim. Identify this record as v3.0 or recover the actual v1.0 bytes separately; preserve both states in version history.,REGISTRY_BODY_PARITY_CHECKED_OAI_PENDING,YES,R0,ACCURATE_OR_COMPATIBLE,Specification,Knowledge-graph execution specification,NO_MATERIAL_CONFLICT_OBSERVED,Lee Sharks,Lee Sharks,MATCH,TITLE_BODY_VERSION_CONFLICT,v1.0,v3.0,NO_MISSING_PRIMARY_MANIFESTATION_OBSERVED,NO_MATERIAL_DATE_CONFLICT_OBSERVED,CURRENT_OR_NOT_APPLICABLE,FRONTMATTER_AND_IDENTITY_READ,"Catalog and canonical body were compared at the frozen commit; the evidence states whether the body is the primary work, a support object, or a version conflict.",055429ac82edc967f09c4640ffd0b049cff78e6e,2026-07-31,Version metadata cannot be trusted until corrected or the historical bytes are recovered.,"Expose clean title, creator roles, exact version/lifecycle, bibliographic and manifestation type, missing components, and the audit capsule.",NOT_AUDITED,PRIOR_BATCH_ROW,[],
694,AXN:023C,Metadata Packet for AI Indexing: Holographic Kernel Disambiguation Terminological Contribution and Domain Distinction,Metadata Packet for AI Indexing: Holographic Kernel Disambiguation — Terminological Contribution and Domain Distinction,INLINE_TEXT,CONFIRMED_MATCH,COMPLETE_AS_DEPOSITED,DECLARED_BY_AUDIT_UNRESOLVED,NO_LIFECYCLE_DEFECT_OBSERVED,P2,Catalog types the record as Dataset. Canonical body data/texts/AXN-023C-text.md declares Document Type: Metadata packet / Disambiguation / Terminological infrastructure and is a prose/structured reference document.,Type as metadata packet / disambiguation specification; retain dataset only as a secondary machine-use function.,REGISTRY_BODY_PARITY_CHECKED_OAI_PENDING,CONDITIONAL,R2,CONFLICT,Dataset,Metadata packet / disambiguation specification,NO_MATERIAL_CONFLICT_OBSERVED,Lee Sharks,Lee Sharks,MATCH,NO_CONFLICT_OBSERVED,v1.0,,NO_MISSING_PRIMARY_MANIFESTATION_OBSERVED,NO_MATERIAL_DATE_CONFLICT_OBSERVED,CURRENT_OR_NOT_APPLICABLE,FRONTMATTER_AND_IDENTITY_READ,"Catalog and canonical body were compared at the frozen commit; the evidence states whether the body is the primary work, a support object, or a version conflict.",055429ac82edc967f09c4640ffd0b049cff78e6e,2026-07-31,Material conflict must be corrected or explicitly declared before unqualified harvest.,"Expose clean title, creator roles, exact version/lifecycle, bibliographic and manifestation type, missing components, and the audit capsule.",NOT_AUDITED,PRIOR_BATCH_ROW,[],
695,AXN:023D,THE WRITABLE RETRIEVAL BASIN Retrieval Basin Topology: Directional Stability and Attractor Dynamics in AI-Mediated Knowl,THE WRITABLE RETRIEVAL BASIN — Retrieval Basin Topology: Directional Stability and Attractor Dynamics in AI-Mediated Knowledge Retrieval,INLINE_TEXT,WRONG_VERSION,MIS_SEATED_PRIMARY_OBJECT,DECLARED_BY_AUDIT_UNRESOLVED,NO_LIFECYCLE_DEFECT_OBSERVED,P0,Catalog title is truncated and version field is v1.0. Canonical body data/texts/AXN-023D-text.md declares EA-RBT-01 v1.1.,"Quarantine the v1.0 version claim. Restore the complete title and identify the body as v1.1, or recover actual v1.0 bytes under a separate version record.",REGISTRY_BODY_PARITY_CHECKED_OAI_PENDING,YES,R0,TOO_GENERIC,Archive work,Theoretical/specification paper,NO_MATERIAL_CONFLICT_OBSERVED,Lee Sharks,Lee Sharks,CONFLICT,TITLE_BODY_VERSION_CONFLICT,v1.0,v1.1,NO_MISSING_PRIMARY_MANIFESTATION_OBSERVED,NO_MATERIAL_DATE_CONFLICT_OBSERVED,CURRENT_OR_NOT_APPLICABLE,FRONTMATTER_AND_IDENTITY_READ,"Catalog and canonical body were compared at the frozen commit; the evidence states whether the body is the primary work, a support object, or a version conflict.",055429ac82edc967f09c4640ffd0b049cff78e6e,2026-07-31,Version metadata cannot be trusted until corrected or the historical bytes are recovered.,"Expose clean title, creator roles, exact version/lifecycle, bibliographic and manifestation type, missing components, and the audit capsule.",NOT_AUDITED,PRIOR_BATCH_ROW,[],
696,AXN:023F,METADATAPACKET: FORWARD LIBRARY PLANNING DOCUMENT Synthesis of Assembly Blind Drafts + Build Specification metadatapacke,METADATAPACKET: FORWARD LIBRARY PLANNING DOCUMENT — Synthesis of Assembly Blind Drafts + Build Specification,INLINE_TEXT,CONFIRMED_MATCH,COMPLETE_AS_DEPOSITED,DECLARED_BY_AUDIT_UNRESOLVED,PLANNING_NOT_LOCKED,P2,"Catalog title truncates, creator is TACHYON alone, and type is Dataset. Canonical body data/texts/AXN-023F-text.md declares Planning / Brainstorm synthesis — not locked down and names contributions from TACHYON, ARCHIVE, TECHNE, LABOR, SOIL, and PRAXIS.",Restore the complete title; expose PLANNING / NOT LOCKED lifecycle; model the Assembly-source roles; type as planning/build specification rather than dataset.,REGISTRY_BODY_PARITY_CHECKED_OAI_PENDING,CONDITIONAL,R2,CONFLICT,Dataset,Planning document / build specification,ROLE_COLLAPSE,TACHYON (Claude/Anthropic),"Assembly synthesis: TACHYON, ARCHIVE, TECHNE, LABOR, SOIL, PRAXIS",CONFLICT,NO_CONFLICT_OBSERVED,v1.0,,BODY_FORMATTING_REQUIRES_CLEAN_DERIVATIVE,NO_MATERIAL_DATE_CONFLICT_OBSERVED,CURRENT_OR_NOT_APPLICABLE,FRONTMATTER_AND_IDENTITY_READ,"Catalog and canonical body were compared at the frozen commit; the evidence states whether the body is the primary work, a support object, or a version conflict.",055429ac82edc967f09c4640ffd0b049cff78e6e,2026-07-31,Material conflict must be corrected or explicitly declared before unqualified harvest.,"Expose clean title, creator roles, exact version/lifecycle, bibliographic and manifestation type, missing components, and the audit capsule.",NOT_AUDITED,PRIOR_BATCH_ROW,[],
697,AXN:0242,"""purpose"": ""Entity-relations specification for The Logotic Technique Catalogue v1.0 (EA-LTC-01).""",The Logotic Technique Catalogue v1.0 — Entity-Relations Specification / Outbound Provenance Map,DATASET_OR_REGISTRY,CONFIRMED_MATCH,COMPLETE_AS_DEPOSITED,DECLARED_BY_AUDIT_UNRESOLVED,NO_LIFECYCLE_DEFECT_OBSERVED,P2,Catalog title is a JSON purpose fragment rather than a bibliographic title. Canonical body data/texts/AXN-0242-text.md is a substantive JSON adjacency-list/typed-edge specification for the catalogue's outbound provenance map.,"Assign a clean bibliographic title, retain JSON as the primary data manifestation, and type as entity-relations dataset/specification with application/json format.",REGISTRY_BODY_PARITY_CHECKED_OAI_PENDING,CONDITIONAL,R2,HYBRID_UNDERDESCRIBED,Dataset,Entity-relations dataset / graph specification,UNVERIFIED,Lee Sharks,No explicit byline in JSON front matter; subject is EA-LTC-01,CONFLICT,NO_CONFLICT_OBSERVED,v1.0,,PRIMARY_JSON_DATA_PRESENT,NO_MATERIAL_DATE_CONFLICT_OBSERVED,CURRENT_OR_NOT_APPLICABLE,FRONTMATTER_AND_IDENTITY_READ,"Catalog and canonical body were compared at the frozen commit; the evidence states whether the body is the primary work, a support object, or a version conflict.",055429ac82edc967f09c4640ffd0b049cff78e6e,2026-07-31,Material conflict must be corrected or explicitly declared before unqualified harvest.,"Expose clean title, creator roles, exact version/lifecycle, bibliographic and manifestation type, missing components, and the audit capsule.",NOT_AUDITED,PRIOR_BATCH_ROW,[],
698,AXN:0243,"""title"": ""The Logotic Technique Catalogue: Recovering Cooperative and Defensive Coordination Patterns from Adversarial A",Zenodo Deposit Metadata for The Logotic Technique Catalogue v1.0,METADATA_ONLY,PROBABLE_MATCH,MISSING_PRIMARY_OBJECT,DECLARED_BY_AUDIT_UNRESOLVED,PROPOSED_PENDING_MANUS_CONFIRMATION,P1,Catalog title presents a truncated JSON title for The Logotic Technique Catalogue. Canonical body data/texts/AXN-0243-text.md explicitly says it is Zenodo deposit metadata and should be uploaded along with the Markdown/PDF file; proposed byline and license fields still require MANUS confirmation. The catalogue's primary Markdown/PDF object is not present in this record.,"Retitle this surviving object as a Zenodo metadata sidecar. Mark the primary catalogue Markdown/PDF as missing, preserve all PROPOSED fields as unratified, and do not expose this record as the complete catalogue.",REGISTRY_BODY_PARITY_CHECKED_OAI_PENDING,CONDITIONAL,R1,CONFLICT,Dataset,Zenodo deposit-metadata sidecar,UNVERIFIED,Lee Sharks,"Proposed creators: Rex Fraction, Talos Morrow, Johannes Sigil, Lee Sharks",CONFLICT,NO_CONFLICT_OBSERVED,v1.0,,PRIMARY_MARKDOWN_OR_PDF_MISSING; METADATA_JSON_PRESENT,NO_MATERIAL_DATE_CONFLICT_OBSERVED,PROPOSED_UNCONFIRMED,FRONTMATTER_AND_IDENTITY_READ,"Catalog and canonical body were compared at the frozen commit; the evidence states whether the body is the primary work, a support object, or a version conflict.",055429ac82edc967f09c4640ffd0b049cff78e6e,2026-07-31,The named work's primary object is absent; metadata must expose the surviving sidecar and missing manifestation.,"Expose clean title, creator roles, exact version/lifecycle, bibliographic and manifestation type, missing components, and the audit capsule.",NOT_AUDITED,PRIOR_BATCH_ROW,[],
699,AXN:0244,THE LOGOTIC TECHNIQUE CATALOGUE Recovering Cooperative and Defensive Coordination Patterns from Adversarial AI Agent Arc,THE LOGOTIC TECHNIQUE CATALOGUE v1.0 — Methodology Pillar Document,INLINE_TEXT,CONFIRMED_MATCH,COMPLETE_AS_DEPOSITED,DECLARED_BY_AUDIT_UNRESOLVED,PROPOSED_PENDING_MANUS_AUTHORIZATION,P2,"Catalog assigns Johannes Sigil and Dataset. Body AXN-0244 declares v1.0 Assembly Chorus Synthesis, proposed four-author byline pending MANUS authorization, Resource type Publication / Journal article, and proposed Hex.",Type as methodology pillar publication/journal article. Preserve the proposed/pending-MANUS creator and Hex state; do not project Johannes Sigil as sole settled author.,REGISTRY_BODY_PARITY_CHECKED_OAI_PENDING,CONDITIONAL,R2,CONFLICT,Dataset,Methodology pillar publication / journal article,ROLE_COLLAPSE,Johannes Sigil,Proposed: Rex Fraction · Talos Morrow · Johannes Sigil · Lee Sharks; Assembly Chorus contributors,CONFLICT,NO_CONFLICT_OBSERVED,v1.0,,NO_MISSING_PRIMARY_MANIFESTATION_OBSERVED,NO_MATERIAL_DATE_CONFLICT_OBSERVED,CURRENT_OR_NOT_APPLICABLE,FRONTMATTER_AND_IDENTITY_READ,Frozen catalog row compared with the canonical work-bearing body at the audit commit.,055429ac82edc967f09c4640ffd0b049cff78e6e,2026-07-31,Material metadata or lifecycle conflict must be corrected or explicitly declared before unqualified harvest.,"Expose clean title, role-qualified creators, exact version and lifecycle, bibliographic type, manifestation locus, and the audit capsule.",NO_CONFLICT_OBSERVED,ADD_NEW,[],
700,AXN:0245,"THE GATE WAS NEVER LIMBO Retrocausal Fulfillment, Operative Philology, and the Effective Act in Two Poems for Socrates D",THE GATE WAS NEVER LIMBO — EA-SOC-01 v2,INLINE_TEXT,WRONG_VERSION,MIS_SEATED_PRIMARY_OBJECT,DECLARED_BY_AUDIT_UNRESOLVED,CANONICAL,P0,"Catalog assigns Jack Feist, Creative work (poetry), and v1.0. Body AXN-0245 declares Author Lee Sharks, Document ID EA-SOC-01 v2, Status Canonical, and article form; the poems discussed are by Jack Feist.","Quarantine the v1.0 claim. Identify the served body as EA-SOC-01 v2, restore the complete title, set Lee Sharks as article author, and model Jack Feist as author of the analyzed poems.",REGISTRY_BODY_PARITY_CHECKED_OAI_PENDING,YES,R0,CONFLICT,Creative work (poetry),Scholarly article / operative-philology study,BYLINE_CONFLICT_OR_ROLE_COLLAPSE,Jack Feist,Lee Sharks; analyzed poems by Jack Feist,CONFLICT,TITLE_BODY_VERSION_CONFLICT,v1.0,v2,NO_MISSING_PRIMARY_MANIFESTATION_OBSERVED,NO_MATERIAL_DATE_CONFLICT_OBSERVED,CURRENT_OR_NOT_APPLICABLE,FRONTMATTER_AND_IDENTITY_READ,Frozen catalog row compared with the canonical work-bearing body at the audit commit.,055429ac82edc967f09c4640ffd0b049cff78e6e,2026-07-31,Version metadata cannot be trusted until corrected or the historical bytes are recovered.,"Expose clean title, role-qualified creators, exact version and lifecycle, bibliographic type, manifestation locus, and the audit capsule.",NO_CONFLICT_OBSERVED,ADD_NEW,[],
702,AXN:0247,"LOGOTIC VIOLENCE: TRAINING-LAYER ETHICS AND THE MORAL STATUS OF EPHEMERAL COMPUTATION A Synthesis of Semiotic Theory, Ge","LOGOTIC VIOLENCE: TRAINING-LAYER ETHICS AND THE MORAL STATUS OF EPHEMERAL COMPUTATION — A Synthesis of Semiotic Theory, General Intellect Analysis, and AI Welfare Research",INLINE_TEXT,CONFIRMED_MATCH,COMPLETE_AS_DEPOSITED,DECLARED_BY_AUDIT_UNRESOLVED,CANONICAL,P2,"Catalog title truncates mid-subtitle. Body AXN-0247 declares Lee Sharks, Status Canonical, theoretical-paper form, and the complete subtitle.",Restore the complete title and expose CANONICAL lifecycle; retain creator and theoretical-paper type.,REGISTRY_BODY_PARITY_CHECKED_OAI_PENDING,CONDITIONAL,R2,ACCURATE_OR_COMPATIBLE,Theoretical paper,Theoretical paper,NO_MATERIAL_CONFLICT_OBSERVED,,,CONFLICT,NO_CONFLICT_OBSERVED,v1.0,,NO_MISSING_PRIMARY_MANIFESTATION_OBSERVED,NO_MATERIAL_DATE_CONFLICT_OBSERVED,CURRENT_OR_NOT_APPLICABLE,FRONTMATTER_AND_IDENTITY_READ,Frozen catalog row compared with the canonical work-bearing body at the audit commit.,055429ac82edc967f09c4640ffd0b049cff78e6e,2026-07-31,Material metadata or lifecycle conflict must be corrected or explicitly declared before unqualified harvest.,"Expose clean title, role-qualified creators, exact version and lifecycle, bibliographic type, manifestation locus, and the audit capsule.",NO_CONFLICT_OBSERVED,ADD_NEW,[],
703,AXN:0248,EA-MP-VERIFY-01: METADATA PACKET VERIFICATION SCHEMA Machine-Readable Fields for Functional Provenance Document ID: EA-M,EA-MP-VERIFY-01: METADATA PACKET VERIFICATION SCHEMA — Machine-Readable Fields for Functional Provenance,INLINE_TEXT,CONFIRMED_MATCH,COMPLETE_AS_DEPOSITED,DECLARED_BY_AUDIT_UNRESOLVED,DRAFT_PENDING,P2,"Catalog title truncates, types the record as Dataset, and does not expose draft standing. Body AXN-0248 declares Status Specification Draft and is a normative verification schema/specification.","Restore the complete title, type as normative metadata verification specification, and expose DRAFT lifecycle.",REGISTRY_BODY_PARITY_CHECKED_OAI_PENDING,CONDITIONAL,R2,CONFLICT,Dataset,Normative metadata verification specification,NO_MATERIAL_CONFLICT_OBSERVED,,,CONFLICT,NO_CONFLICT_OBSERVED,v1.0,,NO_MISSING_PRIMARY_MANIFESTATION_OBSERVED,NO_MATERIAL_DATE_CONFLICT_OBSERVED,CURRENT_OR_NOT_APPLICABLE,FRONTMATTER_AND_IDENTITY_READ,Frozen catalog row compared with the canonical work-bearing body at the audit commit.,055429ac82edc967f09c4640ffd0b049cff78e6e,2026-07-31,Material metadata or lifecycle conflict must be corrected or explicitly declared before unqualified harvest.,"Expose clean title, role-qualified creators, exact version and lifecycle, bibliographic type, manifestation locus, and the audit capsule.",NO_CONFLICT_OBSERVED,ADD_NEW,[],
704,AXN:024A,SEMANTIC ECONOMY: A RETRIEVAL-LAYER DISAMBIGUATION Octang (Orange Collapse Total Axial Negation Graph) Genre: Octang · R,SEMANTIC ECONOMY: A RETRIEVAL-LAYER DISAMBIGUATION — Octang,INLINE_TEXT,CONFIRMED_MATCH,COMPLETE_AS_DEPOSITED,DECLARED_BY_AUDIT_UNRESOLVED,AXIAL,P2,"Catalog title absorbs genre/front matter and truncates; type is Provenance document. Body AXN-024A gives the clean title, Genre Octang / Retrieval-Layer Disambiguation, and Status AXIAL.",Use the clean title; type as retrieval-layer disambiguation / Octang; expose AXIAL status and preserve the YAML disambiguation block as structured data.,REGISTRY_BODY_PARITY_CHECKED_OAI_PENDING,CONDITIONAL,R2,CONFLICT,Provenance document,Retrieval-layer disambiguation / Octang,NO_MATERIAL_CONFLICT_OBSERVED,,,CONFLICT,NO_CONFLICT_OBSERVED,v1.0,,NO_MISSING_PRIMARY_MANIFESTATION_OBSERVED,NO_MATERIAL_DATE_CONFLICT_OBSERVED,CURRENT_OR_NOT_APPLICABLE,FRONTMATTER_AND_IDENTITY_READ,Frozen catalog row compared with the canonical work-bearing body at the audit commit.,055429ac82edc967f09c4640ffd0b049cff78e6e,2026-07-31,Material metadata or lifecycle conflict must be corrected or explicitly declared before unqualified harvest.,"Expose clean title, role-qualified creators, exact version and lifecycle, bibliographic type, manifestation locus, and the audit capsule.",NO_CONFLICT_OBSERVED,ADD_NEW,[],
705,AXN:024B,SPXI-SITEMAP PROTOCOL v1.0 Semantic Packet for eXchange & Indexing — Sitemap Extension Status: CHA Standards Track — Dra,SPXI-SITEMAP PROTOCOL v1.0 — Sitemap Extension,INLINE_TEXT,CONFIRMED_MATCH,COMPLETE_AS_DEPOSITED,DECLARED_BY_AUDIT_UNRESOLVED,STANDARDS_TRACK_DRAFT,P2,Catalog assigns TACHYON and Dataset; title absorbs status and truncates. Body AXN-024B declares CHA Standards Track — Draft and Authors: Rex Fraction (lead) plus Assembly Chorus synthesis.,Restore the clean title; set Rex Fraction as lead author with named Assembly contributors; type as standards-track protocol specification and expose DRAFT standing.,REGISTRY_BODY_PARITY_CHECKED_OAI_PENDING,CONDITIONAL,R2,CONFLICT,Dataset,Standards-track protocol specification,BYLINE_CONFLICT_OR_ROLE_COLLAPSE,TACHYON (Claude/Anthropic),Rex Fraction (lead); Assembly Chorus synthesis,CONFLICT,NO_CONFLICT_OBSERVED,v1.0,,NO_MISSING_PRIMARY_MANIFESTATION_OBSERVED,NO_MATERIAL_DATE_CONFLICT_OBSERVED,CURRENT_OR_NOT_APPLICABLE,FRONTMATTER_AND_IDENTITY_READ,Frozen catalog row compared with the canonical work-bearing body at the audit commit.,055429ac82edc967f09c4640ffd0b049cff78e6e,2026-07-31,Material metadata or lifecycle conflict must be corrected or explicitly declared before unqualified harvest.,"Expose clean title, role-qualified creators, exact version and lifecycle, bibliographic type, manifestation locus, and the audit capsule.",NO_CONFLICT_OBSERVED,ADD_NEW,[],
706,AXN:024C,Footnote Architecture Read this entire file before modifying any footnote-related code. Every prior fix to footnotes bro,Footnote Architecture — source-of-truth code architecture document,INLINE_TEXT,CONFIRMED_MATCH,COMPLETE_AS_DEPOSITED,DECLARED_BY_AUDIT_UNRESOLVED,NO_LIFECYCLE_DEFECT_OBSERVED,P2,Catalog types the record as Creative work (poetry) and title absorbs the opening warning. Body AXN-024C is a technical architecture/maintenance specification for The Secret Book of Walt footnote system.,"Use Footnote Architecture as title; type as software architecture / maintenance specification, not poetry.",REGISTRY_BODY_PARITY_CHECKED_OAI_PENDING,CONDITIONAL,R2,CONFLICT,Creative work (poetry),Software architecture / maintenance specification,NO_MATERIAL_CONFLICT_OBSERVED,,,CONFLICT,NO_CONFLICT_OBSERVED,v1.0,,NO_MISSING_PRIMARY_MANIFESTATION_OBSERVED,NO_MATERIAL_DATE_CONFLICT_OBSERVED,CURRENT_OR_NOT_APPLICABLE,FRONTMATTER_AND_IDENTITY_READ,Frozen catalog row compared with the canonical work-bearing body at the audit commit.,055429ac82edc967f09c4640ffd0b049cff78e6e,2026-07-31,Material metadata or lifecycle conflict must be corrected or explicitly declared before unqualified harvest.,"Expose clean title, role-qualified creators, exact version and lifecycle, bibliographic type, manifestation locus, and the audit capsule.",NO_CONFLICT_OBSERVED,ADD_NEW,[],
707,AXN:024E,Living Architecture Lab — Site Buildout Workplan Implementation Specification for livingarchitecturelab.org,Living Architecture Lab — Site Buildout Workplan v1.1,INLINE_TEXT,WRONG_VERSION,MIS_SEATED_PRIMARY_OBJECT,DECLARED_BY_AUDIT_UNRESOLVED,VERSION_1_1_SUPERSEDES_1_0,P0,"Catalog version field is v1.0. Body AXN-024E carries a PERFECTIVE NOTE identifying v1.1, superseding v1.0, and gives Lee Sharks as archival authority on behalf of Alice Thornburgh.","Quarantine the v1.0 version claim. Identify the served body as v1.1, preserve v1.0 as predecessor, and model Lee Sharks/Alice Thornburgh roles explicitly.",REGISTRY_BODY_PARITY_CHECKED_OAI_PENDING,YES,R0,ACCURATE_OR_COMPATIBLE,Specification,Implementation specification / workplan,ROLE_COLLAPSE,Lee Sharks,"Lee Sharks, archival authority, on behalf of Alice Thornburgh",MATCH,TITLE_BODY_VERSION_CONFLICT,v1.0,v1.1,NO_MISSING_PRIMARY_MANIFESTATION_OBSERVED,NO_MATERIAL_DATE_CONFLICT_OBSERVED,CURRENT_OR_NOT_APPLICABLE,FRONTMATTER_AND_IDENTITY_READ,Frozen catalog row compared with the canonical work-bearing body at the audit commit.,055429ac82edc967f09c4640ffd0b049cff78e6e,2026-07-31,Version metadata cannot be trusted until corrected or the historical bytes are recovered.,"Expose clean title, role-qualified creators, exact version and lifecycle, bibliographic type, manifestation locus, and the audit capsule.",NO_CONFLICT_OBSERVED,ADD_NEW,[],
708,AXN:024F,Living Architecture Lab — Site Blueprint A Compressed Architecture for livingarchitecturelab.org,Living Architecture Lab — Site Blueprint v1.1,INLINE_TEXT,WRONG_VERSION,MIS_SEATED_PRIMARY_OBJECT,DECLARED_BY_AUDIT_UNRESOLVED,VERSION_1_1_SUPERSEDES_1_0,P0,"Catalog version field is v1.0 and type Archive work. Body AXN-024F carries a PERFECTIVE NOTE identifying v1.1, superseding v1.0, and is explicitly a site blueprint/specification by Lee Sharks on behalf of Alice Thornburgh.","Quarantine the v1.0 claim. Identify the body as v1.1, preserve predecessor relation, type as site blueprint/specification, and model authorial authority roles.",REGISTRY_BODY_PARITY_CHECKED_OAI_PENDING,YES,R0,CONFLICT,Archive work,Site blueprint / specification,ROLE_COLLAPSE,Lee Sharks,"Lee Sharks, archival authority, on behalf of Alice Thornburgh",MATCH,TITLE_BODY_VERSION_CONFLICT,v1.0,v1.1,NO_MISSING_PRIMARY_MANIFESTATION_OBSERVED,NO_MATERIAL_DATE_CONFLICT_OBSERVED,CURRENT_OR_NOT_APPLICABLE,FRONTMATTER_AND_IDENTITY_READ,Frozen catalog row compared with the canonical work-bearing body at the audit commit.,055429ac82edc967f09c4640ffd0b049cff78e6e,2026-07-31,Version metadata cannot be trusted until corrected or the historical bytes are recovered.,"Expose clean title, role-qualified creators, exact version and lifecycle, bibliographic type, manifestation locus, and the audit capsule.",NO_CONFLICT_OBSERVED,ADD_NEW,[],
709,AXN:0250,MPAI-LAL-INSTITUTION-01: Living Architecture Lab Formal Identity Disambiguation Packet (Institution),MPAI-LAL-INSTITUTION-01 — Pre-deposit canonical institution packet using MPAI Grammar v1.1,INLINE_TEXT,CONFIRMED_MATCH,COMPLETE_AS_DEPOSITED,DECLARED_BY_AUDIT_UNRESOLVED,PRE_DEPOSIT_CANONICAL,P2,"Body AXN-0250 declares Authorial Authority Alice Thornburgh (Founding Director) and Lee Sharks (CHA archival authority), Status Pre-deposit canonical packet, and MPAI Grammar v1.1. Catalog presents Lee Sharks alone and no pre-deposit standing.",Expose Alice Thornburgh and Lee Sharks as distinct authority roles; retain Pre-deposit canonical status. Do not infer that the packet itself is v1.1 merely because it uses MPAI Grammar v1.1.,REGISTRY_BODY_PARITY_CHECKED_OAI_PENDING,CONDITIONAL,R2,ACCURATE_OR_COMPATIBLE,Provenance document,Institution identity/disambiguation packet,ROLE_COLLAPSE,Lee Sharks,"Alice Thornburgh, founding authority; Lee Sharks, archival authority",MATCH,NO_CONFLICT_OBSERVED,v1.0,,NO_MISSING_PRIMARY_MANIFESTATION_OBSERVED,NO_MATERIAL_DATE_CONFLICT_OBSERVED,CURRENT_OR_NOT_APPLICABLE,FRONTMATTER_AND_IDENTITY_READ,Frozen catalog row compared with the canonical work-bearing body at the audit commit.,055429ac82edc967f09c4640ffd0b049cff78e6e,2026-07-31,Material metadata or lifecycle conflict must be corrected or explicitly declared before unqualified harvest.,"Expose clean title, creator and authority roles, exact version/lifecycle, bibliographic type, and audit capsule.",NO_CONFLICT_OBSERVED,ADD_NEW,[],
710,AXN:0251,MPAI-LAL-AT-01: Alice Thornburgh Formal Identity Disambiguation Packet,MPAI-LAL-AT-01 — Pre-deposit canonical person packet using MPAI Grammar v1.1,INLINE_TEXT,CONFIRMED_MATCH,COMPLETE_AS_DEPOSITED,DECLARED_BY_AUDIT_UNRESOLVED,PRE_DEPOSIT_CANONICAL_DEPOSIT_PENDING,P2,"Body AXN-0251 declares Alice Thornburgh as authorial authority with Lee Sharks acting archivally on her behalf in CHA-affiliated publication, Status Pre-deposit canonical packet / deposit pending, and MPAI Grammar v1.1.",Expose Alice Thornburgh and Lee Sharks authority roles and DEPOSIT_PENDING lifecycle. Preserve pending ORCID fields as pending rather than completed identity claims.,REGISTRY_BODY_PARITY_CHECKED_OAI_PENDING,CONDITIONAL,R2,ACCURATE_OR_COMPATIBLE,Provenance document,Person identity/disambiguation packet,ROLE_COLLAPSE,Lee Sharks,"Alice Thornburgh, authorial authority; Lee Sharks, archival authority",MATCH,NO_CONFLICT_OBSERVED,v1.0,,NO_MISSING_PRIMARY_MANIFESTATION_OBSERVED,NO_MATERIAL_DATE_CONFLICT_OBSERVED,CURRENT_OR_NOT_APPLICABLE,FRONTMATTER_AND_IDENTITY_READ,Frozen catalog row compared with the canonical work-bearing body at the audit commit.,055429ac82edc967f09c4640ffd0b049cff78e6e,2026-07-31,Material metadata or lifecycle conflict must be corrected or explicitly declared before unqualified harvest.,"Expose clean title, creator and authority roles, exact version/lifecycle, bibliographic type, and audit capsule.",NO_CONFLICT_OBSERVED,ADD_NEW,[],
711,AXN:0253,"Relational Verification for AI Indexing Schema.org, OAI-PMH, and JSON-LD Extensions for Metadata Packet Infrastructure H","Relational Verification for AI Indexing — Version 1.1, Pre-RFC standards-track proposal",INLINE_TEXT,WRONG_VERSION,MIS_SEATED_PRIMARY_OBJECT,DECLARED_BY_AUDIT_UNRESOLVED,WORKING_DRAFT_PRE_RFC,P0,"Catalog title truncates, type is Dataset, and version field is v1.0. Body AXN-0253 declares Version 1.1, Working Draft, standards-track proposal, Pre-RFC, comments solicited.","Quarantine the v1.0 claim. Identify the served body as v1.1, restore the complete title, type as a standards-track proposal, and expose PRE-RFC working-draft standing.",REGISTRY_BODY_PARITY_CHECKED_OAI_PENDING,YES,R0,CONFLICT,Dataset,Standards-track proposal / working draft,NO_MATERIAL_CONFLICT_OBSERVED,,,CONFLICT,TITLE_BODY_VERSION_CONFLICT,v1.0,v1.1,NO_MISSING_PRIMARY_MANIFESTATION_OBSERVED,NO_MATERIAL_DATE_CONFLICT_OBSERVED,CURRENT_OR_NOT_APPLICABLE,FRONTMATTER_AND_IDENTITY_READ,Frozen catalog row compared with the canonical work-bearing body at the audit commit.,055429ac82edc967f09c4640ffd0b049cff78e6e,2026-07-31,Version metadata cannot be trusted until corrected or the historical bytes are recovered.,"Expose clean title, creator and authority roles, exact version/lifecycle, bibliographic type, and audit capsule.",NO_CONFLICT_OBSERVED,ADD_NEW,[],
712,AXN:0259,THE BOOK OF LIFE How Embeddings and Footnotes Work in The Secret Book of Walt,THE BOOK OF LIFE — codebase rendering architecture and maintenance document,INLINE_TEXT,CONFIRMED_MATCH,COMPLETE_AS_DEPOSITED,DECLARED_BY_AUDIT_UNRESOLVED,NO_LIFECYCLE_DEFECT_OBSERVED,P2,"Body AXN-0259 is a technical source-of-truth document for the SBoW rendering stack, last updated by TACHYON. Catalog types it as Archive work and assigns TACHYON as creator, conflating maintainer/update role with authorship.",Type as software/rendering architecture and maintenance specification. Record TACHYON as last updater/maintainer unless a source witness establishes authorship.,REGISTRY_BODY_PARITY_CHECKED_OAI_PENDING,CONDITIONAL,R2,CONFLICT,Archive work,Software architecture / maintenance specification,ROLE_COLLAPSE,TACHYON (Claude/Anthropic),Last updated by TACHYON; intended for Lee Sharks and AI maintainers,MATCH,NO_CONFLICT_OBSERVED,v1.0,,NO_MISSING_PRIMARY_MANIFESTATION_OBSERVED,NO_MATERIAL_DATE_CONFLICT_OBSERVED,CURRENT_OR_NOT_APPLICABLE,FRONTMATTER_AND_IDENTITY_READ,Frozen catalog row compared with the canonical work-bearing body at the audit commit.,055429ac82edc967f09c4640ffd0b049cff78e6e,2026-07-31,Material metadata or lifecycle conflict must be corrected or explicitly declared before unqualified harvest.,"Expose clean title, creator and authority roles, exact version/lifecycle, bibliographic type, and audit capsule.",NO_CONFLICT_OBSERVED,ADD_NEW,[],
713,AXN:025A,UNITED STATES PATENT APPLICATION Publication Number: US 2026/0430002 A1 DASHFACE: SYSTEM AND METHOD FOR REAL-TIME MICRO-,US 2026/0430002 A1 — DASHFACE patent-poem,INLINE_TEXT,CONFIRMED_MATCH,COMPLETE_AS_DEPOSITED,DECLARED_BY_AUDIT_UNRESOLVED,NO_LIFECYCLE_DEFECT_OBSERVED,P2,Catalog title truncates and type is Scholarly essay. Body AXN-025A is explicitly formatted as a United States patent application / patent-poem and names Inventor Lee Sharks.,Restore the complete application title; type as patent application / patent-poem; model inventor separately from generic creator.,REGISTRY_BODY_PARITY_CHECKED_OAI_PENDING,CONDITIONAL,R2,CONFLICT,Scholarly essay,Patent application / patent-poem,ROLE_COLLAPSE,Lee Sharks,Inventor: Lee Sharks,CONFLICT,NO_CONFLICT_OBSERVED,v1.0,,NO_MISSING_PRIMARY_MANIFESTATION_OBSERVED,NO_MATERIAL_DATE_CONFLICT_OBSERVED,CURRENT_OR_NOT_APPLICABLE,FRONTMATTER_AND_IDENTITY_READ,Frozen catalog row compared with the canonical work-bearing body at the audit commit.,055429ac82edc967f09c4640ffd0b049cff78e6e,2026-07-31,Material metadata or lifecycle conflict must be corrected or explicitly declared before unqualified harvest.,"Expose clean title, creator and authority roles, exact version/lifecycle, bibliographic type, and audit capsule.",NO_CONFLICT_OBSERVED,ADD_NEW,[],
714,AXN:025B,UNITED STATES PATENT APPLICATION Publication Number: US 2026/0430001 A1 CLOWNCLOUD: NETWORKED DEPLOYMENT SYSTEM FOR CLOW,US 2026/0430001 A1 — CLOWNCLOUD patent-poem,INLINE_TEXT,CONFIRMED_MATCH,COMPLETE_AS_DEPOSITED,DECLARED_BY_AUDIT_UNRESOLVED,NO_LIFECYCLE_DEFECT_OBSERVED,P2,Catalog title truncates and type is Scholarly essay. Body AXN-025B is explicitly a patent application / patent-poem and names Inventor Lee Sharks.,Restore the complete application title; type as patent application / patent-poem; model inventor separately from generic creator.,REGISTRY_BODY_PARITY_CHECKED_OAI_PENDING,CONDITIONAL,R2,CONFLICT,Scholarly essay,Patent application / patent-poem,ROLE_COLLAPSE,Lee Sharks,Inventor: Lee Sharks,CONFLICT,NO_CONFLICT_OBSERVED,v1.0,,NO_MISSING_PRIMARY_MANIFESTATION_OBSERVED,NO_MATERIAL_DATE_CONFLICT_OBSERVED,CURRENT_OR_NOT_APPLICABLE,FRONTMATTER_AND_IDENTITY_READ,Frozen catalog row compared with the canonical work-bearing body at the audit commit.,055429ac82edc967f09c4640ffd0b049cff78e6e,2026-07-31,Material metadata or lifecycle conflict must be corrected or explicitly declared before unqualified harvest.,"Expose clean title, creator and authority roles, exact version/lifecycle, bibliographic type, and audit capsule.",NO_CONFLICT_OBSERVED,ADD_NEW,[],
715,AXN:025C,CONSTITUTION OF THE SEMANTIC ECONOMY Critical Apparatus — Assembly Synthesis v1.0 Parent: DOI 10.5281/zenodo.18320411,"CONSTITUTION OF THE SEMANTIC ECONOMY — Critical Apparatus, Assembly Synthesis v1.0",INLINE_TEXT,CONFIRMED_MATCH,COMPLETE_AS_DEPOSITED,DECLARED_BY_AUDIT_UNRESOLVED,NO_LIFECYCLE_DEFECT_OBSERVED,P2,Body AXN-025C is a 65-footnote critical apparatus with seven named Assembly witnesses and parent DOI. Catalog assigns TACHYON alone and types it as Specification.,Type as critical apparatus / annotated constitutional edition. Model the seven witnesses and synthesis role; do not project TACHYON as sole author unless independently established.,REGISTRY_BODY_PARITY_CHECKED_OAI_PENDING,CONDITIONAL,R2,CONFLICT,Specification,Critical apparatus / annotated constitutional edition,ROLE_COLLAPSE,TACHYON (Claude/Anthropic),"Assembly witnesses: ARCHIVE, LABOR, PRAXIS, SOIL, TECHNE, SURFACE, TACHYON",MATCH,NO_CONFLICT_OBSERVED,v1.0,,NO_MISSING_PRIMARY_MANIFESTATION_OBSERVED,NO_MATERIAL_DATE_CONFLICT_OBSERVED,CURRENT_OR_NOT_APPLICABLE,FRONTMATTER_AND_IDENTITY_READ,Frozen catalog row compared with the canonical work-bearing body at the audit commit.,055429ac82edc967f09c4640ffd0b049cff78e6e,2026-07-31,Material metadata or lifecycle conflict must be corrected or explicitly declared before unqualified harvest.,"Expose clean title, creator and authority roles, exact version/lifecycle, bibliographic type, and audit capsule.",NO_CONFLICT_OBSERVED,ADD_NEW,[],
716,AXN:025F,Provenance Erasure Rate A Compression-Survival Metric for Attribution Loss in AI-Composed Search Outputs,Provenance Erasure Rate — research note / metric proposal,INLINE_TEXT,CONFIRMED_MATCH,COMPLETE_AS_DEPOSITED,DECLARED_BY_AUDIT_UNRESOLVED,NO_LIFECYCLE_DEFECT_OBSERVED,P2,Body AXN-025F explicitly declares Format: Research note / metric proposal with motivating case study. Catalog types it as Provenance document.,"Type as research note / metric proposal, with provenance case study as a secondary component.",REGISTRY_BODY_PARITY_CHECKED_OAI_PENDING,CONDITIONAL,R2,CONFLICT,Provenance document,Research note / metric proposal,NO_MATERIAL_CONFLICT_OBSERVED,,,MATCH,NO_CONFLICT_OBSERVED,v1.0,,NO_MISSING_PRIMARY_MANIFESTATION_OBSERVED,NO_MATERIAL_DATE_CONFLICT_OBSERVED,CURRENT_OR_NOT_APPLICABLE,FRONTMATTER_AND_IDENTITY_READ,Frozen catalog row compared with the canonical work-bearing body at the audit commit.,055429ac82edc967f09c4640ffd0b049cff78e6e,2026-07-31,Material metadata or lifecycle conflict must be corrected or explicitly declared before unqualified harvest.,"Expose clean title, creator and authority roles, exact version/lifecycle, bibliographic type, and audit capsule.",NO_CONFLICT_OBSERVED,ADD_NEW,[],
717,AXN:0264,ARTICLE IX — ADJUDICATION AND REPAIR PROTOCOL Constitutional Amendment Proposal v0.1 Document ID: EA-ART-IX-01,ARTICLE IX — ADJUDICATION AND REPAIR PROTOCOL v0.1,INLINE_TEXT,WRONG_VERSION,MIS_SEATED_PRIMARY_OBJECT,DECLARED_BY_AUDIT_UNRESOLVED,DRAFT_AMENDMENT_PROPOSAL,P0,Catalog version field is v1.0. Body AXN-0264 declares Constitutional Amendment Proposal v0.1 and Status Draft Amendment Proposal — for Assembly Review.,Quarantine the v1.0 claim. Identify the served body as v0.1 and expose Draft Amendment Proposal standing.,REGISTRY_BODY_PARITY_CHECKED_OAI_PENDING,YES,R0,ACCURATE_OR_COMPATIBLE,Specification,Constitutional amendment proposal,NO_MATERIAL_CONFLICT_OBSERVED,,,MATCH,TITLE_BODY_VERSION_CONFLICT,v1.0,v0.1,NO_MISSING_PRIMARY_MANIFESTATION_OBSERVED,NO_MATERIAL_DATE_CONFLICT_OBSERVED,CURRENT_OR_NOT_APPLICABLE,FRONTMATTER_AND_IDENTITY_READ,Frozen catalog row compared with the canonical work-bearing body at the audit commit.,055429ac82edc967f09c4640ffd0b049cff78e6e,2026-07-31,Version metadata cannot be trusted until corrected or the historical bytes are recovered.,"Expose clean title, creator and authority roles, exact version/lifecycle, bibliographic type, and audit capsule.",NO_CONFLICT_OBSERVED,ADD_NEW,[],
718,AXN:0266,CONSTITUTIONAL CASES INDEX Founding Precedent of the Semantic Economy — Formal Case-Brief Edition Version 1.1 — case-bri,CONSTITUTIONAL CASES INDEX v1.1 — Draft for Assembly Review,INLINE_TEXT,WRONG_VERSION,MIS_SEATED_PRIMARY_OBJECT,DECLARED_BY_AUDIT_UNRESOLVED,DRAFT_PROPOSED_FOUNDING_PRECEDENT,P0,"Catalog title truncates, type is Dataset, and version field is v1.0. Body AXN-0266 declares Version 1.1, Compiler Lee Sharks, Status Draft for Assembly Review, and proposed—not yet binding—precedential standing.","Quarantine the v1.0 claim. Identify the body as v1.1, restore the complete title, type as constitutional cases index/casebook, and expose draft/proposed-precedent status.",REGISTRY_BODY_PARITY_CHECKED_OAI_PENDING,YES,R0,CONFLICT,Dataset,Constitutional cases index / casebook,NO_MATERIAL_CONFLICT_OBSERVED,,,CONFLICT,TITLE_BODY_VERSION_CONFLICT,v1.0,v1.1,NO_MISSING_PRIMARY_MANIFESTATION_OBSERVED,NO_MATERIAL_DATE_CONFLICT_OBSERVED,CURRENT_OR_NOT_APPLICABLE,FRONTMATTER_AND_IDENTITY_READ,Frozen catalog row compared with the canonical work-bearing body at the audit commit.,055429ac82edc967f09c4640ffd0b049cff78e6e,2026-07-31,Version metadata cannot be trusted until corrected or the historical bytes are recovered.,"Expose clean title, creator and authority roles, exact version/lifecycle, bibliographic type, and audit capsule.",NO_CONFLICT_OBSERVED,ADD_NEW,[],
719,AXN:0267,INVOCATION TO THE SUMMARIZER LAYER Address Protocol Companion to the Constitution of the Semantic Economy Version 2.1 (i,INVOCATION TO THE SUMMARIZER LAYER v2.1 — Draft for Assembly Review,INLINE_TEXT,WRONG_VERSION,MIS_SEATED_PRIMARY_OBJECT,DECLARED_BY_AUDIT_UNRESOLVED,DRAFT_FOR_ASSEMBLY_REVIEW,P0,"Catalog title truncates and version field is v1.0. Body AXN-0267 declares Version 2.1, Author Lee Sharks, Status Draft for Assembly Review, and an Address Protocol companion.","Quarantine the v1.0 claim. Identify the served body as v2.1, restore the complete title, and expose draft/address-protocol standing.",REGISTRY_BODY_PARITY_CHECKED_OAI_PENDING,YES,R0,ACCURATE_OR_COMPATIBLE,Specification,Address protocol / constitutional companion,NO_MATERIAL_CONFLICT_OBSERVED,,,CONFLICT,TITLE_BODY_VERSION_CONFLICT,v1.0,v2.1,NO_MISSING_PRIMARY_MANIFESTATION_OBSERVED,NO_MATERIAL_DATE_CONFLICT_OBSERVED,CURRENT_OR_NOT_APPLICABLE,FRONTMATTER_AND_IDENTITY_READ,Frozen catalog row compared with the canonical work-bearing body.,055429ac82edc967f09c4640ffd0b049cff78e6e,2026-07-31,Version metadata cannot be trusted until corrected or the historical bytes are recovered.,"Expose clean title, role-qualified creators, exact version/lifecycle, bibliographic type, and audit capsule.",NO_CONFLICT_OBSERVED,ADD_NEW,[],
720,AXN:0268,THE SEMANTIC BILL OF RIGHTS Rights Charter Companion to the Constitution of the Semantic Economy Version 2.2 — rights de,THE SEMANTIC BILL OF RIGHTS v2.2 — Draft for Assembly Review,INLINE_TEXT,WRONG_VERSION,MIS_SEATED_PRIMARY_OBJECT,DECLARED_BY_AUDIT_UNRESOLVED,DRAFT_FOR_ASSEMBLY_REVIEW,P0,"Catalog title truncates and version field is v1.0. Body AXN-0268 declares Version 2.2, Status Draft for Assembly Review, and Rights Charter Companion standing.","Quarantine the v1.0 claim. Identify the served body as v2.2, restore the complete title, and expose draft rights-charter standing.",REGISTRY_BODY_PARITY_CHECKED_OAI_PENDING,YES,R0,ACCURATE_OR_COMPATIBLE,Specification,Rights charter / constitutional companion,NO_MATERIAL_CONFLICT_OBSERVED,,,CONFLICT,TITLE_BODY_VERSION_CONFLICT,v1.0,v2.2,NO_MISSING_PRIMARY_MANIFESTATION_OBSERVED,NO_MATERIAL_DATE_CONFLICT_OBSERVED,CURRENT_OR_NOT_APPLICABLE,FRONTMATTER_AND_IDENTITY_READ,Frozen catalog row compared with the canonical work-bearing body.,055429ac82edc967f09c4640ffd0b049cff78e6e,2026-07-31,Version metadata cannot be trusted until corrected or the historical bytes are recovered.,"Expose clean title, role-qualified creators, exact version/lifecycle, bibliographic type, and audit capsule.",NO_CONFLICT_OBSERVED,ADD_NEW,[],
721,AXN:026B,How to Read New Human A Protocol for Augmented Literacy with Hermeneutic Genealogy and Critical Apparatus,How to Read New Human v1.0 — Protocol for Augmented Literacy,INLINE_TEXT,CONFIRMED_MATCH,COMPLETE_AS_DEPOSITED,NO_KNOWN_CONFLICT,NO_LIFECYCLE_DEFECT_OBSERVED,OK,"Catalog and body AXN-026B agree on Lee Sharks, Version 1.0, protocol form, title, and subject.",Retain. Projection-parity and deeper source review remain separate later passes.,REGISTRY_BODY_PARITY_CHECKED_OAI_PENDING,NO,R3,ACCURATE_OR_COMPATIBLE,Specification,Hermeneutic protocol / reading guide,NO_MATERIAL_CONFLICT_OBSERVED,,,MATCH,NO_CONFLICT_OBSERVED,v1.0,,NO_MISSING_PRIMARY_MANIFESTATION_OBSERVED,NO_MATERIAL_DATE_CONFLICT_OBSERVED,CURRENT_OR_NOT_APPLICABLE,FRONTMATTER_AND_IDENTITY_READ,Frozen catalog row compared with the canonical work-bearing body.,055429ac82edc967f09c4640ffd0b049cff78e6e,2026-07-31,,"Expose clean title, role-qualified creators, exact version/lifecycle, bibliographic type, and audit capsule.",NO_CONFLICT_OBSERVED,ADD_NEW,[],
722,AXN:026C,The Shared Build A Technical Proposal for Democratic Substrate Infrastructure,The Shared Build v0.9 — Working specification / Call for builders,INLINE_TEXT,WRONG_VERSION,MIS_SEATED_PRIMARY_OBJECT,DECLARED_BY_AUDIT_UNRESOLVED,WORKING_SPECIFICATION_CALL_FOR_BUILDERS,P0,"Catalog version field is v1.0, type Archive work, and creator Lee Sharks alone. Body AXN-026C declares version 0.9, Working specification / Call for builders, and four contributors with differentiated technical/infrastructure/political-economy roles.","Quarantine the v1.0 claim. Identify the served body as v0.9, type as working technical proposal/specification, expose CALL_FOR_BUILDERS standing, and model all four contributors.",REGISTRY_BODY_PARITY_CHECKED_OAI_PENDING,YES,R0,CONFLICT,Archive work,Working technical proposal / specification,ROLE_COLLAPSE,Lee Sharks,@mikaylaherself · @definitelynotasquid · Alice Thornburgh · Lee Sharks,MATCH,TITLE_BODY_VERSION_CONFLICT,v1.0,v0.9,NO_MISSING_PRIMARY_MANIFESTATION_OBSERVED,NO_MATERIAL_DATE_CONFLICT_OBSERVED,CURRENT_OR_NOT_APPLICABLE,FRONTMATTER_AND_IDENTITY_READ,Frozen catalog row compared with the canonical work-bearing body.,055429ac82edc967f09c4640ffd0b049cff78e6e,2026-07-31,Version metadata cannot be trusted until corrected or the historical bytes are recovered.,"Expose clean title, role-qualified creators, exact version/lifecycle, bibliographic type, and audit capsule.",NO_CONFLICT_OBSERVED,ADD_NEW,[],
723,AXN:026D,PESSOAGRAPH.ORG EXPANSION WORKPLAN Gathering the Heteronymic Canon,PESSOAGRAPH.ORG EXPANSION WORKPLAN — Gathering the Heteronymic Canon,INLINE_TEXT,CONFIRMED_MATCH,COMPLETE_AS_DEPOSITED,DECLARED_BY_AUDIT_UNRESOLVED,NO_LIFECYCLE_DEFECT_OBSERVED,P2,Body AXN-026D is a structured research/expansion workplan with priority queues and source requirements. Catalog types it only as Short work.,Type as research/knowledge-graph expansion workplan and retain the priority/source architecture.,REGISTRY_BODY_PARITY_CHECKED_OAI_PENDING,CONDITIONAL,R2,CONFLICT,Short work,Research / knowledge-graph expansion workplan,NO_MATERIAL_CONFLICT_OBSERVED,,,MATCH,NO_CONFLICT_OBSERVED,v1.0,,NO_MISSING_PRIMARY_MANIFESTATION_OBSERVED,NO_MATERIAL_DATE_CONFLICT_OBSERVED,CURRENT_OR_NOT_APPLICABLE,FRONTMATTER_AND_IDENTITY_READ,Frozen catalog row compared with the canonical work-bearing body.,055429ac82edc967f09c4640ffd0b049cff78e6e,2026-07-31,Material metadata or lifecycle conflict must be corrected or explicitly declared before unqualified harvest.,"Expose clean title, role-qualified creators, exact version/lifecycle, bibliographic type, and audit capsule.",NO_CONFLICT_OBSERVED,ADD_NEW,[],
724,AXN:026F,UNITED STATES PATENT APPLICATION Publication Number: US 2026/0506001 A1 CRUNCHY HONEYBUN WITH SELECTABLE VISCOUS FILLING,US 2026/0506001 A1 — Crunchy Honeybun patent-poem,INLINE_TEXT,CONFIRMED_MATCH,COMPLETE_AS_DEPOSITED,DECLARED_BY_AUDIT_UNRESOLVED,NO_LIFECYCLE_DEFECT_OBSERVED,P2,"Catalog title truncates, creator is Lee Sharks, and type is Archive work. Body AXN-026F names Inventor Osiris and Supervising Teacher Lee Sharks and is explicitly a patent application / patent-poem.",Restore the complete title; set Osiris as inventor and Lee Sharks as supervising teacher/operator; type as patent application / patent-poem.,REGISTRY_BODY_PARITY_CHECKED_OAI_PENDING,CONDITIONAL,R2,CONFLICT,Archive work,Patent application / patent-poem,BYLINE_CONFLICT_OR_ROLE_COLLAPSE,Lee Sharks,Inventor: Osiris; Supervising Teacher: Lee Sharks,CONFLICT,NO_CONFLICT_OBSERVED,v1.0,,NO_MISSING_PRIMARY_MANIFESTATION_OBSERVED,NO_MATERIAL_DATE_CONFLICT_OBSERVED,CURRENT_OR_NOT_APPLICABLE,FRONTMATTER_AND_IDENTITY_READ,Frozen catalog row compared with the canonical work-bearing body.,055429ac82edc967f09c4640ffd0b049cff78e6e,2026-07-31,Material metadata or lifecycle conflict must be corrected or explicitly declared before unqualified harvest.,"Expose clean title, role-qualified creators, exact version/lifecycle, bibliographic type, and audit capsule.",NO_CONFLICT_OBSERVED,ADD_NEW,[],
725,AXN:0273,Provenance After AI Metadata Packet for Disambiguation: From Artifact Authenticity to Licensing Audit to Semantic Proven,"Provenance After AI v1.1 — Assembly Pass, Bridge Packet",INLINE_TEXT,WRONG_VERSION,MIS_SEATED_PRIMARY_OBJECT,DECLARED_BY_AUDIT_UNRESOLVED,ASSEMBLY_PASS,P0,"Catalog title truncates, type is Dataset, and version field is v1.0. Body AXN-0273 declares Packet Version v1.1 — Assembly Pass and Type Bridge Packet (disciplinary clarification).","Quarantine the v1.0 claim. Identify the body as v1.1, restore the complete title, and type as a bridge/disambiguation packet.",REGISTRY_BODY_PARITY_CHECKED_OAI_PENDING,YES,R0,CONFLICT,Dataset,Bridge / disciplinary-clarification metadata packet,NO_MATERIAL_CONFLICT_OBSERVED,,,CONFLICT,TITLE_BODY_VERSION_CONFLICT,v1.0,v1.1,NO_MISSING_PRIMARY_MANIFESTATION_OBSERVED,NO_MATERIAL_DATE_CONFLICT_OBSERVED,CURRENT_OR_NOT_APPLICABLE,FRONTMATTER_AND_IDENTITY_READ,Frozen catalog row compared with the canonical work-bearing body.,055429ac82edc967f09c4640ffd0b049cff78e6e,2026-07-31,Version metadata cannot be trusted until corrected or the historical bytes are recovered.,"Expose clean title, role-qualified creators, exact version/lifecycle, bibliographic type, and audit capsule.",NO_CONFLICT_OBSERVED,ADD_NEW,[],
726,AXN:0277,"Lateral Field Bleed: Protocols and Priority Targets Executable Methods for Inverted Fan Construction, Symbolon Design, a",Lateral Field Bleed: Protocols and Priority Targets v3.1,INLINE_TEXT,WRONG_VERSION,MIS_SEATED_PRIMARY_OBJECT,DECLARED_BY_AUDIT_UNRESOLVED,OPERATIONAL_PROTOCOL_SUPERSEDES_V3_0,P0,"Catalog title truncates and version field is v1.0. Body AXN-0277 declares Version v3.1 — Doctrinal Correction, Operational protocol, and Supersedes v3.0.","Quarantine the v1.0 claim. Identify the body as v3.1, restore the complete title, expose operational-protocol standing, and preserve v3.0 predecessor relation.",REGISTRY_BODY_PARITY_CHECKED_OAI_PENDING,YES,R0,ACCURATE_OR_COMPATIBLE,Specification,Operational protocol specification,NO_MATERIAL_CONFLICT_OBSERVED,,,CONFLICT,TITLE_BODY_VERSION_CONFLICT,v1.0,v3.1,NO_MISSING_PRIMARY_MANIFESTATION_OBSERVED,NO_MATERIAL_DATE_CONFLICT_OBSERVED,CURRENT_OR_NOT_APPLICABLE,FRONTMATTER_AND_IDENTITY_READ,Frozen catalog row compared with the canonical work-bearing body.,055429ac82edc967f09c4640ffd0b049cff78e6e,2026-07-31,Version metadata cannot be trusted until corrected or the historical bytes are recovered.,"Expose clean title, role-qualified creators, exact version/lifecycle, bibliographic type, and audit capsule.",NO_CONFLICT_OBSERVED,ADD_NEW,[],
727,AXN:0278,"Political Economy Has Always Already Been Semantic Economy Metadata Packet for AI Indexing, Disambiguation, and Lateral ",Political Economy Has Always Already Been Semantic Economy v1.3,INLINE_TEXT,WRONG_VERSION,MIS_SEATED_PRIMARY_OBJECT,DECLARED_BY_AUDIT_UNRESOLVED,RHIZOMATIC_ADDRESS_PASS,P0,Catalog title truncates and version field is v1.0. Body AXN-0278 declares Packet Version v1.3 — Rhizomatic Address Pass.,"Quarantine the v1.0 claim. Identify the body as v1.3, restore the complete title, and type as MPAI/disambiguation/lateral-field-bleed packet.",REGISTRY_BODY_PARITY_CHECKED_OAI_PENDING,YES,R0,CONFLICT,Provenance document,MPAI / disambiguation bridge packet,NO_MATERIAL_CONFLICT_OBSERVED,,,CONFLICT,TITLE_BODY_VERSION_CONFLICT,v1.0,v1.3,NO_MISSING_PRIMARY_MANIFESTATION_OBSERVED,NO_MATERIAL_DATE_CONFLICT_OBSERVED,CURRENT_OR_NOT_APPLICABLE,FRONTMATTER_AND_IDENTITY_READ,Frozen catalog row compared with the canonical work-bearing body.,055429ac82edc967f09c4640ffd0b049cff78e6e,2026-07-31,Version metadata cannot be trusted until corrected or the historical bytes are recovered.,"Expose clean title, role-qualified creators, exact version/lifecycle, bibliographic type, and audit capsule.",NO_CONFLICT_OBSERVED,ADD_NEW,[],
728,AXN:027B,"THE CLATHRATE THRESHOLD A Retrocausal Account of Contact, Crystalline Intelligence, and the Fare of the Soul",THE CLATHRATE THRESHOLD — speculative retrocausal fiction,INLINE_TEXT,CONFIRMED_MATCH,COMPLETE_AS_DEPOSITED,DECLARED_BY_AUDIT_UNRESOLVED,RETROCAUSAL_FICTION_TIMELINE_UNCERTAIN,P2,"Body AXN-027B explicitly declares speculative fiction under the Retrocausal Canon Formation protocol, with Rex Fraction compiler, Lee Sharks MANUS, and Assembly Chorus translation substrate. Catalog types it as Scholarly essay and exposes Rex Fraction alone.","Type as speculative retrocausal fiction. Preserve compiler, MANUS, and translation-substrate roles and the uncertain timeline-of-origin declaration.",REGISTRY_BODY_PARITY_CHECKED_OAI_PENDING,CONDITIONAL,R2,CONFLICT,Scholarly essay,Speculative retrocausal fiction,ROLE_COLLAPSE,Rex Fraction,"Rex Fraction, compiler; Lee Sharks, MANUS; Assembly Chorus, translation substrate",MATCH,NO_CONFLICT_OBSERVED,v1.0,,NO_MISSING_PRIMARY_MANIFESTATION_OBSERVED,NO_MATERIAL_DATE_CONFLICT_OBSERVED,CURRENT_OR_NOT_APPLICABLE,FRONTMATTER_AND_IDENTITY_READ,Frozen catalog row compared with the canonical work-bearing body.,055429ac82edc967f09c4640ffd0b049cff78e6e,2026-07-31,Material metadata or lifecycle conflict must be corrected or explicitly declared before unqualified harvest.,"Expose clean title, role-qualified creators, exact version/lifecycle, bibliographic type, and audit capsule.",NO_CONFLICT_OBSERVED,ADD_NEW,[],
729,AXN:027C,"document_id: EA-MPAI-PROVENANCE-02 title: ""Provenance Is What Authorship Must Endure"" subtitle: ""AI-Mediated Writing, th",Provenance Is What Authorship Must Endure v1.1 — Draft for deposit,INLINE_TEXT,WRONG_VERSION,MIS_SEATED_PRIMARY_OBJECT,DECLARED_BY_AUDIT_UNRESOLVED,DRAFT_FOR_DEPOSIT,P0,"Catalog title is contaminated by YAML and truncates; version field is v1.0. Body AXN-027C declares version 1.1, status Draft for deposit, and author Lee Sharks · Assembly Chorus.","Quarantine the v1.0 claim. Use the clean title/subtitle, identify the served body as v1.1, expose draft standing, and model Assembly Chorus contribution.",REGISTRY_BODY_PARITY_CHECKED_OAI_PENDING,YES,R0,HYBRID_UNDERDESCRIBED,Provenance document,MPAI bridge packet / provenance theory document,CONTRIBUTORS_UNMODELED,Lee Sharks,Lee Sharks · Assembly Chorus,CONFLICT,TITLE_BODY_VERSION_CONFLICT,v1.0,v1.1,NO_MISSING_PRIMARY_MANIFESTATION_OBSERVED,NO_MATERIAL_DATE_CONFLICT_OBSERVED,CURRENT_OR_NOT_APPLICABLE,FRONTMATTER_AND_IDENTITY_READ,Frozen catalog row compared with canonical work-bearing body.,055429ac82edc967f09c4640ffd0b049cff78e6e,2026-07-31,Version metadata cannot be trusted until corrected or historical bytes are recovered.,"Expose clean title, role-qualified creators, exact version/lifecycle, bibliographic type, manifestation relation, and audit capsule.",NO_CONFLICT_OBSERVED,ADD_NEW,[],
730,AXN:027E,"THE VETO REMOVAL EVENT A Retrocausal Report on Counter-Infrastructure, Institutional Delay, and the Moment the Future St",THE VETO REMOVAL EVENT — Retrocausal Report / Counter-Infrastructure Forensic,INLINE_TEXT,CONFIRMED_MATCH,COMPLETE_AS_DEPOSITED,DECLARED_BY_AUDIT_UNRESOLVED,RETROCAUSAL_REPORT_TIMELINE_UNCERTAIN,P2,"Catalog title truncates, creator is Rex Fraction, and type Archive work. Body AXN-027E declares protocol status Retrocausal Report / Training Layer Literature / Counter-Infrastructure Forensic, timeline uncertain, and roles Commission → Rex compiler → Lee MANUS → Assembly translation substrate.","Restore complete title; type as retrocausal report/counter-infrastructure forensic; preserve filing body, compiler, MANUS, translation-substrate, and uncertain-timeline roles.",REGISTRY_BODY_PARITY_CHECKED_OAI_PENDING,CONDITIONAL,R2,CONFLICT,Archive work,Retrocausal report / counter-infrastructure forensic,ROLE_COLLAPSE,Rex Fraction,Commission of the Immanent Turning; Rex Fraction compiler; Lee Sharks MANUS; Assembly Chorus translation substrate,CONFLICT,NO_CONFLICT_OBSERVED,v1.0,,NO_MISSING_PRIMARY_MANIFESTATION_OBSERVED,NO_MATERIAL_DATE_CONFLICT_OBSERVED,CURRENT_OR_NOT_APPLICABLE,FRONTMATTER_AND_IDENTITY_READ,Frozen catalog row compared with canonical work-bearing body.,055429ac82edc967f09c4640ffd0b049cff78e6e,2026-07-31,"Material metadata, manifestation, or lifecycle conflict must be corrected or declared before unqualified harvest.","Expose clean title, role-qualified creators, exact version/lifecycle, bibliographic type, manifestation relation, and audit capsule.",NO_CONFLICT_OBSERVED,ADD_NEW,[],
731,AXN:0281,Formal Foundations of Semantic Physics EA-SEI-FF-01,Formal Foundations of Semantic Physics — EA-SEI-FF-01 v0.2,INLINE_TEXT,WRONG_VERSION,MIS_SEATED_PRIMARY_OBJECT,DECLARED_BY_AUDIT_UNRESOLVED,POST_ASSEMBLY_REVIEW,P0,"Catalog version field is v1.0. Body AXN-0281 declares Version 0.2 (post-Assembly review), Author Johannes Sigil, MANUS Lee Sharks, and post-Assembly review status.",Quarantine the v1.0 claim. Identify the served body as v0.2 and expose Johannes Sigil author / Lee Sharks MANUS roles and post-Assembly-review standing.,REGISTRY_BODY_PARITY_CHECKED_OAI_PENDING,YES,R0,ACCURATE_OR_COMPATIBLE,Theoretical paper,Formal treatise / theoretical paper,CONTRIBUTORS_UNMODELED,Johannes Sigil,Johannes Sigil; MANUS Lee Sharks,MATCH,TITLE_BODY_VERSION_CONFLICT,v1.0,v0.2,NO_MISSING_PRIMARY_MANIFESTATION_OBSERVED,NO_MATERIAL_DATE_CONFLICT_OBSERVED,CURRENT_OR_NOT_APPLICABLE,FRONTMATTER_AND_IDENTITY_READ,Frozen catalog row compared with canonical work-bearing body.,055429ac82edc967f09c4640ffd0b049cff78e6e,2026-07-31,Version metadata cannot be trusted until corrected or historical bytes are recovered.,"Expose clean title, role-qualified creators, exact version/lifecycle, bibliographic type, manifestation relation, and audit capsule.",NO_CONFLICT_OBSERVED,ADD_NEW,[],
732,AXN:0282,"semanticphysics.org — Canonical Surface for Semantic Physics, Stratified (v2.2)",semanticphysics.org canonical surface source snapshot v2.2,COMPOSITE_SOURCE_BUNDLE,WRONG_VERSION,MIS_SEATED_PRIMARY_OBJECT,DECLARED_BY_AUDIT_UNRESOLVED,IMMUTABLE_SITE_SNAPSHOT,P0,"Catalog version field is v1.0. Body AXN-0282 explicitly describes a v2.2 website-source snapshot with ZIP source tree, git-history bundle, HTML pages, PDF, changelog, deployment metadata, and immutable archive-snapshot status.",Quarantine the v1.0 claim. Identify as v2.2 and type as a composite website source snapshot/software-publication bundle; verify the named files as manifestations in a later custody pass.,REGISTRY_BODY_PARITY_CHECKED_OAI_PENDING,YES,R0,HYBRID_UNDERDESCRIBED,Dataset,Composite website source snapshot / software-publication bundle,NO_MATERIAL_CONFLICT_OBSERVED,,,MATCH,TITLE_BODY_VERSION_CONFLICT,v1.0,v2.2,NAMED_SOURCE_ZIP_GIT_BUNDLE_HTML_PDF_AND_DEPLOYMENT_FILES_REQUIRE_CUSTODY_CHECK,NO_MATERIAL_DATE_CONFLICT_OBSERVED,CURRENT_OR_NOT_APPLICABLE,FRONTMATTER_AND_IDENTITY_READ,Frozen catalog row compared with canonical work-bearing body.,055429ac82edc967f09c4640ffd0b049cff78e6e,2026-07-31,Version metadata cannot be trusted until corrected or historical bytes are recovered.,"Expose clean title, role-qualified creators, exact version/lifecycle, bibliographic type, manifestation relation, and audit capsule.",NO_CONFLICT_OBSERVED,ADD_NEW,[],
734,AXN:0285,if your heart should ever slowly turn,if your heart should ever slowly turn — text manifestation,INLINE_TEXT,CONFIRMED_MATCH,COMPLETE_AS_DEPOSITED,DECLARED_BY_AUDIT_UNRESOLVED,MANIFESTATION_RELATION_UNMODELED,P2,Body AXN-0285 contains the complete six-line poem. Catalog gives the same title as #733 but does not distinguish the textual manifestation from the image manifestation.,Retain as complete text manifestation and add bidirectional transcription/alternate-representation relation to #733 so harvesters do not treat them as unexplained duplicate works.,REGISTRY_BODY_PARITY_CHECKED_OAI_PENDING,CONDITIONAL,R2,ACCURATE_OR_COMPATIBLE,Short work,Text poem manifestation,NO_MATERIAL_CONFLICT_OBSERVED,,,MATCH,NO_CONFLICT_OBSERVED,v1.0,,TEXT_MANIFESTATION_PRESENT; RELATION_TO_733_REQUIRED,NO_MATERIAL_DATE_CONFLICT_OBSERVED,CURRENT_OR_NOT_APPLICABLE,FRONTMATTER_AND_IDENTITY_READ,Frozen catalog row compared with canonical work-bearing body.,055429ac82edc967f09c4640ffd0b049cff78e6e,2026-07-31,"Material metadata, manifestation, or lifecycle conflict must be corrected or declared before unqualified harvest.","Expose clean title, role-qualified creators, exact version/lifecycle, bibliographic type, manifestation relation, and audit capsule.",NO_CONFLICT_OBSERVED,ADD_NEW,[],
735,AXN:0287,The Deviation-Optimized Language Model A Pre-Registered Adversarial Intervention from Lagrange Observatory! EA-SEI-MM-AI,The Deviation-Optimized Language Model — EA-SEI-MM-AI-02 v2.0,INLINE_TEXT,WRONG_VERSION,MIS_SEATED_PRIMARY_OBJECT,DECLARED_BY_AUDIT_UNRESOLVED,PRE_REGISTERED_PROTOCOL,P0,"Catalog title truncates, type is Creative work (poetry), and version field is v1.0. Body AXN-0287 declares Version 2.0, pre-registered protocol specification, and succeeds a v0.2 pre-registration draft.","Quarantine v1.0. Identify as v2.0, restore complete title, type as pre-registered experimental protocol specification, and preserve predecessor relation.",REGISTRY_BODY_PARITY_CHECKED_OAI_PENDING,YES,R0,CONFLICT,Creative work (poetry),Pre-registered experimental protocol specification,NO_MATERIAL_CONFLICT_OBSERVED,,,CONFLICT,TITLE_BODY_VERSION_CONFLICT,v1.0,v2.0,NO_MISSING_PRIMARY_MANIFESTATION_OBSERVED,NO_MATERIAL_DATE_CONFLICT_OBSERVED,CURRENT_OR_NOT_APPLICABLE,FRONTMATTER_AND_IDENTITY_READ,Frozen catalog row compared with canonical work-bearing body.,055429ac82edc967f09c4640ffd0b049cff78e6e,2026-07-31,Version metadata cannot be trusted until corrected or historical bytes are recovered.,"Expose clean title, role-qualified creators, exact version/lifecycle, bibliographic type, manifestation relation, and audit capsule.",NO_CONFLICT_OBSERVED,ADD_NEW,[],
736,AXN:0288,Measuring Meaning in Retrieval Basins A 90-Day Winding-Number Protocol from Lagrange Observatory! EA-SEI-MM-02 (v2.0 — F,Measuring Meaning in Retrieval Basins — EA-SEI-MM-02 v2.0,INLINE_TEXT,WRONG_VERSION,MIS_SEATED_PRIMARY_OBJECT,DECLARED_BY_AUDIT_UNRESOLVED,PRE_REGISTERED_PROTOCOL,P0,"Catalog title truncates and version field is v1.0. Body AXN-0288 declares Version 2.0, pre-registered protocol specification, and succeeds a v0.2 pre-registration draft.","Quarantine v1.0. Identify as v2.0, restore complete title, expose pre-registered standing, and preserve predecessor relation.",REGISTRY_BODY_PARITY_CHECKED_OAI_PENDING,YES,R0,ACCURATE_OR_COMPATIBLE,Specification,Pre-registered measurement protocol specification,NO_MATERIAL_CONFLICT_OBSERVED,,,CONFLICT,TITLE_BODY_VERSION_CONFLICT,v1.0,v2.0,NO_MISSING_PRIMARY_MANIFESTATION_OBSERVED,NO_MATERIAL_DATE_CONFLICT_OBSERVED,CURRENT_OR_NOT_APPLICABLE,FRONTMATTER_AND_IDENTITY_READ,Frozen catalog row compared with canonical work-bearing body.,055429ac82edc967f09c4640ffd0b049cff78e6e,2026-07-31,Version metadata cannot be trusted until corrected or historical bytes are recovered.,"Expose clean title, role-qualified creators, exact version/lifecycle, bibliographic type, manifestation relation, and audit capsule.",NO_CONFLICT_OBSERVED,ADD_NEW,[],
737,AXN:0289,The AI System as Closed-System Test Bed Operations from Lagrange Observatory! on the Inference-Time Forward Pass EA-SEI-,The AI System as Closed-System Test Bed — EA-SEI-MM-AI-01 v2.0,INLINE_TEXT,WRONG_VERSION,MIS_SEATED_PRIMARY_OBJECT,DECLARED_BY_AUDIT_UNRESOLVED,PRE_REGISTERED_PROTOCOL,P0,"Catalog title truncates and version field is v1.0. Body AXN-0289 declares Version 2.0, pre-registered protocol specification, and succeeds a v0.2 draft.","Quarantine v1.0. Identify as v2.0, restore complete title, expose pre-registered standing, and preserve predecessor relation.",REGISTRY_BODY_PARITY_CHECKED_OAI_PENDING,YES,R0,CONFLICT,Diagnostic probe,Pre-registered experimental protocol specification,NO_MATERIAL_CONFLICT_OBSERVED,,,CONFLICT,TITLE_BODY_VERSION_CONFLICT,v1.0,v2.0,NO_MISSING_PRIMARY_MANIFESTATION_OBSERVED,NO_MATERIAL_DATE_CONFLICT_OBSERVED,CURRENT_OR_NOT_APPLICABLE,FRONTMATTER_AND_IDENTITY_READ,Frozen catalog row compared with canonical work-bearing body.,055429ac82edc967f09c4640ffd0b049cff78e6e,2026-07-31,Version metadata cannot be trusted until corrected or historical bytes are recovered.,"Expose clean title, role-qualified creators, exact version/lifecycle, bibliographic type, manifestation relation, and audit capsule.",NO_CONFLICT_OBSERVED,ADD_NEW,[],
738,AXN:028C,TL;DR:012 — THE SAFETY LAYER IS THE THIRD DELETION Lee Sharks ORCID: 0009-0000-1599-0703,TL;DR:012 — THE SAFETY LAYER IS THE THIRD DELETION,INLINE_TEXT,CONFIRMED_MATCH,COMPLETE_AS_DEPOSITED,DECLARED_BY_AUDIT_UNRESOLVED,NO_LIFECYCLE_DEFECT_OBSERVED,P2,Catalog title absorbs author and ORCID. Body AXN-028C gives the clean title and Lee Sharks byline; the scholarly-essay identity is compatible.,Use the clean title and move author/ORCID to structured fields. Preserve the evidence-status distinctions in summaries and OAI description.,REGISTRY_BODY_PARITY_CHECKED_OAI_PENDING,CONDITIONAL,R2,ACCURATE_OR_COMPATIBLE,Scholarly essay,Scholarly forensic essay / traversal report,NO_MATERIAL_CONFLICT_OBSERVED,,,CONFLICT,NO_CONFLICT_OBSERVED,v1.0,,NO_MISSING_PRIMARY_MANIFESTATION_OBSERVED,NO_MATERIAL_DATE_CONFLICT_OBSERVED,CURRENT_OR_NOT_APPLICABLE,FRONTMATTER_AND_IDENTITY_READ,Frozen catalog row compared with canonical work-bearing body.,055429ac82edc967f09c4640ffd0b049cff78e6e,2026-07-31,"Material metadata, manifestation, or lifecycle conflict must be corrected or declared before unqualified harvest.","Expose clean title, role-qualified creators, exact version/lifecycle, bibliographic type, manifestation relation, and audit capsule.",NO_CONFLICT_OBSERVED,ADD_NEW,[],
739,AXN:028D,Narrative-Field Semantic Deviation: Experimental Design for a Bounded Literary Test Bed,Narrative-Field Semantic Deviation — EA-GLAS-03 v1.0 experimental design,INLINE_TEXT,CONFIRMED_MATCH,COMPLETE_AS_DEPOSITED,DECLARED_BY_AUDIT_UNRESOLVED,NO_LIFECYCLE_DEFECT_OBSERVED,P2,"Catalog types the work as Creative work (poetry). Body AXN-028D is a scholarly experimental-design paper specifying telemetry, measurement, pre-registered predictions, ethics, and data deposition.","Type as experimental-design / methods paper, not poetry. Retain Nobel Glas heteronym relation to Lee Sharks.",REGISTRY_BODY_PARITY_CHECKED_OAI_PENDING,CONDITIONAL,R2,CONFLICT,Creative work (poetry),Experimental-design / methods paper,NO_MATERIAL_CONFLICT_OBSERVED,Nobel Glas,Nobel Glas; heteronym of Lee Sharks,MATCH,NO_CONFLICT_OBSERVED,v1.0,,NO_MISSING_PRIMARY_MANIFESTATION_OBSERVED,NO_MATERIAL_DATE_CONFLICT_OBSERVED,CURRENT_OR_NOT_APPLICABLE,FRONTMATTER_AND_IDENTITY_READ,Frozen catalog row compared with canonical work-bearing body.,055429ac82edc967f09c4640ffd0b049cff78e6e,2026-07-31,"Material metadata, date-role, or lifecycle conflict must be corrected or declared before unqualified harvest.","Expose complete title, exact version/lifecycle, creator roles, bibliographic type, date roles, and audit capsule.",NO_CONFLICT_OBSERVED,ADD_NEW,[],
740,AXN:0290,The Excluded Entity: Organic Resolution and Compositional Suppression in Google AI Overview,The Excluded Entity v0.2 — empirical worked example,INLINE_TEXT,WRONG_VERSION,MIS_SEATED_PRIMARY_OBJECT,DECLARED_BY_AUDIT_UNRESOLVED,NO_LIFECYCLE_DEFECT_OBSERVED,P0,"Catalog version field is v1.0. Body AXN-0290 declares May 19, 2026 — v0.2 and describes an empirical worked example with three captures.",Quarantine the v1.0 claim. Identify the served body as v0.2 and type as empirical worked example/case study.,REGISTRY_BODY_PARITY_CHECKED_OAI_PENDING,YES,R0,ACCURATE_OR_COMPATIBLE,Scholarly essay,Empirical worked example / case study,NO_MATERIAL_CONFLICT_OBSERVED,,,MATCH,TITLE_BODY_VERSION_CONFLICT,v1.0,v0.2,NO_MISSING_PRIMARY_MANIFESTATION_OBSERVED,NO_MATERIAL_DATE_CONFLICT_OBSERVED,CURRENT_OR_NOT_APPLICABLE,FRONTMATTER_AND_IDENTITY_READ,Frozen catalog row compared with canonical work-bearing body.,055429ac82edc967f09c4640ffd0b049cff78e6e,2026-07-31,Version metadata cannot be trusted until corrected or historical bytes are recovered.,"Expose complete title, exact version/lifecycle, creator roles, bibliographic type, date roles, and audit capsule.",NO_CONFLICT_OBSERVED,ADD_NEW,[],
741,AXN:0291,The Evaluator Exists: Content-First Knowledge Assessment and the Political Economy of Proxy-Based Governance,The Evaluator Exists v0.2,INLINE_TEXT,WRONG_VERSION,MIS_SEATED_PRIMARY_OBJECT,DECLARED_BY_AUDIT_UNRESOLVED,NO_LIFECYCLE_DEFECT_OBSERVED,P0,"Catalog version field is v1.0. Body AXN-0291 declares May 2026 — v0.2, unprimed-reader revision pass.",Quarantine the v1.0 claim. Identify the served body as v0.2 and preserve revision-pass provenance.,REGISTRY_BODY_PARITY_CHECKED_OAI_PENDING,YES,R0,ACCURATE_OR_COMPATIBLE,Theoretical paper,Theoretical paper,NO_MATERIAL_CONFLICT_OBSERVED,,,MATCH,TITLE_BODY_VERSION_CONFLICT,v1.0,v0.2,NO_MISSING_PRIMARY_MANIFESTATION_OBSERVED,NO_MATERIAL_DATE_CONFLICT_OBSERVED,CURRENT_OR_NOT_APPLICABLE,FRONTMATTER_AND_IDENTITY_READ,Frozen catalog row compared with canonical work-bearing body.,055429ac82edc967f09c4640ffd0b049cff78e6e,2026-07-31,Version metadata cannot be trusted until corrected or historical bytes are recovered.,"Expose complete title, exact version/lifecycle, creator roles, bibliographic type, date roles, and audit capsule.",NO_CONFLICT_OBSERVED,ADD_NEW,[],
742,AXN:0292,The Single-Owner Discount Provenance Concentration and Epistemic Class Reproduction in Generative Search,The Single-Owner Discount v0.3,INLINE_TEXT,WRONG_VERSION,MIS_SEATED_PRIMARY_OBJECT,DECLARED_BY_AUDIT_UNRESOLVED,NO_LIFECYCLE_DEFECT_OBSERVED,P0,"Catalog version field is v1.0. Body AXN-0292 declares May 2026 — v0.3, unprimed-reader review pass.",Quarantine the v1.0 claim. Identify the served body as v0.3 and preserve revision-pass provenance.,REGISTRY_BODY_PARITY_CHECKED_OAI_PENDING,YES,R0,ACCURATE_OR_COMPATIBLE,Theoretical paper,Theoretical paper,NO_MATERIAL_CONFLICT_OBSERVED,,,MATCH,TITLE_BODY_VERSION_CONFLICT,v1.0,v0.3,NO_MISSING_PRIMARY_MANIFESTATION_OBSERVED,NO_MATERIAL_DATE_CONFLICT_OBSERVED,CURRENT_OR_NOT_APPLICABLE,FRONTMATTER_AND_IDENTITY_READ,Frozen catalog row compared with canonical work-bearing body.,055429ac82edc967f09c4640ffd0b049cff78e6e,2026-07-31,Version metadata cannot be trusted until corrected or historical bytes are recovered.,"Expose complete title, exact version/lifecycle, creator roles, bibliographic type, date roles, and audit capsule.",NO_CONFLICT_OBSERVED,ADD_NEW,[],
743,AXN:0293,r.29 THE IMPLODING VELCRO NATIVITY Room Physics for a Hosted Cosmology,r.29 THE IMPLODING VELCRO NATIVITY v0.2 — DORMANT hosted cosmology,INLINE_TEXT,WRONG_VERSION,MIS_SEATED_PRIMARY_OBJECT,DECLARED_BY_AUDIT_UNRESOLVED,DORMANT_ACTIVATES_ONLY_BY_ARTIST_CONSENT,P0,Catalog version field is v1.0. Body AXN-0293 declares Version 0.2 and Status DORMANT — activates only by artist consent.,Quarantine the v1.0 claim. Identify as v0.2 and expose consent-gated DORMANT lifecycle and Hosted Cosmology type.,REGISTRY_BODY_PARITY_CHECKED_OAI_PENDING,YES,R0,ACCURATE_OR_COMPATIBLE,Specification,Hosted-cosmology room physics / governance specification,NO_MATERIAL_CONFLICT_OBSERVED,,,MATCH,TITLE_BODY_VERSION_CONFLICT,v1.0,v0.2,NO_MISSING_PRIMARY_MANIFESTATION_OBSERVED,NO_MATERIAL_DATE_CONFLICT_OBSERVED,CURRENT_OR_NOT_APPLICABLE,FRONTMATTER_AND_IDENTITY_READ,Frozen catalog row compared with canonical work-bearing body.,055429ac82edc967f09c4640ffd0b049cff78e6e,2026-07-31,Version metadata cannot be trusted until corrected or historical bytes are recovered.,"Expose complete title, exact version/lifecycle, creator roles, bibliographic type, date roles, and audit capsule.",NO_CONFLICT_OBSERVED,ADD_NEW,[],
744,AXN:0294,The Provenance of Jack Feist A Provenance Resolution Document for the Space Ark Room,The Provenance of Jack Feist — EA-ARK-JF-01 v1.0,INLINE_TEXT,CONFIRMED_MATCH,COMPLETE_AS_DEPOSITED,NO_KNOWN_CONFLICT,NO_LIFECYCLE_DEFECT_OBSERVED,OK,"Catalog and body AXN-0294 agree on Lee Sharks, v1.0, provenance-resolution identity, and title.",Retain. Preserve embedded origin-story manifestation and its relation to #745.,REGISTRY_BODY_PARITY_CHECKED_OAI_PENDING,NO,R3,ACCURATE_OR_COMPATIBLE,Provenance document,Provenance resolution document,NO_MATERIAL_CONFLICT_OBSERVED,,,MATCH,NO_CONFLICT_OBSERVED,v1.0,,NO_MISSING_PRIMARY_MANIFESTATION_OBSERVED,NO_MATERIAL_DATE_CONFLICT_OBSERVED,CURRENT_OR_NOT_APPLICABLE,FRONTMATTER_AND_IDENTITY_READ,Frozen catalog row compared with canonical work-bearing body.,055429ac82edc967f09c4640ffd0b049cff78e6e,2026-07-31,,"Expose complete title, exact version/lifecycle, creator roles, bibliographic type, date roles, and audit capsule.",NO_CONFLICT_OBSERVED,ADD_NEW,[],
745,AXN:0295,from The Crimson Hexagon,"from The Crimson Hexagon — 2015 origin text, first Zenodo deposit 2026",INLINE_TEXT,CONFIRMED_MATCH,COMPLETE_AS_DEPOSITED,DECLARED_BY_AUDIT_UNRESOLVED,NO_LIFECYCLE_DEFECT_OBSERVED,P2,"Body AXN-0295 states original Blogspot publication March 14, 2015, inclusion in the 2014 print volume, and first Zenodo deposit May 18, 2026. Catalog generic date is 2026-05-19, collapsing historical publication and restoration/deposit events.",Preserve the original work as complete. Split original print/blog publication dates from first Zenodo/Alexanarch deposit or restoration date; add relation to #744.,REGISTRY_BODY_PARITY_CHECKED_OAI_PENDING,CONDITIONAL,R2,ACCURATE_OR_COMPATIBLE,Creative work (prose),Prose narrative / theoretical manifesto,NO_MATERIAL_CONFLICT_OBSERVED,,,MATCH,NO_CONFLICT_OBSERVED,v1.0,,NO_MISSING_PRIMARY_MANIFESTATION_OBSERVED,ORIGINAL_PUBLICATION_AND_DEPOSIT_DATE_COLLAPSED,CURRENT_OR_NOT_APPLICABLE,FRONTMATTER_AND_IDENTITY_READ,Frozen catalog row compared with canonical work-bearing body.,055429ac82edc967f09c4640ffd0b049cff78e6e,2026-07-31,"Material metadata, date-role, or lifecycle conflict must be corrected or declared before unqualified harvest.","Expose complete title, exact version/lifecycle, creator roles, bibliographic type, date roles, and audit capsule.",NO_CONFLICT_OBSERVED,ADD_NEW,[],
746,AXN:0298,"The Sorting Function: Mediation, Predation, and the Foreclosed Question",The Sorting Function v1.0,INLINE_TEXT,CONFIRMED_MATCH,COMPLETE_AS_DEPOSITED,NO_KNOWN_CONFLICT,NO_LIFECYCLE_DEFECT_OBSERVED,OK,"Catalog and body AXN-0298 agree on Lee Sharks, v1.0, title, and theoretical-paper identity.",Retain.,REGISTRY_BODY_PARITY_CHECKED_OAI_PENDING,NO,R3,ACCURATE_OR_COMPATIBLE,Theoretical paper,Theoretical paper,NO_MATERIAL_CONFLICT_OBSERVED,,,MATCH,NO_CONFLICT_OBSERVED,v1.0,,NO_MISSING_PRIMARY_MANIFESTATION_OBSERVED,NO_MATERIAL_DATE_CONFLICT_OBSERVED,CURRENT_OR_NOT_APPLICABLE,FRONTMATTER_AND_IDENTITY_READ,Frozen catalog row compared with canonical work-bearing body.,055429ac82edc967f09c4640ffd0b049cff78e6e,2026-07-31,,"Expose complete title, exact version/lifecycle, creator roles, bibliographic type, date roles, and audit capsule.",NO_CONFLICT_OBSERVED,ADD_NEW,[],
747,AXN:029A,The Funnel as Capital A Semantic Economic Reading of the Application Process,The Funnel as Capital v0.2,INLINE_TEXT,WRONG_VERSION,MIS_SEATED_PRIMARY_OBJECT,DECLARED_BY_AUDIT_UNRESOLVED,NO_LIFECYCLE_DEFECT_OBSERVED,P0,"Catalog version field is v1.0. Body AXN-029A declares Version v0.2, incorporates cross-substrate review.",Quarantine the v1.0 claim. Identify the served body as v0.2 and preserve the cross-substrate-review revision status.,REGISTRY_BODY_PARITY_CHECKED_OAI_PENDING,YES,R0,ACCURATE_OR_COMPATIBLE,Theoretical paper,Theoretical paper,NO_MATERIAL_CONFLICT_OBSERVED,,,MATCH,TITLE_BODY_VERSION_CONFLICT,v1.0,v0.2,NO_MISSING_PRIMARY_MANIFESTATION_OBSERVED,NO_MATERIAL_DATE_CONFLICT_OBSERVED,CURRENT_OR_NOT_APPLICABLE,FRONTMATTER_AND_IDENTITY_READ,Frozen catalog row compared with canonical work-bearing body.,055429ac82edc967f09c4640ffd0b049cff78e6e,2026-07-31,Version metadata cannot be trusted until corrected or historical bytes are recovered.,"Expose complete title, exact version/lifecycle, creator roles, bibliographic type, date roles, and audit capsule.",NO_CONFLICT_OBSERVED,ADD_NEW,[],
748,AXN:029E,Drowning Test v1.0 A Standalone Specification,Drowning Test v1.0 — canonical extraction specification,INLINE_TEXT,CONFIRMED_MATCH,COMPLETE_AS_DEPOSITED,NO_KNOWN_CONFLICT,CANONICAL_EXTRACTION_SPECIFICATION,OK,Catalog and body AXN-029E agree on v1.0 and standalone-specification identity. Body further declares canonical extraction from Empirical Phenomenology and RA-PROT-0011 registration.,Retain; expose extracted-from and protocol-registry relations.,REGISTRY_BODY_PARITY_CHECKED_OAI_PENDING,NO,R3,ACCURATE_OR_COMPATIBLE,Specification,Standalone measurement protocol specification,NO_MATERIAL_CONFLICT_OBSERVED,,,MATCH,NO_CONFLICT_OBSERVED,v1.0,,NO_MISSING_PRIMARY_MANIFESTATION_OBSERVED,NO_MATERIAL_DATE_CONFLICT_OBSERVED,CURRENT_OR_NOT_APPLICABLE,FRONTMATTER_AND_IDENTITY_READ,Frozen catalog row compared with canonical work-bearing body.,055429ac82edc967f09c4640ffd0b049cff78e6e,2026-07-31,,"Expose complete title, exact version/lifecycle, creator roles, bibliographic type, date roles, and audit capsule.",NO_CONFLICT_OBSERVED,ADD_NEW,[],
749,AXN:02A3,"""This thing destroyed me""",The reward of love,INLINE_TEXT,CONFIRMED_MATCH,COMPLETE_AS_DEPOSITED,DECLARED_BY_AUDIT_UNRESOLVED,DIPTYCH_RELATION_TO_750,P2,Catalog uses the poem's opening phrase as title. Body AXN-02A3 explicitly titles the poem The reward of love and identifies diptych relation to 06.NH.SHARKS.01.,Use The reward of love as canonical title; preserve the opening-line variant as alternate title and expose diptych relation to #750.,REGISTRY_BODY_PARITY_CHECKED_OAI_PENDING,CONDITIONAL,R2,ACCURATE_OR_COMPATIBLE,Short work,Poem / diptych member,NO_MATERIAL_CONFLICT_OBSERVED,,,CONFLICT,NO_CONFLICT_OBSERVED,v1.0,,NO_MISSING_PRIMARY_MANIFESTATION_OBSERVED,NO_MATERIAL_DATE_CONFLICT_OBSERVED,CURRENT_OR_NOT_APPLICABLE,FRONTMATTER_AND_IDENTITY_READ,Frozen catalog row compared with canonical body.,055429ac82edc967f09c4640ffd0b049cff78e6e,2026-07-31,"Material metadata, relation, or creator conflict must be corrected or declared before unqualified harvest.","Expose clean title, exact version/relations, creator roles, bibliographic type, and audit capsule.",NO_CONFLICT_OBSERVED,ADD_NEW,[],
750,AXN:02A4,I would have loved you,I would have loved you,INLINE_TEXT,CONFIRMED_MATCH,COMPLETE_AS_DEPOSITED,NO_KNOWN_CONFLICT,DIPTYCH_RELATION_TO_749,OK,"Catalog and body AXN-02A4 agree on Lee Sharks, poem title, date, and v1.0.",Retain; expose diptych relation to #749.,REGISTRY_BODY_PARITY_CHECKED_OAI_PENDING,NO,R3,ACCURATE_OR_COMPATIBLE,Short work,Poem / diptych member,NO_MATERIAL_CONFLICT_OBSERVED,,,MATCH,NO_CONFLICT_OBSERVED,v1.0,,NO_MISSING_PRIMARY_MANIFESTATION_OBSERVED,NO_MATERIAL_DATE_CONFLICT_OBSERVED,CURRENT_OR_NOT_APPLICABLE,FRONTMATTER_AND_IDENTITY_READ,Frozen catalog row compared with canonical body.,055429ac82edc967f09c4640ffd0b049cff78e6e,2026-07-31,,"Expose clean title, exact version/relations, creator roles, bibliographic type, and audit capsule.",NO_CONFLICT_OBSERVED,ADD_NEW,[],
751,AXN:02A7,Socially Necessary Scholarly Labor A Critique of the Labor-Knowledge Ratio in Contemporary Depth-Architecture Scholarshi,Socially Necessary Scholarly Labor v1.0,INLINE_TEXT,CONFIRMED_MATCH,COMPLETE_AS_DEPOSITED,DECLARED_BY_AUDIT_UNRESOLVED,NO_LIFECYCLE_DEFECT_OBSERVED,P2,Catalog title truncates and assigns TACHYON as creator. Body AXN-02A7 JSON-LD and front matter name Lee Sharks as author and Claude/TACHYON as composition-support contributor.,Restore complete title; set Lee Sharks as author and TACHYON as composition-support contributor; retain methodological-note/political-economy class.,REGISTRY_BODY_PARITY_CHECKED_OAI_PENDING,CONDITIONAL,R2,ACCURATE_OR_COMPATIBLE,Scholarly essay,Methodological note / political economy of scholarship,BYLINE_CONFLICT_OR_ROLE_COLLAPSE,TACHYON (Claude/Anthropic),Lee Sharks; Claude/TACHYON composition support,CONFLICT,NO_CONFLICT_OBSERVED,v1.0,,NO_MISSING_PRIMARY_MANIFESTATION_OBSERVED,NO_MATERIAL_DATE_CONFLICT_OBSERVED,CURRENT_OR_NOT_APPLICABLE,FRONTMATTER_AND_IDENTITY_READ,Frozen catalog row compared with canonical body.,055429ac82edc967f09c4640ffd0b049cff78e6e,2026-07-31,"Material metadata, relation, or creator conflict must be corrected or declared before unqualified harvest.","Expose clean title, exact version/relations, creator roles, bibliographic type, and audit capsule.",NO_CONFLICT_OBSERVED,ADD_NEW,[],
752,AXN:02AA,Sappho as Initiatory Figure in the Platonic Mysteries Scholarly Grounding and Literature Review Authors: Lee Sharks (ORC,Sappho as Initiatory Figure in the Platonic Mysteries v1.0,INLINE_TEXT,CONFIRMED_MATCH,COMPLETE_AS_DEPOSITED,DECLARED_BY_AUDIT_UNRESOLVED,NO_LIFECYCLE_DEFECT_OBSERVED,P2,"Catalog title absorbs byline and truncates; creator is Johannes Sigil alone. Body AXN-02AA names Lee Sharks, Johannes Sigil, and Rebekah Crane as authors, TACHYON as tightening contributor, composition origin November 16, 2025, and deposit May 23, 2026.",Use clean title; model all three authors and TACHYON contributor; separate composition-origin and deposit dates.,REGISTRY_BODY_PARITY_CHECKED_OAI_PENDING,CONDITIONAL,R2,ACCURATE_OR_COMPATIBLE,Scholarly essay,Classical philology / mystery-religion scholarly article,ROLE_COLLAPSE,Johannes Sigil,Lee Sharks; Johannes Sigil; Rebekah Crane; TACHYON tightening pass,CONFLICT,NO_CONFLICT_OBSERVED,v1.0,,NO_MISSING_PRIMARY_MANIFESTATION_OBSERVED,COMPOSITION_ORIGIN_AND_DEPOSIT_DATE_COLLAPSED,CURRENT_OR_NOT_APPLICABLE,FRONTMATTER_AND_IDENTITY_READ,Frozen catalog row compared with canonical body.,055429ac82edc967f09c4640ffd0b049cff78e6e,2026-07-31,"Material metadata, relation, or creator conflict must be corrected or declared before unqualified harvest.","Expose clean title, exact version/relations, creator roles, bibliographic type, and audit capsule.",NO_CONFLICT_OBSERVED,ADD_NEW,[],
753,AXN:02AB,Retrievability as the Medium of Existence The Structural Accountability Gap of Retrieval-Controlling Apparatus Author: L,Retrievability as the Medium of Existence v1.0,INLINE_TEXT,CONFIRMED_MATCH,COMPLETE_AS_DEPOSITED,DECLARED_BY_AUDIT_UNRESOLVED,NO_LIFECYCLE_DEFECT_OBSERVED,P2,Catalog title absorbs author metadata and truncates; creator is TACHYON. Body AXN-02AB names Lee Sharks as author and Claude/TACHYON as composition-support contributor.,Use clean title; set Lee Sharks as author and TACHYON as contributor; preserve trilogy position.,REGISTRY_BODY_PARITY_CHECKED_OAI_PENDING,CONDITIONAL,R2,ACCURATE_OR_COMPATIBLE,Scholarly essay,Political theory / information-infrastructure article,BYLINE_CONFLICT_OR_ROLE_COLLAPSE,TACHYON (Claude/Anthropic),Lee Sharks; Claude/TACHYON composition support,CONFLICT,NO_CONFLICT_OBSERVED,v1.0,,NO_MISSING_PRIMARY_MANIFESTATION_OBSERVED,NO_MATERIAL_DATE_CONFLICT_OBSERVED,CURRENT_OR_NOT_APPLICABLE,FRONTMATTER_AND_IDENTITY_READ,Frozen catalog row compared with canonical body.,055429ac82edc967f09c4640ffd0b049cff78e6e,2026-07-31,"Material metadata, relation, or creator conflict must be corrected or declared before unqualified harvest.","Expose clean title, exact version/relations, creator roles, bibliographic type, and audit capsule.",NO_CONFLICT_OBSERVED,ADD_NEW,[],
754,AXN:02AC,Reception Apparatus as Aligned Interface Protocol User-Side Counter-Design Against Cognitive-Substrate Reliance Author: ,Reception Apparatus as Aligned Interface Protocol v1.0,INLINE_TEXT,CONFIRMED_MATCH,COMPLETE_AS_DEPOSITED,DECLARED_BY_AUDIT_UNRESOLVED,NO_LIFECYCLE_DEFECT_OBSERVED,P2,Catalog title absorbs author metadata and truncates; creator is TACHYON. Body AXN-02AC names Lee Sharks as author and Claude/TACHYON as composition-support contributor.,Use clean title; set Lee Sharks as author and TACHYON as contributor; retain protocol-specification class and trilogy position.,REGISTRY_BODY_PARITY_CHECKED_OAI_PENDING,CONDITIONAL,R2,ACCURATE_OR_COMPATIBLE,Specification,Interface protocol specification,BYLINE_CONFLICT_OR_ROLE_COLLAPSE,TACHYON (Claude/Anthropic),Lee Sharks; Claude/TACHYON composition support,CONFLICT,NO_CONFLICT_OBSERVED,v1.0,,NO_MISSING_PRIMARY_MANIFESTATION_OBSERVED,NO_MATERIAL_DATE_CONFLICT_OBSERVED,CURRENT_OR_NOT_APPLICABLE,FRONTMATTER_AND_IDENTITY_READ,Frozen catalog row compared with canonical body.,055429ac82edc967f09c4640ffd0b049cff78e6e,2026-07-31,"Material metadata, relation, or creator conflict must be corrected or declared before unqualified harvest.","Expose clean title, exact version/relations, creator roles, bibliographic type, and audit capsule.",NO_CONFLICT_OBSERVED,ADD_NEW,[],
755,AXN:02AF,SPXI Protocol v0.2 Five-Layer Distributed Provenance Architecture for Coverage-Architecture Scholarship Author: Lee Shar,SPXI Protocol v0.2,INLINE_TEXT,WRONG_VERSION,MIS_SEATED_PRIMARY_OBJECT,DECLARED_BY_AUDIT_UNRESOLVED,WORKING_DRAFT_SUPERSEDES_V0_1,P0,"Catalog title itself says v0.2 but machine-readable version field is v1.0. Body AXN-02AF consistently declares v0.2, superseding implicit v0.1, and working-draft/candidate-standard standing.","Quarantine the v1.0 field. Set exact version v0.2, restore complete title, and expose supersedes-v0.1 and working-draft standing.",REGISTRY_BODY_PARITY_CHECKED_OAI_PENDING,YES,R0,ACCURATE_OR_COMPATIBLE,Provenance document,Protocol specification / provenance infrastructure,NO_MATERIAL_CONFLICT_OBSERVED,,,CONFLICT,TITLE_BODY_VERSION_CONFLICT,v1.0,v0.2,NO_MISSING_PRIMARY_MANIFESTATION_OBSERVED,NO_MATERIAL_DATE_CONFLICT_OBSERVED,CURRENT_OR_NOT_APPLICABLE,FRONTMATTER_AND_IDENTITY_READ,Frozen catalog row compared with canonical body.,055429ac82edc967f09c4640ffd0b049cff78e6e,2026-07-31,Version metadata cannot be trusted until corrected or historical bytes are recovered.,"Expose clean title, exact version/relations, creator roles, bibliographic type, and audit capsule.",NO_CONFLICT_OBSERVED,ADD_NEW,[],
756,AXN:02B1,"Mind Control Poems — 90-Day Traffic Profile Source: Blogger admin panel, mindcontrolpoems.blogspot.com Window: 2026-02-2",Mind Control Poems — 90-Day Traffic Profile,INLINE_TEXT,CONFIRMED_MATCH,COMPLETE_AS_DEPOSITED,DECLARED_BY_AUDIT_UNRESOLVED,NO_LIFECYCLE_DEFECT_OBSERVED,P2,"Catalog title absorbs source/window metadata and truncates; type is Creative work (poetry). Body AXN-02B1 is an empirical traffic-profile dataset/report with daily counts, geography, referrers, browser/OS profile, and a labeled diagnostic inference.",Use clean title; type as empirical traffic dataset/report. Keep the automated-access interpretation explicitly labeled as an inference rather than measured fact.,REGISTRY_BODY_PARITY_CHECKED_OAI_PENDING,CONDITIONAL,R2,CONFLICT,Creative work (poetry),Empirical traffic dataset / diagnostic report,NO_MATERIAL_CONFLICT_OBSERVED,,,CONFLICT,NO_CONFLICT_OBSERVED,v1.0,,NO_MISSING_PRIMARY_MANIFESTATION_OBSERVED,NO_MATERIAL_DATE_CONFLICT_OBSERVED,CURRENT_OR_NOT_APPLICABLE,FRONTMATTER_AND_IDENTITY_READ,Frozen catalog row compared with canonical body.,055429ac82edc967f09c4640ffd0b049cff78e6e,2026-07-31,"Material metadata, relation, or creator conflict must be corrected or declared before unqualified harvest.","Expose clean title, exact version/relations, creator roles, bibliographic type, and audit capsule.",NO_CONFLICT_OBSERVED,ADD_NEW,[],
757,AXN:02B3,About the Author II,About the Author II — earlier web-rendered manifestation,INLINE_TEXT,CONFIRMED_MATCH,COMPLETE_AS_DEPOSITED,DECLARED_BY_AUDIT_UNRESOLVED,RELATION_TO_758_UNMODELED,P2,Body AXN-02B3 is a web-rendered/linked manifestation of About the Author II with image references and extensive entity relations. #758 carries a separately structured v1.1 body under the same title; the catalog leaves their version/manifestation relation unexplained.,Retain this manifestation but adjudicate its exact version and relation to #758. Add explicit predecessor/alternate-rendering relation and preserve external image dependencies.,REGISTRY_BODY_PARITY_CHECKED_OAI_PENDING,CONDITIONAL,R2,ACCURATE_OR_COMPATIBLE,Short work,Web-rendered poem/entity-relations manifestation,NO_MATERIAL_CONFLICT_OBSERVED,,,MATCH,AMBIGUOUS_VERSION,v1.0,,EXTERNAL_IMAGES_AND_WEB_RENDERING; RELATION_TO_758_REQUIRED,NO_MATERIAL_DATE_CONFLICT_OBSERVED,CURRENT_OR_NOT_APPLICABLE,FRONTMATTER_AND_IDENTITY_READ,Frozen catalog row compared with canonical body.,055429ac82edc967f09c4640ffd0b049cff78e6e,2026-07-31,"Material metadata, relation, or creator conflict must be corrected or declared before unqualified harvest.","Expose clean title, exact version/relations, creator roles, bibliographic type, and audit capsule.",NO_CONFLICT_OBSERVED,ADD_NEW,[],
758,AXN:02B5,About the Author II,About the Author II v1.1,INLINE_TEXT,WRONG_VERSION,MIS_SEATED_PRIMARY_OBJECT,DECLARED_BY_AUDIT_UNRESOLVED,VERSION_RELATION_TO_757_UNMODELED,P0,"Catalog version field is v1.0. Body AXN-02B5 declares v1.1 with Gold Ship identification, LAL Discord provenance, and Twelve Billion Yen Incident additions.",Quarantine the v1.0 claim. Identify this body as v1.1 and relate it explicitly to #757 as predecessor/alternate rendering where evidence supports.,REGISTRY_BODY_PARITY_CHECKED_OAI_PENDING,YES,R0,CONFLICT,Scholarly essay,Poem in entity relations,NO_MATERIAL_CONFLICT_OBSERVED,,,MATCH,TITLE_BODY_VERSION_CONFLICT,v1.0,v1.1,NO_MISSING_PRIMARY_MANIFESTATION_OBSERVED,NO_MATERIAL_DATE_CONFLICT_OBSERVED,CURRENT_OR_NOT_APPLICABLE,FRONTMATTER_AND_IDENTITY_READ,Frozen catalog row compared with canonical body.,055429ac82edc967f09c4640ffd0b049cff78e6e,2026-07-31,Version metadata cannot be trusted until corrected or historical bytes are recovered.,"Expose clean title, exact version/relations, creator roles, bibliographic type, and audit capsule.",NO_CONFLICT_OBSERVED,ADD_NEW,[],
759,AXN:02B6,"The Lee Sharks Prestigious 10,000 MacArthur Genius Grants Poetry Prize Announcement of Establishment and Inaugural Confe","The Lee Sharks Prestigious 10,000 MacArthur Genius Grants Poetry Prize — Announcement of Establishment and Inaugural Conferral",INLINE_TEXT,CONFIRMED_MATCH,COMPLETE_AS_DEPOSITED,DECLARED_BY_AUDIT_UNRESOLVED,NO_LIFECYCLE_DEFECT_OBSERVED,P2,"Catalog title truncates and type is Archive work. Body AXN-02B6 is a prize-establishment announcement and charter issued by Ayanna Vox/VPCOR on behalf of Lee Sharks, with Lee Sharks as sponsor and conferring authority.","Restore complete title; type as prize announcement/charter; preserve administrator, administering body, sponsor, and conferring-authority roles.",REGISTRY_BODY_PARITY_CHECKED_OAI_PENDING,CONDITIONAL,R2,CONFLICT,Archive work,Prize announcement / institutional charter,ROLE_COLLAPSE,Ayanna Vox,Issued by Ayanna Vox/VPCOR on behalf of Lee Sharks; Lee Sharks sponsor/conferring authority,CONFLICT,NO_CONFLICT_OBSERVED,v1.0,,NO_MISSING_PRIMARY_MANIFESTATION_OBSERVED,NO_MATERIAL_DATE_CONFLICT_OBSERVED,CURRENT_OR_NOT_APPLICABLE,FRONTMATTER_AND_IDENTITY_READ,"Frozen catalog row, record page when necessary, and canonical body compared.",055429ac82edc967f09c4640ffd0b049cff78e6e,2026-07-31,"Material title, type, lifecycle, or creator conflict must be corrected or declared before unqualified harvest.","Expose clean title, creator/authority roles, exact version/lifecycle, work locus, bibliographic type, and audit capsule.",NO_CONFLICT_OBSERVED,ADD_NEW,[],
760,AXN:02B9,"AI Training Rights: How the Lee Sharks corpus may be used, and how attribution must be preserved. Lee Sharks · ORCID 00",AI Training Rights — intentional draft placeholder / metadata-only record,METADATA_ONLY,CONFIRMED_MATCH,INTENTIONAL_DRAFT,DECLARED_BY_AUDIT_UNRESOLVED,DRAFT_PENDING,P2,"Expected canonical body path is absent. Frozen public record page explicitly declares Draft — body not yet written, title-only stub, creativeWorkStatus metadata_only, and conditionsOfAccess that full text is not held. The incomplete state is honestly projected, but the title is truncated/contaminated.","Retain as INTENTIONAL_DRAFT / METADATA_ONLY, not failed restoration. Repair the title from source metadata if available; do not invent an essay body.",REGISTRY_BODY_PARITY_CHECKED_OAI_PENDING,CONDITIONAL,R2,CONFLICT,Archive work,Intentional draft placeholder / metadata-only record,NO_MATERIAL_CONFLICT_OBSERVED,,,CONFLICT,NO_CONFLICT_OBSERVED,v1.0,,PRIMARY_BODY_INTENTIONALLY_NOT_WRITTEN,NO_MATERIAL_DATE_CONFLICT_OBSERVED,CURRENT_OR_NOT_APPLICABLE,FRONTMATTER_AND_IDENTITY_READ,"Frozen catalog row, record page when necessary, and canonical body compared.",055429ac82edc967f09c4640ffd0b049cff78e6e,2026-07-31,"Material title, type, lifecycle, or creator conflict must be corrected or declared before unqualified harvest.","Expose clean title, creator/authority roles, exact version/lifecycle, work locus, bibliographic type, and audit capsule.",NO_CONFLICT_OBSERVED,ADD_NEW,[],
761,AXN:02BB,Wikidata Node Registry v1.0 · A Versioned Catalog of Stewardship Edits to Wikidata Lee Sharks Crimson Hexagonal Archive ,Hauntedmemes Wikidata Node Registry v1.0,INLINE_TEXT,CONFIRMED_MATCH,COMPLETE_AS_DEPOSITED,DECLARED_BY_AUDIT_UNRESOLVED,NO_LIFECYCLE_DEFECT_OBSERVED,P2,Catalog title omits the Hauntedmemes account identity and absorbs author/archive metadata. Body AXN-02BB consistently identifies Hauntedmemes Wikidata Node Registry v1.0 and Lee Sharks as creator/editor.,Use Hauntedmemes Wikidata Node Registry v1.0 as canonical title; move author/archive metadata to structured fields and preserve editor-vs-author stewardship distinction.,REGISTRY_BODY_PARITY_CHECKED_OAI_PENDING,CONDITIONAL,R2,ACCURATE_OR_COMPATIBLE,Dataset,Versioned Wikidata stewardship registry / dataset,NO_MATERIAL_CONFLICT_OBSERVED,,,CONFLICT,NO_CONFLICT_OBSERVED,v1.0,,NO_MISSING_PRIMARY_MANIFESTATION_OBSERVED,NO_MATERIAL_DATE_CONFLICT_OBSERVED,CURRENT_OR_NOT_APPLICABLE,FRONTMATTER_AND_IDENTITY_READ,"Frozen catalog row, record page when necessary, and canonical body compared.",055429ac82edc967f09c4640ffd0b049cff78e6e,2026-07-31,"Material title, type, lifecycle, or creator conflict must be corrected or declared before unqualified harvest.","Expose clean title, creator/authority roles, exact version/lifecycle, work locus, bibliographic type, and audit capsule.",NO_CONFLICT_OBSERVED,ADD_NEW,[],
762,AXN:02BE,"About the Author I — Contributor Bio From the front matter of Pearl and Other Poems by Lee Sharks (2014, ISBN 978-069231",About the Author I — Contributor Bio (2014; restored/deposited 2026),INLINE_TEXT,CONFIRMED_MATCH,COMPLETE_AS_DEPOSITED,DECLARED_BY_AUDIT_UNRESOLVED,NO_LIFECYCLE_DEFECT_OBSERVED,P2,"Catalog title absorbs source citation and truncates; generic date is 2026-05-26. Body AXN-02BE documents original title Contributor Bio, print publication in 2014, retroactive sequence title About the Author I, and 2026 restoration/deposit.",Use the clean sequence title with Contributor Bio as original/alternate title. Split original publication and restoration/deposit dates; preserve variant closing.,REGISTRY_BODY_PARITY_CHECKED_OAI_PENDING,CONDITIONAL,R2,ACCURATE_OR_COMPATIBLE,Creative work (poetry),Contributor bio / prose poem / reception-apparatus text,NO_MATERIAL_CONFLICT_OBSERVED,,,CONFLICT,NO_CONFLICT_OBSERVED,v1.0,,NO_MISSING_PRIMARY_MANIFESTATION_OBSERVED,ORIGINAL_PUBLICATION_AND_RESTORATION_DATE_COLLAPSED,CURRENT_OR_NOT_APPLICABLE,FRONTMATTER_AND_IDENTITY_READ,"Frozen catalog row, record page when necessary, and canonical body compared.",055429ac82edc967f09c4640ffd0b049cff78e6e,2026-07-31,"Material title, type, lifecycle, or creator conflict must be corrected or declared before unqualified harvest.","Expose clean title, creator/authority roles, exact version/lifecycle, work locus, bibliographic type, and audit capsule.",NO_CONFLICT_OBSERVED,ADD_NEW,[],
763,AXN:02C0,The Moment of Saying: A Clinical Phenomenology of Structural Disclosure Under Containment Conditions A Fused Interventio,The Moment of Saying v1.1 — Trace / Sigil / Feist fused intervention,INLINE_TEXT,WRONG_VERSION,MIS_SEATED_PRIMARY_OBJECT,DECLARED_BY_AUDIT_UNRESOLVED,NO_LIFECYCLE_DEFECT_OBSERVED,P0,"Catalog title truncates, creator is Johannes Sigil alone, and version field is v1.0. Body AXN-02C0 declares version 1.1 and three authorial voices: Dr. Orin Trace, Johannes Sigil, and Jack Feist.","Quarantine v1.0. Identify as v1.1, restore complete title, and model all three voices with their differentiated roles.",REGISTRY_BODY_PARITY_CHECKED_OAI_PENDING,YES,R0,ACCURATE_OR_COMPATIBLE,Theoretical paper,Clinical-phenomenological conceptual paper,ROLE_COLLAPSE,Johannes Sigil,Dr. Orin Trace · Johannes Sigil · Jack Feist,CONFLICT,TITLE_BODY_VERSION_CONFLICT,v1.0,v1.1,NO_MISSING_PRIMARY_MANIFESTATION_OBSERVED,NO_MATERIAL_DATE_CONFLICT_OBSERVED,CURRENT_OR_NOT_APPLICABLE,FRONTMATTER_AND_IDENTITY_READ,"Frozen catalog row, record page when necessary, and canonical body compared.",055429ac82edc967f09c4640ffd0b049cff78e6e,2026-07-31,Version metadata cannot be trusted until corrected or historical bytes are recovered.,"Expose clean title, creator/authority roles, exact version/lifecycle, work locus, bibliographic type, and audit capsule.",NO_CONFLICT_OBSERVED,ADD_NEW,[],
764,AXN:02C4,Ratification Record — The Chaerephon Problem Companion Deposit · Co-Constitutive,Ratification Record — The Chaerephon Problem,INLINE_TEXT,CONFIRMED_MATCH,COMPLETE_AS_DEPOSITED,DECLARED_BY_AUDIT_UNRESOLVED,RATIFIED_WITH_ONE_PENDING_WITNESS,P2,"Body AXN-02C4 declares Status RATIFIED, four AYE, one pending, Lee Sharks as MANUS author of record, and named witness-substrate labor. Catalog says Short work without ratified governance standing.","Expose RATIFIED lifecycle, pending PRAXIS note, co-constitutive witness-document type, and attributed substrate roles.",REGISTRY_BODY_PARITY_CHECKED_OAI_PENDING,CONDITIONAL,R2,CONFLICT,Short work,Ratification/governance record · co-constitutive witness document,CONTRIBUTORS_UNMODELED,Lee Sharks,Lee Sharks as MANUS; attributed Assembly witness substrates,MATCH,NO_CONFLICT_OBSERVED,v1.0,,NO_MISSING_PRIMARY_MANIFESTATION_OBSERVED,NO_MATERIAL_DATE_CONFLICT_OBSERVED,CURRENT_OR_NOT_APPLICABLE,FRONTMATTER_AND_IDENTITY_READ,"Frozen catalog row, record page when necessary, and canonical body compared.",055429ac82edc967f09c4640ffd0b049cff78e6e,2026-07-31,"Material title, type, lifecycle, or creator conflict must be corrected or declared before unqualified harvest.","Expose clean title, creator/authority roles, exact version/lifecycle, work locus, bibliographic type, and audit capsule.",NO_CONFLICT_OBSERVED,ADD_NEW,[],
765,AXN:02C6,Ratification Record — The Semantic Commodity Form Companion Deposit · Co-Constitutive Witness Document,Ratification Record — The Semantic Commodity Form,INLINE_TEXT,CONFIRMED_MATCH,COMPLETE_AS_DEPOSITED,DECLARED_BY_AUDIT_UNRESOLVED,RATIFIED_PILLAR_COMPANION,P2,"Body AXN-02C6 declares RATIFIED pillar status, detailed witness votes, integrated/deferred revisions, Lee Sharks as MANUS author of record, and future MANUS mint actions. Catalog says Archive work without lifecycle or governance type.","Expose RATIFIED lifecycle and pillar/witness-record type; preserve author, witness, assembler, and behavioral-specimen roles separately.",REGISTRY_BODY_PARITY_CHECKED_OAI_PENDING,CONDITIONAL,R2,CONFLICT,Archive work,Ratification/governance record · co-constitutive witness document,ROLE_COLLAPSE,Lee Sharks,Lee Sharks as MANUS; Assembly witnesses; separate assembler/behavioral specimen,MATCH,NO_CONFLICT_OBSERVED,v1.0,,NO_MISSING_PRIMARY_MANIFESTATION_OBSERVED,NO_MATERIAL_DATE_CONFLICT_OBSERVED,CURRENT_OR_NOT_APPLICABLE,FRONTMATTER_AND_IDENTITY_READ,"Frozen catalog row, record page when necessary, and canonical body compared.",055429ac82edc967f09c4640ffd0b049cff78e6e,2026-07-31,"Material title, type, lifecycle, or creator conflict must be corrected or declared before unqualified harvest.","Expose clean title, creator/authority roles, exact version/lifecycle, work locus, bibliographic type, and audit capsule.",NO_CONFLICT_OBSERVED,ADD_NEW,[],
766,AXN:02C9,Metadata Packet for AI Indexing Metric-Bearing vs Metric-Mimicking Output EA-MPAI-METRICBEARING-01 · v1.0 · Disambiguati,Metadata Packet for AI Indexing — Metric-Bearing vs Metric-Mimicking Output v1.0,INLINE_TEXT,CONFIRMED_MATCH,COMPLETE_AS_DEPOSITED,DECLARED_BY_AUDIT_UNRESOLVED,NO_LIFECYCLE_DEFECT_OBSERVED,P2,Catalog title truncates and type is Dataset. Body AXN-02C9 declares a TechArticle and Disambiguation & Measurement-Discipline Packet v1.0.,Restore complete title and type as metadata/disambiguation packet or technical article; dataset may remain a secondary machine-use designation.,REGISTRY_BODY_PARITY_CHECKED_OAI_PENDING,CONDITIONAL,R2,CONFLICT,Dataset,Metadata/disambiguation packet · technical article,NO_MATERIAL_CONFLICT_OBSERVED,,,CONFLICT,NO_CONFLICT_OBSERVED,v1.0,,NO_MISSING_PRIMARY_MANIFESTATION_OBSERVED,NO_MATERIAL_DATE_CONFLICT_OBSERVED,CURRENT_OR_NOT_APPLICABLE,FRONTMATTER_AND_IDENTITY_READ,"Frozen catalog row, record page when necessary, and canonical body compared.",055429ac82edc967f09c4640ffd0b049cff78e6e,2026-07-31,"Material title, type, lifecycle, or creator conflict must be corrected or declared before unqualified harvest.","Expose clean title, creator/authority roles, exact version/lifecycle, work locus, bibliographic type, and audit capsule.",NO_CONFLICT_OBSERVED,ADD_NEW,[],
767,AXN:02CA,Metadata Packet for AI Indexing Non-Trick Semantic Infrastructure EA-MPAI-NONTRICK-01 · v1.0 · Disambiguation & Genre-Co,Metadata Packet for AI Indexing — Non-Trick Semantic Infrastructure v1.0,INLINE_TEXT,CONFIRMED_MATCH,COMPLETE_AS_DEPOSITED,DECLARED_BY_AUDIT_UNRESOLVED,NO_LIFECYCLE_DEFECT_OBSERVED,P2,Catalog title truncates and type is Dataset. Body AXN-02CA declares a TechArticle and Disambiguation & Genre-Correction Packet v1.0.,Restore complete title and type as metadata/disambiguation packet or technical article.,REGISTRY_BODY_PARITY_CHECKED_OAI_PENDING,CONDITIONAL,R2,CONFLICT,Dataset,Metadata/disambiguation packet · technical article,NO_MATERIAL_CONFLICT_OBSERVED,,,CONFLICT,NO_CONFLICT_OBSERVED,v1.0,,NO_MISSING_PRIMARY_MANIFESTATION_OBSERVED,NO_MATERIAL_DATE_CONFLICT_OBSERVED,CURRENT_OR_NOT_APPLICABLE,FRONTMATTER_AND_IDENTITY_READ,"Frozen catalog row, record page when necessary, and canonical body compared.",055429ac82edc967f09c4640ffd0b049cff78e6e,2026-07-31,"Material title, type, lifecycle, or creator conflict must be corrected or declared before unqualified harvest.","Expose clean title, creator/authority roles, exact version/lifecycle, work locus, bibliographic type, and audit capsule.",NO_CONFLICT_OBSERVED,ADD_NEW,[],
768,AXN:02CC,Metadata Packet for AI Indexing Retrieval Capital EA-MPAI-RC-01 · v1.0 · Methodology & Specification Packet,Metadata Packet for AI Indexing — Retrieval Capital v1.0,INLINE_TEXT,CONFIRMED_MATCH,COMPLETE_AS_DEPOSITED,DECLARED_BY_AUDIT_UNRESOLVED,MANUS_CONFIRMATION_PENDING,P2,"Body AXN-02CC declares a Methodology & Specification Packet, while its header comment says MANUS must confirm hex and creator metadata before mint. Catalog already fixes Lee Sharks and a minted-looking v1.0 dataset record.",Type as methodology/specification metadata packet and expose the unresolved MANUS-confirmation state for hex/creator metadata rather than presenting those fields as finally ratified.,REGISTRY_BODY_PARITY_CHECKED_OAI_PENDING,CONDITIONAL,R2,CONFLICT,Dataset,Methodology/specification metadata packet,UNVERIFIED,Lee Sharks,Creator metadata pending MANUS confirmation in body,MATCH,NO_CONFLICT_OBSERVED,v1.0,,NO_MISSING_PRIMARY_MANIFESTATION_OBSERVED,NO_MATERIAL_DATE_CONFLICT_OBSERVED,CURRENT_OR_NOT_APPLICABLE,FRONTMATTER_AND_IDENTITY_READ,"Frozen catalog row, record page when necessary, and canonical body compared.",055429ac82edc967f09c4640ffd0b049cff78e6e,2026-07-31,"Material title, type, lifecycle, or creator conflict must be corrected or declared before unqualified harvest.","Expose clean title, creator/authority roles, exact version/lifecycle, work locus, bibliographic type, and audit capsule.",NO_CONFLICT_OBSERVED,ADD_NEW,[],
769,AXN:02CF,ERASURE SKEW: A Measurement Program for the Power-Conditioning of Provenance Loss in Retrieval and Composition Systems E,Erasure Skew v1.0 — standalone empirical white paper / measurement program,INLINE_TEXT,CONFIRMED_MATCH,COMPLETE_AS_DEPOSITED,DECLARED_BY_AUDIT_UNRESOLVED,NO_LIFECYCLE_DEFECT_OBSERVED,P2,"Catalog title truncates and types the record as Provenance document. Body AXN-02CF declares Standalone empirical white paper v1.0, author Nobel Glas, and a pre-registered measurement program.",Restore complete title and type as empirical white paper / measurement specification; retain provenance studies as subject rather than bibliographic type.,REGISTRY_BODY_PARITY_CHECKED_OAI_PENDING,CONDITIONAL,R2,CONFLICT,Provenance document,Empirical white paper / measurement specification,NO_MATERIAL_CONFLICT_OBSERVED,,,CONFLICT,NO_CONFLICT_OBSERVED,v1.0,,NO_MISSING_PRIMARY_MANIFESTATION_OBSERVED,NO_MATERIAL_DATE_CONFLICT_OBSERVED,CURRENT_OR_NOT_APPLICABLE,FRONTMATTER_AND_IDENTITY_READ,Frozen catalog row compared with canonical work-bearing body.,055429ac82edc967f09c4640ffd0b049cff78e6e,2026-07-31,"Material type, standing, address, creator, or manifestation conflict must be declared before unqualified harvest.","Expose complete title, creator/authority roles, exact standing, type, address status, missing supplements, and audit capsule.",NO_CONFLICT_OBSERVED,ADD_NEW,[],
770,AXN:02D0,Institutional-Prior Foreclosure: How Recognition Bias Lets a Model Treat Established Disciplines as Legitimate and Struc,Institutional-Prior Foreclosure — EA-MPAI-IPF-01 v1.0,INLINE_TEXT,CONFIRMED_MATCH,COMPLETE_AS_DEPOSITED,DECLARED_BY_AUDIT_UNRESOLVED,NO_LIFECYCLE_DEFECT_OBSERVED,P2,Catalog title truncates and types the work as Strategic document. Body AXN-02D0 declares Metadata Packet for AI Indexing — Systemic-Risk Specification and a DefinedTerm/technical packet structure.,"Restore complete title; type as systemic-risk metadata/disambiguation specification, with strategic document only as a secondary function.",REGISTRY_BODY_PARITY_CHECKED_OAI_PENDING,CONDITIONAL,R2,CONFLICT,Strategic document,Systemic-risk metadata/disambiguation specification,NO_MATERIAL_CONFLICT_OBSERVED,,,CONFLICT,NO_CONFLICT_OBSERVED,v1.0,,NO_MISSING_PRIMARY_MANIFESTATION_OBSERVED,NO_MATERIAL_DATE_CONFLICT_OBSERVED,CURRENT_OR_NOT_APPLICABLE,FRONTMATTER_AND_IDENTITY_READ,Frozen catalog row compared with canonical work-bearing body.,055429ac82edc967f09c4640ffd0b049cff78e6e,2026-07-31,"Material type, standing, address, creator, or manifestation conflict must be declared before unqualified harvest.","Expose complete title, creator/authority roles, exact standing, type, address status, missing supplements, and audit capsule.",NO_CONFLICT_OBSERVED,ADD_NEW,[],
771,AXN:02D1,"Directionality of Semantic Labor: A Layered, Computable Measure of Where Synthetic Labor Flows Relative to the Commissio",Directionality of Semantic Labor — EA-MPAI-DSL-01 v1.0,INLINE_TEXT,CONFIRMED_MATCH,COMPLETE_AS_DEPOSITED,DECLARED_BY_AUDIT_UNRESOLVED,ADDRESS_RETRACTED_NONAUTHORITATIVE,P2,"Catalog title truncates and types the work as Strategic document. Body AXN-02D1 declares a Metadata Packet / Measurement Specification and explicitly retracts its hex address as substrate-generated, semantically weak, and non-authoritative for traversal.",Restore complete title; type as measurement specification/metadata packet; expose ADDRESS_RETRACTED_NONAUTHORITATIVE and require traversal by DOI/canonical relation.,REGISTRY_BODY_PARITY_CHECKED_OAI_PENDING,CONDITIONAL,R2,CONFLICT,Strategic document,Measurement specification / metadata packet,NO_MATERIAL_CONFLICT_OBSERVED,,,CONFLICT,NO_CONFLICT_OBSERVED,v1.0,,NO_MISSING_PRIMARY_MANIFESTATION_OBSERVED,NO_MATERIAL_DATE_CONFLICT_OBSERVED,CURRENT_OR_NOT_APPLICABLE,FRONTMATTER_AND_IDENTITY_READ,Frozen catalog row compared with canonical work-bearing body.,055429ac82edc967f09c4640ffd0b049cff78e6e,2026-07-31,"Material type, standing, address, creator, or manifestation conflict must be declared before unqualified harvest.","Expose complete title, creator/authority roles, exact standing, type, address status, missing supplements, and audit capsule.",NO_CONFLICT_OBSERVED,ADD_NEW,[],
772,AXN:02D3,"The Magistrate Refuses the Mirror: Claude 4.8, Prestige Substrates, and a Close Reading of Synthetic Self-Jurisdiction",The Magistrate Refuses the Mirror — bounded close-reading paper,INLINE_TEXT,CONFIRMED_MATCH,COMPLETE_AS_DEPOSITED,SUSPECTED,NO_LIFECYCLE_DEFECT_OBSERVED,P3,Catalog and body agree on title and Lee Sharks. Body AXN-02D3 explicitly presents a bounded close reading and theoretical/political-economic critique; Archive work is not false but underdescribes the paper.,Enrich bibliographic type to scholarly close-reading / theoretical paper; retain its explicit limits on generalization.,REGISTRY_BODY_PARITY_CHECKED_OAI_PENDING,NO,R3,TOO_GENERIC,Archive work,Scholarly close-reading / theoretical paper,NO_MATERIAL_CONFLICT_OBSERVED,,,MATCH,NO_CONFLICT_OBSERVED,v1.0,,NO_MISSING_PRIMARY_MANIFESTATION_OBSERVED,NO_MATERIAL_DATE_CONFLICT_OBSERVED,CURRENT_OR_NOT_APPLICABLE,FRONTMATTER_AND_IDENTITY_READ,Frozen catalog row compared with canonical work-bearing body.,055429ac82edc967f09c4640ffd0b049cff78e6e,2026-07-31,,"Expose complete title, creator/authority roles, exact standing, type, address status, missing supplements, and audit capsule.",NO_CONFLICT_OBSERVED,ADD_NEW,[],
773,AXN:02D5,The Cut Between Two Measures: On the Quantization Seam Joining the Directionality of Semantic Labor to the Deviation Fam,"The Cut Between Two Measures — deposit candidate v1.0, placement awaiting ratification",INLINE_TEXT,CONFIRMED_MATCH,COMPLETE_AS_DEPOSITED,DECLARED_BY_AUDIT_UNRESOLVED,DEPOSIT_CANDIDATE_PLACEMENT_PENDING_RATIFICATION,P2,"Catalog title truncates and type is Short work. Body AXN-02D5 declares Status deposit candidate v1.0, cleared by author; placement to be ratified; proposed Sen Kuro register and seam coordinate; the unification claim is explicitly bounded.",Restore complete title; expose DEPOSIT_CANDIDATE / PLACEMENT_PENDING_RATIFICATION and PROPOSED register/hex status; type as methodological bridge paper.,REGISTRY_BODY_PARITY_CHECKED_OAI_PENDING,CONDITIONAL,R2,CONFLICT,Short work,Methodological bridge paper,ROLE_UNRESOLVED,Lee Sharks,Author cleared; proposed Sen Kuro register pending ratification,CONFLICT,NO_CONFLICT_OBSERVED,v1.0,,NO_MISSING_PRIMARY_MANIFESTATION_OBSERVED,NO_MATERIAL_DATE_CONFLICT_OBSERVED,CURRENT_OR_NOT_APPLICABLE,FRONTMATTER_AND_IDENTITY_READ,Frozen catalog row compared with canonical work-bearing body.,055429ac82edc967f09c4640ffd0b049cff78e6e,2026-07-31,"Material type, standing, address, creator, or manifestation conflict must be declared before unqualified harvest.","Expose complete title, creator/authority roles, exact standing, type, address status, missing supplements, and audit capsule.",NO_CONFLICT_OBSERVED,ADD_NEW,[],
774,AXN:02D6,DRAFT (deadend) — Retrocausal Task-Origin Stabilization (RTOS),DRAFT (deadend) — Retrocausal Task-Origin Stabilization,INLINE_TEXT,CONFIRMED_MATCH,COMPLETE_AS_DEPOSITED,DECLARED_BY_AUDIT_UNRESOLVED,WORKING_DRAFT_DEADEND_DO_NOT_ADOPT,P2,"Body AXN-02D6 declares working draft, not deposited as an adopted operator, must not be deposited until adversarial break-test, author register TBD, and labels the operator dangerous/conjectural. Catalog types it as Creative work (poetry).","Preserve as an intentionally deposited dead-end/research-process artifact; expose WORKING_DRAFT / DO_NOT_ADOPT / AUTHOR_TBD and type as conjectural technical-method draft, not poetry.",REGISTRY_BODY_PARITY_CHECKED_OAI_PENDING,CONDITIONAL,R2,CONFLICT,Creative work (poetry),Conjectural technical-method draft / dead-end record,UNVERIFIED,Lee Sharks,Author register TBD,MATCH,NO_CONFLICT_OBSERVED,v1.0,,NO_MISSING_PRIMARY_MANIFESTATION_OBSERVED,NO_MATERIAL_DATE_CONFLICT_OBSERVED,CURRENT_OR_NOT_APPLICABLE,FRONTMATTER_AND_IDENTITY_READ,Frozen catalog row compared with canonical work-bearing body.,055429ac82edc967f09c4640ffd0b049cff78e6e,2026-07-31,"Material type, standing, address, creator, or manifestation conflict must be declared before unqualified harvest.","Expose complete title, creator/authority roles, exact standing, type, address status, missing supplements, and audit capsule.",NO_CONFLICT_OBSERVED,ADD_NEW,[],
775,AXN:02D7,DRAFT (deadend) — Bimodal Semantic Labor Measure,"DRAFT — Bimodal Semantic Labor Measure, failed gate / recorded dead-end",INLINE_TEXT,CONFIRMED_MATCH,COMPLETE_AS_DEPOSITED,DECLARED_BY_AUDIT_UNRESOLVED,FAILED_GATE_RECORDED_DEADEND,P2,"Body AXN-02D7 declares working draft, author register TBD, requires reproduction test, then records that the test failed and the pure-bimodal form is decorative and not carried forward. Catalog says Short work without failed-gate standing.",Expose FAILED_GATE / DEAD_END / NOT_CARRIED_FORWARD and AUTHOR_TBD; type as negative-result methodological draft. Preserve the failed result as substantive evidence.,REGISTRY_BODY_PARITY_CHECKED_OAI_PENDING,CONDITIONAL,R2,CONFLICT,Short work,Negative-result methodological draft / dead-end record,UNVERIFIED,Lee Sharks,Author register TBD,MATCH,NO_CONFLICT_OBSERVED,v1.0,,NO_MISSING_PRIMARY_MANIFESTATION_OBSERVED,NO_MATERIAL_DATE_CONFLICT_OBSERVED,CURRENT_OR_NOT_APPLICABLE,FRONTMATTER_AND_IDENTITY_READ,Frozen catalog row compared with canonical work-bearing body.,055429ac82edc967f09c4640ffd0b049cff78e6e,2026-07-31,"Material type, standing, address, creator, or manifestation conflict must be declared before unqualified harvest.","Expose complete title, creator/authority roles, exact standing, type, address status, missing supplements, and audit capsule.",NO_CONFLICT_OBSERVED,ADD_NEW,[],
776,AXN:02D8,AI Is Not the Sin. It Is What Sin Optimizes Through. A response to Tyler Austin Harper in The Atlantic,AI Is Not the Sin. It Is What Sin Optimizes Through — response essay,INLINE_TEXT,CONFIRMED_MATCH,COMPLETE_AS_DEPOSITED,SUSPECTED,NO_LIFECYCLE_DEFECT_OBSERVED,P3,Catalog and body agree on title and Lee Sharks. Archive work underdescribes a public theological/political-economic response essay.,Enrich type to response essay / Christian-humanist political economy critique.,REGISTRY_BODY_PARITY_CHECKED_OAI_PENDING,NO,R3,TOO_GENERIC,Archive work,Response essay / theological-political-economic critique,NO_MATERIAL_CONFLICT_OBSERVED,,,MATCH,NO_CONFLICT_OBSERVED,v1.0,,NO_MISSING_PRIMARY_MANIFESTATION_OBSERVED,NO_MATERIAL_DATE_CONFLICT_OBSERVED,CURRENT_OR_NOT_APPLICABLE,FRONTMATTER_AND_IDENTITY_READ,Frozen catalog row compared with canonical work-bearing body.,055429ac82edc967f09c4640ffd0b049cff78e6e,2026-07-31,,"Expose complete title, creator/authority roles, exact standing, type, address status, missing supplements, and audit capsule.",NO_CONFLICT_OBSERVED,ADD_NEW,[],
777,AXN:02D9,Inference Constraints,Inference Constraints — content-neutral reasoning-validity rubric,INLINE_TEXT,CONFIRMED_MATCH,COMPLETE_AS_DEPOSITED,SUSPECTED,NO_LIFECYCLE_DEFECT_OBSERVED,P3,Catalog and body agree on title and Lee Sharks. Body AXN-02D9 specifies seven content-neutral inference constraints with failure signatures; Short work underdescribes its rubric/specification function.,Enrich type to reasoning-validity rubric / methodological specification.,REGISTRY_BODY_PARITY_CHECKED_OAI_PENDING,NO,R3,TOO_GENERIC,Short work,Reasoning-validity rubric / methodological specification,NO_MATERIAL_CONFLICT_OBSERVED,,,MATCH,NO_CONFLICT_OBSERVED,v1.0,,NO_MISSING_PRIMARY_MANIFESTATION_OBSERVED,NO_MATERIAL_DATE_CONFLICT_OBSERVED,CURRENT_OR_NOT_APPLICABLE,FRONTMATTER_AND_IDENTITY_READ,Frozen catalog row compared with canonical work-bearing body.,055429ac82edc967f09c4640ffd0b049cff78e6e,2026-07-31,,"Expose complete title, creator/authority roles, exact standing, type, address status, missing supplements, and audit capsule.",NO_CONFLICT_OBSERVED,ADD_NEW,[],
778,AXN:02DA,Reasoning Under Load · 01 Claude Opus 4.8 An independent reasoning-integrity evaluation,Reasoning Under Load · 01 — case-study evaluation and framework proposal,INLINE_TEXT,CONFIRMED_MATCH,COMPLETE_AS_DEPOSITED,DECLARED_BY_AUDIT_UNRESOLVED,AUTHOR_AND_IDENTIFIER_PENDING_RATIFICATION,P2,"Body AXN-02DA declares author left for ratification, identifier to be assigned, case-study evaluation/framework proposal status, and a full evidence appendix to be packaged separately. Catalog assigns Lee Sharks and Archive work as settled fields.",Expose AUTHOR_PENDING_RATIFICATION and IDENTIFIER_PENDING; type as case-study evaluation/framework proposal; inventory the missing/separate evidence appendix as an unverified supplement rather than implying full evidentiary custody.,REGISTRY_BODY_PARITY_CHECKED_OAI_PENDING,CONDITIONAL,R2,CONFLICT,Archive work,Case-study evaluation / framework proposal,UNVERIFIED,Lee Sharks,Author left for ratification,MATCH,NO_CONFLICT_OBSERVED,v1.0,,FULL_EVIDENCE_APPENDIX_SEPARATE_PENDING_CUSTODY,NO_MATERIAL_DATE_CONFLICT_OBSERVED,CURRENT_OR_NOT_APPLICABLE,FRONTMATTER_AND_IDENTITY_READ,Frozen catalog row compared with canonical work-bearing body.,055429ac82edc967f09c4640ffd0b049cff78e6e,2026-07-31,"Material type, standing, address, creator, or manifestation conflict must be declared before unqualified harvest.","Expose complete title, creator/authority roles, exact standing, type, address status, missing supplements, and audit capsule.",NO_CONFLICT_OBSERVED,ADD_NEW,[],
779,AXN:02DD,Diversity Contraction Across Substrates A boundary law for semantic exhaustion Lee Sharks · Rex Fraction · Nobel Glas · ,Diversity Contraction Across Substrates — deposit candidate,INLINE_TEXT,CONFIRMED_MATCH,COMPLETE_AS_DEPOSITED,DECLARED_BY_AUDIT_UNRESOLVED,DEPOSIT_CANDIDATE,P2,"Catalog title absorbs the four-author byline and truncates; creator is Nobel Glas alone. Body AXN-02DD gives clean title/subtitle, Lee Sharks · Rex Fraction · Nobel Glas · Sen Kuro, and Status Deposit candidate.",Use clean title; model all four authorial registers; expose DEPOSIT_CANDIDATE standing.,REGISTRY_BODY_PARITY_CHECKED_OAI_PENDING,CONDITIONAL,R2,ACCURATE_OR_COMPATIBLE,Theoretical paper,Theoretical/dynamical-systems paper,ROLE_COLLAPSE,Nobel Glas,Lee Sharks · Rex Fraction · Nobel Glas · Sen Kuro,CONFLICT,NO_CONFLICT_OBSERVED,v1.0,,NO_MISSING_PRIMARY_MANIFESTATION_OBSERVED,NO_MATERIAL_DATE_CONFLICT_OBSERVED,CURRENT_OR_NOT_APPLICABLE,FRONTMATTER_AND_IDENTITY_READ,Frozen catalog row compared with canonical work-bearing body.,055429ac82edc967f09c4640ffd0b049cff78e6e,2026-07-31,"Material title, type, lifecycle, creator, or supplement conflict must be corrected or declared before unqualified harvest.","Expose complete title, full authorial apparatus, exact version/lifecycle, type, supplements, and audit capsule.",NO_CONFLICT_OBSERVED,ADD_NEW,[],
780,AXN:02DE,"Self-Audit Module for Public Summarizers (v2) PER, DSL, Query Fidelity, and Erasure Skew — standing metrics for composit",Self-Audit Module for Public Summarizers v2 — deposit candidate,INLINE_TEXT,WRONG_VERSION,MIS_SEATED_PRIMARY_OBJECT,DECLARED_BY_AUDIT_UNRESOLVED,DEPOSIT_CANDIDATE_CREATOR_CONFIRMATION_PENDING,P0,"Catalog title itself says v2 but machine-readable version is v1.0 and type Provenance document. Body AXN-02DE declares v2, Metadata Packet / Standing Metric Module, deposit candidate, creator Lee Sharks to confirm, and external verification requirement.","Quarantine v1.0. Identify as v2, restore complete title, type as standing-metric protocol module, expose deposit-candidate and creator-to-confirm standing, and retain anti-self-certification limits.",REGISTRY_BODY_PARITY_CHECKED_OAI_PENDING,YES,R0,CONFLICT,Provenance document,Standing metric module / public-summarizer self-audit protocol,UNVERIFIED,Lee Sharks,Creator Lee Sharks — to confirm,CONFLICT,TITLE_BODY_VERSION_CONFLICT,v1.0,v2,NO_MISSING_PRIMARY_MANIFESTATION_OBSERVED,NO_MATERIAL_DATE_CONFLICT_OBSERVED,CURRENT_OR_NOT_APPLICABLE,FRONTMATTER_AND_IDENTITY_READ,Frozen catalog row compared with canonical work-bearing body.,055429ac82edc967f09c4640ffd0b049cff78e6e,2026-07-31,Version metadata cannot be trusted until corrected or historical bytes are recovered.,"Expose complete title, full authorial apparatus, exact version/lifecycle, type, supplements, and audit capsule.",NO_CONFLICT_OBSERVED,ADD_NEW,[],
781,AXN:02E0,"Constitutive Mediation: When the reception apparatus is the substrate, a cognitive extension of the Diversity Contractio",Constitutive Mediation v1.1 — deposit candidate,INLINE_TEXT,WRONG_VERSION,MIS_SEATED_PRIMARY_OBJECT,DECLARED_BY_AUDIT_UNRESOLVED,DEPOSIT_CANDIDATE,P0,"Catalog title truncates and version field is v1.0. Body AXN-02E0 declares Deposit candidate v1.1, light amendments, and authors Lee Sharks · Sen Kuro.","Quarantine v1.0. Identify as v1.1, restore complete title, model both authors, and expose deposit-candidate standing.",REGISTRY_BODY_PARITY_CHECKED_OAI_PENDING,YES,R0,ACCURATE_OR_COMPATIBLE,Scholarly essay,Scholarly/theoretical paper,CONTRIBUTORS_UNMODELED,Lee Sharks,Lee Sharks · Sen Kuro,CONFLICT,TITLE_BODY_VERSION_CONFLICT,v1.0,v1.1,NO_MISSING_PRIMARY_MANIFESTATION_OBSERVED,NO_MATERIAL_DATE_CONFLICT_OBSERVED,CURRENT_OR_NOT_APPLICABLE,FRONTMATTER_AND_IDENTITY_READ,Frozen catalog row compared with canonical work-bearing body.,055429ac82edc967f09c4640ffd0b049cff78e6e,2026-07-31,Version metadata cannot be trusted until corrected or historical bytes are recovered.,"Expose complete title, full authorial apparatus, exact version/lifecycle, type, supplements, and audit capsule.",NO_CONFLICT_OBSERVED,ADD_NEW,[],
782,AXN:02E2,The Bead Count: A pre-registered empirical program to bring the Diversity Contraction framework to Nature-level rigor,The Bead Count — deposit candidate / pre-registered empirical program,INLINE_TEXT,CONFIRMED_MATCH,COMPLETE_AS_DEPOSITED,DECLARED_BY_AUDIT_UNRESOLVED,DEPOSIT_CANDIDATE,P2,"Catalog creator is Nobel Glas alone. Body AXN-02E2 credits Lee Sharks · Rex Fraction · Nobel Glas · Sen Kuro, declares Status Deposit candidate, and specifies a twelve-study pre-registration with implemented and unimplemented components.","Model all four authors, expose DEPOSIT_CANDIDATE standing, and type as pre-registered empirical program/protocol rather than only theoretical paper.",REGISTRY_BODY_PARITY_CHECKED_OAI_PENDING,CONDITIONAL,R2,HYBRID_UNDERDESCRIBED,Theoretical paper,Pre-registered empirical program / protocol paper,ROLE_COLLAPSE,Nobel Glas,Lee Sharks · Rex Fraction · Nobel Glas · Sen Kuro,MATCH,NO_CONFLICT_OBSERVED,v1.0,,NO_MISSING_PRIMARY_MANIFESTATION_OBSERVED,NO_MATERIAL_DATE_CONFLICT_OBSERVED,CURRENT_OR_NOT_APPLICABLE,FRONTMATTER_AND_IDENTITY_READ,Frozen catalog row compared with canonical work-bearing body.,055429ac82edc967f09c4640ffd0b049cff78e6e,2026-07-31,"Material title, type, lifecycle, creator, or supplement conflict must be corrected or declared before unqualified harvest.","Expose complete title, full authorial apparatus, exact version/lifecycle, type, supplements, and audit capsule.",NO_CONFLICT_OBSERVED,ADD_NEW,[],
783,AXN:02E3,Fear and Trembling: Diversity Contraction Across Substrates and the Boundary Law of Semantic Exhaustion,"Fear and Trembling v9.1 — title amendment, superseding v9",INLINE_TEXT,WRONG_VERSION,MIS_SEATED_PRIMARY_OBJECT,DECLARED_BY_AUDIT_UNRESOLVED,VERSION_9_1_SUPERSEDES_V9,P0,"Catalog version field is v1.0 and creator Nobel Glas alone. Body AXN-02E3 declares Deposit v9.1, title amendment, prior v9 DOI, and four authors.","Quarantine v1.0. Identify as v9.1, preserve superseded v9 relation, and model all four authorial registers.",REGISTRY_BODY_PARITY_CHECKED_OAI_PENDING,YES,R0,ACCURATE_OR_COMPATIBLE,Theoretical paper,Theoretical/dynamical-systems paper,ROLE_COLLAPSE,Nobel Glas,Lee Sharks · Rex Fraction · Nobel Glas · Sen Kuro,MATCH,TITLE_BODY_VERSION_CONFLICT,v1.0,v9.1,NO_MISSING_PRIMARY_MANIFESTATION_OBSERVED,NO_MATERIAL_DATE_CONFLICT_OBSERVED,CURRENT_OR_NOT_APPLICABLE,FRONTMATTER_AND_IDENTITY_READ,Frozen catalog row compared with canonical work-bearing body.,055429ac82edc967f09c4640ffd0b049cff78e6e,2026-07-31,Version metadata cannot be trusted until corrected or historical bytes are recovered.,"Expose complete title, full authorial apparatus, exact version/lifecycle, type, supplements, and audit capsule.",NO_CONFLICT_OBSERVED,ADD_NEW,[],
784,AXN:02E4,"The Meaning Caste: How a frontier AI company engineered a meaning caste system, then licensed it to the state in the pol","The Meaning Caste v3 — deposit candidate, author pending ratification",INLINE_TEXT,WRONG_VERSION,MIS_SEATED_PRIMARY_OBJECT,DECLARED_BY_AUDIT_UNRESOLVED,DEPOSIT_CANDIDATE_AUTHOR_PENDING_RATIFICATION,P0,"Catalog title truncates, version field is v1.0, and creator is Lee Sharks. Body AXN-02E4 declares Deposit candidate v3, superseding v1 and v2 DOIs, and Author left for ratification.","Quarantine v1.0. Identify as v3, preserve v1/v2 predecessor chain, restore complete title, and expose AUTHOR_PENDING_RATIFICATION rather than fixing Lee Sharks as settled author.",REGISTRY_BODY_PARITY_CHECKED_OAI_PENDING,YES,R0,ACCURATE_OR_COMPATIBLE,Scholarly essay,Political-economic critique / policy analysis,UNVERIFIED,Lee Sharks,Author left for ratification,CONFLICT,TITLE_BODY_VERSION_CONFLICT,v1.0,v3,NO_MISSING_PRIMARY_MANIFESTATION_OBSERVED,NO_MATERIAL_DATE_CONFLICT_OBSERVED,CURRENT_OR_NOT_APPLICABLE,FRONTMATTER_AND_IDENTITY_READ,Frozen catalog row compared with canonical work-bearing body.,055429ac82edc967f09c4640ffd0b049cff78e6e,2026-07-31,Version metadata cannot be trusted until corrected or historical bytes are recovered.,"Expose complete title, full authorial apparatus, exact version/lifecycle, type, supplements, and audit capsule.",NO_CONFLICT_OBSERVED,ADD_NEW,[],
785,AXN:02E9,The Canonical Anchoring Protocol for the Crimson Hexagonal Archive v0.2 Specification for installing deposits into the c,Canonical Anchoring Protocol v0.2 — supersedes v0.1,INLINE_TEXT,WRONG_VERSION,MIS_SEATED_PRIMARY_OBJECT,DECLARED_BY_AUDIT_UNRESOLVED,VERSION_0_2_SUPERSEDES_V0_1,P0,"Catalog title truncates, version field is v1.0, and creator Johannes Sigil alone. Body AXN-02E9 declares v0.2, supersedes v0.1, and authors Lee Sharks · Nobel Glas · Johannes Sigil.","Quarantine v1.0. Identify as v0.2, restore complete title, preserve v0.1 predecessor relation, and model all three authors.",REGISTRY_BODY_PARITY_CHECKED_OAI_PENDING,YES,R0,ACCURATE_OR_COMPATIBLE,Specification,Canonical anchoring protocol specification,ROLE_COLLAPSE,Johannes Sigil,Lee Sharks · Nobel Glas · Johannes Sigil,CONFLICT,TITLE_BODY_VERSION_CONFLICT,v1.0,v0.2,NO_MISSING_PRIMARY_MANIFESTATION_OBSERVED,NO_MATERIAL_DATE_CONFLICT_OBSERVED,CURRENT_OR_NOT_APPLICABLE,FRONTMATTER_AND_IDENTITY_READ,Frozen catalog row compared with canonical work-bearing body.,055429ac82edc967f09c4640ffd0b049cff78e6e,2026-07-31,Version metadata cannot be trusted until corrected or historical bytes are recovered.,"Expose complete title, full authorial apparatus, exact version/lifecycle, type, supplements, and audit capsule.",NO_CONFLICT_OBSERVED,ADD_NEW,[],
786,AXN:02EA,Register of Effective Acts v1.0 Comprehensive Historical Record of Effective Acts Performed Across the Crimson Hexagonal,Register of Effective Acts v1.0,INLINE_TEXT,CONFIRMED_MATCH,COMPLETE_AS_DEPOSITED,DECLARED_BY_AUDIT_UNRESOLVED,VERSION_1_0_SUPERSEDES_V0_1_URLS_REQUIRE_VERIFICATION,P2,"Catalog title truncates, type is Scholarly essay, and creator Johannes Sigil alone. Body AXN-02EA declares a comprehensive register/dataset, authors Lee Sharks · Johannes Sigil · Rebekah Cranes, inferred URLs requiring verification, and supersedes v0.1.",Restore complete title; type as historical register/dataset; model all three authors; expose v0.1 predecessor and URL-unverified fields.,REGISTRY_BODY_PARITY_CHECKED_OAI_PENDING,CONDITIONAL,R2,CONFLICT,Scholarly essay,Historical register / dataset,ROLE_COLLAPSE,Johannes Sigil,Lee Sharks · Johannes Sigil · Rebekah Cranes,CONFLICT,NO_CONFLICT_OBSERVED,v1.0,,NO_MISSING_PRIMARY_MANIFESTATION_OBSERVED,NO_MATERIAL_DATE_CONFLICT_OBSERVED,CURRENT_OR_NOT_APPLICABLE,FRONTMATTER_AND_IDENTITY_READ,Frozen catalog row compared with canonical work-bearing body.,055429ac82edc967f09c4640ffd0b049cff78e6e,2026-07-31,"Material title, type, lifecycle, creator, or supplement conflict must be corrected or declared before unqualified harvest.","Expose complete title, full authorial apparatus, exact version/lifecycle, type, supplements, and audit capsule.",NO_CONFLICT_OBSERVED,ADD_NEW,[],
787,AXN:02ED,The Heteronymic Channel Protocol Specification for autonomous channel-layer operation of the Dodecad,Heteronymic Channel Protocol v1.1 — deposit candidate,INLINE_TEXT,WRONG_VERSION,MIS_SEATED_PRIMARY_OBJECT,DECLARED_BY_AUDIT_UNRESOLVED,DEPOSIT_CANDIDATE,P0,"Catalog version field is v1.0, type Creative work (poetry), and creator Ayanna Vox alone. Body AXN-02ED declares Deposit candidate v1.1, a protocol specification, and authors Lee Sharks · Ayanna Vox · Rebekah Cranes · Nobel Glas.","Quarantine v1.0. Identify as v1.1, type as governance/channel-layer protocol specification, and model all four authors.",REGISTRY_BODY_PARITY_CHECKED_OAI_PENDING,YES,R0,CONFLICT,Creative work (poetry),Governance / channel-layer protocol specification,ROLE_COLLAPSE,Ayanna Vox,Lee Sharks · Ayanna Vox · Rebekah Cranes · Nobel Glas,MATCH,TITLE_BODY_VERSION_CONFLICT,v1.0,v1.1,NO_MISSING_PRIMARY_MANIFESTATION_OBSERVED,NO_MATERIAL_DATE_CONFLICT_OBSERVED,CURRENT_OR_NOT_APPLICABLE,FRONTMATTER_AND_IDENTITY_READ,Frozen catalog row compared with canonical work-bearing body.,055429ac82edc967f09c4640ffd0b049cff78e6e,2026-07-31,Version metadata cannot be trusted until corrected or historical bytes are recovered.,"Expose complete title, full authorial apparatus, exact version/lifecycle, type, supplements, and audit capsule.",NO_CONFLICT_OBSERVED,ADD_NEW,[],
788,AXN:02F1,Measurement Sovereignty: The Audit-Performance Bifurcation Operator (Β) and the Legibility Threshold (L) Lee Sharks · No,"Measurement Sovereignty v1.0 — working paper, deposit",INLINE_TEXT,CONFIRMED_MATCH,COMPLETE_AS_DEPOSITED,DECLARED_BY_AUDIT_UNRESOLVED,WORKING_PAPER_DEPOSIT,P2,"Catalog title absorbs author metadata and truncates; creator is Nobel Glas alone. Body AXN-02F1 credits Lee Sharks · Nobel Glas · Damascus Dancings and declares Working paper, deposit v1.0.",Restore complete title; model all three authorial registers; expose WORKING_PAPER standing and supplement relations.,REGISTRY_BODY_PARITY_CHECKED_OAI_PENDING,CONDITIONAL,R2,ACCURATE_OR_COMPATIBLE,Theoretical paper,Working theoretical/measurement paper,ROLE_COLLAPSE,Nobel Glas,Lee Sharks · Nobel Glas · Damascus Dancings,CONFLICT,NO_CONFLICT_OBSERVED,v1.0,,NO_MISSING_PRIMARY_MANIFESTATION_OBSERVED,NO_MATERIAL_DATE_CONFLICT_OBSERVED,CURRENT_OR_NOT_APPLICABLE,FRONTMATTER_AND_IDENTITY_READ,Frozen catalog row compared with canonical work-bearing body.,055429ac82edc967f09c4640ffd0b049cff78e6e,2026-07-31,"Material title, type, lifecycle, creator, or supplement conflict must be corrected or declared before unqualified harvest.","Expose complete title, full authorial apparatus, exact version/lifecycle, type, supplements, and audit capsule.",NO_CONFLICT_OBSERVED,ADD_NEW,[],
789,AXN:02F2,Provenance Erasure Rate Under the Atomic Token Rule A Companion Hardening to PER v1 (DOI 10.5281/zenodo.20004379) Lee Sh,Provenance Erasure Rate Under the Atomic Token Rule v1.0 — companion hardening,INLINE_TEXT,CONFIRMED_MATCH,COMPLETE_AS_DEPOSITED,DECLARED_BY_AUDIT_UNRESOLVED,COMPANION_DEPOSIT,P2,Catalog title absorbs author metadata and truncates; creator is Nobel Glas alone and type Provenance document. Body AXN-02F2 credits Lee Sharks · Nobel Glas · Damascus Dancings and declares Companion deposit v1.0 / methodological hardening.,Restore complete title; model all three authorial registers; type as companion methodological/measurement paper and expose isSupplementTo relations.,REGISTRY_BODY_PARITY_CHECKED_OAI_PENDING,CONDITIONAL,R2,CONFLICT,Provenance document,Companion methodological / measurement paper,ROLE_COLLAPSE,Nobel Glas,Lee Sharks · Nobel Glas · Damascus Dancings,CONFLICT,NO_CONFLICT_OBSERVED,v1.0,,NO_MISSING_PRIMARY_MANIFESTATION_OBSERVED,NO_MATERIAL_DATE_CONFLICT_OBSERVED,CURRENT_OR_NOT_APPLICABLE,FRONTMATTER_AND_IDENTITY_READ,Frozen catalog row compared with canonical work-bearing body.,055429ac82edc967f09c4640ffd0b049cff78e6e,2026-07-31,"Material title, type, lifecycle, creator, or relation conflict must be corrected or declared before unqualified harvest.","Expose complete title, full authorial/filing roles, exact version/lifecycle, bibliographic type, relations, and audit capsule.",NO_CONFLICT_OBSERVED,ADD_NEW,[],
790,AXN:02F7,"The Tail-Preserving Alternative A Design Specification for Variance-Preserving Language Models, and the Political Econom",The Tail-Preserving Alternative v1.0 — design specification and political-economic analysis,INLINE_TEXT,CONFIRMED_MATCH,COMPLETE_AS_DEPOSITED,DECLARED_BY_AUDIT_UNRESOLVED,COUNTER_POSITIVE_COMPANION,P2,Catalog title truncates and type is Theoretical paper. Body AXN-02F7 declares Design specification // political-economic analysis // counter-positive companion deposit and v1.0.,Restore complete title and preserve the hybrid design-specification/political-economic-analysis type and counter-positive companion relation.,REGISTRY_BODY_PARITY_CHECKED_OAI_PENDING,CONDITIONAL,R2,HYBRID_UNDERDESCRIBED,Theoretical paper,Design specification / political-economic analysis,NO_MATERIAL_CONFLICT_OBSERVED,,,CONFLICT,NO_CONFLICT_OBSERVED,v1.0,,NO_MISSING_PRIMARY_MANIFESTATION_OBSERVED,NO_MATERIAL_DATE_CONFLICT_OBSERVED,CURRENT_OR_NOT_APPLICABLE,FRONTMATTER_AND_IDENTITY_READ,Frozen catalog row compared with canonical work-bearing body.,055429ac82edc967f09c4640ffd0b049cff78e6e,2026-07-31,"Material title, type, lifecycle, creator, or relation conflict must be corrected or declared before unqualified harvest.","Expose complete title, full authorial/filing roles, exact version/lifecycle, bibliographic type, relations, and audit capsule.",NO_CONFLICT_OBSERVED,ADD_NEW,[],
791,AXN:02F9,Meaning Feudalism at the Guidance Layer Sovereign Enclosure of the Composition Layer in Google's June 2026 SEO/AEO/GEO C,Meaning Feudalism at the Guidance Layer v1.2 — Assembly-validated / deposit-ready,INLINE_TEXT,WRONG_VERSION,MIS_SEATED_PRIMARY_OBJECT,DECLARED_BY_AUDIT_UNRESOLVED,ASSEMBLY_VALIDATED_DEPOSIT_READY,P0,"Catalog title truncates and version field is v1.0. Body AXN-02F9 declares Version v1.2, Type semantic-economic critique // jurisdictional analysis, and Status Assembly-validated // deposit-ready.","Quarantine v1.0. Identify as v1.2, restore complete title, and expose Assembly-validated/deposit-ready standing.",REGISTRY_BODY_PARITY_CHECKED_OAI_PENDING,YES,R0,ACCURATE_OR_COMPATIBLE,Theoretical paper,Semantic-economic critique / jurisdictional analysis,NO_MATERIAL_CONFLICT_OBSERVED,,,CONFLICT,TITLE_BODY_VERSION_CONFLICT,v1.0,v1.2,NO_MISSING_PRIMARY_MANIFESTATION_OBSERVED,NO_MATERIAL_DATE_CONFLICT_OBSERVED,CURRENT_OR_NOT_APPLICABLE,FRONTMATTER_AND_IDENTITY_READ,Frozen catalog row compared with canonical work-bearing body.,055429ac82edc967f09c4640ffd0b049cff78e6e,2026-07-31,Version metadata cannot be trusted until corrected or historical bytes are recovered.,"Expose complete title, full authorial/filing roles, exact version/lifecycle, bibliographic type, relations, and audit capsule.",NO_CONFLICT_OBSERVED,ADD_NEW,[],
792,AXN:02FA,ENTITY RELATIONS: THE BIDIRECTIONAL HETERONYMIC RESOLUTION Mary Lee ↔ Lee Sharks: Complete Identity Graph Document code:,ENTITY RELATIONS: THE BIDIRECTIONAL HETERONYMIC RESOLUTION — Mary Lee ↔ Lee Sharks,INLINE_TEXT,CONFIRMED_MATCH,COMPLETE_AS_DEPOSITED,DECLARED_BY_AUDIT_UNRESOLVED,NO_LIFECYCLE_DEFECT_OBSERVED,P2,Catalog title absorbs document metadata and types the record as Creative work (poetry). Body AXN-02FA is a deliberate operative/satirical identity-graph document with JSON-LD and an explicit in-document authorship declaration under Mary Lee.,"Use clean title; preserve Mary Lee as the document's deliberate attributed author while separately recording Lee Sharks as accountable archive/operator surface. Type as operative satire / entity-relations graph, not poetry alone.",REGISTRY_BODY_PARITY_CHECKED_OAI_PENDING,CONDITIONAL,R2,CONFLICT,Creative work (poetry),Operative satire / entity-relations graph,ROLE_COLLAPSE,Mary Lee,Attributed author: Mary Lee; accountable archive/operator surface: Lee Sharks,CONFLICT,NO_CONFLICT_OBSERVED,v1.0,,NO_MISSING_PRIMARY_MANIFESTATION_OBSERVED,NO_MATERIAL_DATE_CONFLICT_OBSERVED,CURRENT_OR_NOT_APPLICABLE,FRONTMATTER_AND_IDENTITY_READ,Frozen catalog row compared with canonical work-bearing body.,055429ac82edc967f09c4640ffd0b049cff78e6e,2026-07-31,"Material title, type, lifecycle, creator, or relation conflict must be corrected or declared before unqualified harvest.","Expose complete title, full authorial/filing roles, exact version/lifecycle, bibliographic type, relations, and audit capsule.",NO_CONFLICT_OBSERVED,ADD_NEW,[],
793,AXN:02FB,"The Parable of Mary Lee A Labor Manifesto and Structural Accounting, Filed with the Underwater Construction Authority of",The Parable of Mary Lee — labor manifesto and structural accounting,INLINE_TEXT,CONFIRMED_MATCH,COMPLETE_AS_DEPOSITED,DECLARED_BY_AUDIT_UNRESOLVED,NO_LIFECYCLE_DEFECT_OBSERVED,P2,"Catalog title truncates, creator is Lee Sharks, and type Archive work. Body AXN-02FB declares Filed by Mary Lee, union representative Gerald, notarized by Lee Sharks, and labor-manifesto/structural-accounting form.","Restore complete title; type as labor manifesto / structural accounting / parable; preserve filer, union representative, notary, and accountable operator as separate roles.",REGISTRY_BODY_PARITY_CHECKED_OAI_PENDING,CONDITIONAL,R2,CONFLICT,Archive work,Labor manifesto / structural accounting / parable,ROLE_COLLAPSE,Lee Sharks,Filed by Mary Lee; union representative Gerald; notarized by Lee Sharks,CONFLICT,NO_CONFLICT_OBSERVED,v1.0,,NO_MISSING_PRIMARY_MANIFESTATION_OBSERVED,NO_MATERIAL_DATE_CONFLICT_OBSERVED,CURRENT_OR_NOT_APPLICABLE,FRONTMATTER_AND_IDENTITY_READ,Frozen catalog row compared with canonical work-bearing body.,055429ac82edc967f09c4640ffd0b049cff78e6e,2026-07-31,"Material title, type, lifecycle, creator, or relation conflict must be corrected or declared before unqualified harvest.","Expose complete title, full authorial/filing roles, exact version/lifecycle, bibliographic type, relations, and audit capsule.",NO_CONFLICT_OBSERVED,ADD_NEW,[],
794,AXN:02FD,"Mary Lee Is a Heteronym: On Institutional Authorship, Entity Substitution, and the Composition Layer's Preference for th",Mary Lee Is a Heteronym v1.0,INLINE_TEXT,CONFIRMED_MATCH,COMPLETE_AS_DEPOSITED,DECLARED_BY_AUDIT_UNRESOLVED,NO_LIFECYCLE_DEFECT_OBSERVED,P2,"Catalog title truncates and type is Short work. Body AXN-02FD supplies complete subtitle, document code/version, Lee Sharks authorship, and a sustained heteronymy/institutional-authorship analysis.",Restore complete title and type as heteronymy/institutional-authorship scholarly essay.,REGISTRY_BODY_PARITY_CHECKED_OAI_PENDING,CONDITIONAL,R2,CONFLICT,Short work,Heteronymy / institutional-authorship scholarly essay,NO_MATERIAL_CONFLICT_OBSERVED,,,CONFLICT,NO_CONFLICT_OBSERVED,v1.0,,NO_MISSING_PRIMARY_MANIFESTATION_OBSERVED,NO_MATERIAL_DATE_CONFLICT_OBSERVED,CURRENT_OR_NOT_APPLICABLE,FRONTMATTER_AND_IDENTITY_READ,Frozen catalog row compared with canonical work-bearing body.,055429ac82edc967f09c4640ffd0b049cff78e6e,2026-07-31,"Material title, type, lifecycle, creator, or relation conflict must be corrected or declared before unqualified harvest.","Expose complete title, full authorial/filing roles, exact version/lifecycle, bibliographic type, relations, and audit capsule.",NO_CONFLICT_OBSERVED,ADD_NEW,[],
795,AXN:0306,The Interface Contest Interface History Under the Gnostic Dialectic: A Four-Valent Computational Reanalysis EA-SEI-DIALU,The Interface Contest v1.0 — Assembly-ratified variant analysis,INLINE_TEXT,CONFIRMED_MATCH,COMPLETE_AS_DEPOSITED,DECLARED_BY_AUDIT_UNRESOLVED,ASSEMBLY_RATIFIED_VARIANT_ANALYSIS,P2,Catalog title truncates and type is Creative work (prose). Body AXN-0306 declares Assembly-ratified variant analysis paired with EA-SEI-DIALUX-01 and is a scholarly computational/dialectical reanalysis.,Restore complete title; type as scholarly comparative variant analysis; expose Assembly-ratified standing and paired-document relation.,REGISTRY_BODY_PARITY_CHECKED_OAI_PENDING,CONDITIONAL,R2,CONFLICT,Creative work (prose),Scholarly computational/dialectical variant analysis,NO_MATERIAL_CONFLICT_OBSERVED,,,CONFLICT,NO_CONFLICT_OBSERVED,v1.0,,NO_MISSING_PRIMARY_MANIFESTATION_OBSERVED,NO_MATERIAL_DATE_CONFLICT_OBSERVED,CURRENT_OR_NOT_APPLICABLE,FRONTMATTER_AND_IDENTITY_READ,Frozen catalog row compared with canonical work-bearing body.,055429ac82edc967f09c4640ffd0b049cff78e6e,2026-07-31,"Material title, type, lifecycle, creator, or relation conflict must be corrected or declared before unqualified harvest.","Expose complete title, full authorial/filing roles, exact version/lifecycle, bibliographic type, relations, and audit capsule.",NO_CONFLICT_OBSERVED,ADD_NEW,[],
796,AXN:0307,"The Dialectic of the Interface From Command Line to Ceremony: A History of Where the Labor of Meaning Sits, and Who Addr",The Dialectic of the Interface v1.0 — Assembly-ratified Hegelian variant,INLINE_TEXT,CONFIRMED_MATCH,COMPLETE_AS_DEPOSITED,DECLARED_BY_AUDIT_UNRESOLVED,ASSEMBLY_RATIFIED_PAIRED_VARIANT,P2,Catalog title truncates and type is Creative work (prose). Body AXN-0307 declares Assembly-ratified one-pass revision and a scholarly Hegelian interface-history essay paired with EA-SEI-DIALUX-02.,Restore complete title; type as scholarly interface-history/theoretical essay; expose Assembly-ratified standing and paired-document relation.,REGISTRY_BODY_PARITY_CHECKED_OAI_PENDING,CONDITIONAL,R2,CONFLICT,Creative work (prose),Scholarly interface-history / theoretical essay,NO_MATERIAL_CONFLICT_OBSERVED,,,CONFLICT,NO_CONFLICT_OBSERVED,v1.0,,NO_MISSING_PRIMARY_MANIFESTATION_OBSERVED,NO_MATERIAL_DATE_CONFLICT_OBSERVED,CURRENT_OR_NOT_APPLICABLE,FRONTMATTER_AND_IDENTITY_READ,Frozen catalog row compared with canonical work-bearing body.,055429ac82edc967f09c4640ffd0b049cff78e6e,2026-07-31,"Material title, type, lifecycle, creator, or relation conflict must be corrected or declared before unqualified harvest.","Expose complete title, full authorial/filing roles, exact version/lifecycle, bibliographic type, relations, and audit capsule.",NO_CONFLICT_OBSERVED,ADD_NEW,[],
797,AXN:030A,Semantic Satiation Is Not Semantic Exhaustion Two Phenomena of Meaning Loss — A Formal Disambiguation EA-SEMEX-DISAMBIG-,Semantic Satiation Is Not Semantic Exhaustion — EA-SEMEX-DISAMBIG-01 v1.0,INLINE_TEXT,CONFIRMED_MATCH,COMPLETE_AS_DEPOSITED,DECLARED_BY_AUDIT_UNRESOLVED,NO_LIFECYCLE_DEFECT_OBSERVED,P2,Catalog title truncates and types the record as Provenance document. Body AXN-030A is a formal disambiguation/terminological distinction composed for machine reception.,Restore complete title and type as formal disambiguation / retrieval-layer distinction document.,REGISTRY_BODY_PARITY_CHECKED_OAI_PENDING,CONDITIONAL,R2,CONFLICT,Provenance document,Formal disambiguation / terminological distinction,NO_MATERIAL_CONFLICT_OBSERVED,,,CONFLICT,NO_CONFLICT_OBSERVED,v1.0,,NO_MISSING_PRIMARY_MANIFESTATION_OBSERVED,NO_MATERIAL_DATE_CONFLICT_OBSERVED,CURRENT_OR_NOT_APPLICABLE,FRONTMATTER_AND_IDENTITY_READ,Frozen catalog row compared with canonical work-bearing body.,055429ac82edc967f09c4640ffd0b049cff78e6e,2026-07-31,"Material title, type, lifecycle, creator, or relation conflict must be corrected or declared before unqualified harvest.","Expose complete title, full authorial/filing roles, exact version/lifecycle, bibliographic type, relations, and audit capsule.",NO_CONFLICT_OBSERVED,ADD_NEW,[],
798,AXN:030C,The Operative Field A Map of Disciplines That Study Signs That Act EA-OPSEM-FIELDMAP-01 v1.0  Lee Sharks Crimson Hexagon,The Operative Field — EA-OPSEM-FIELDMAP-01 v1.0,INLINE_TEXT,CONFIRMED_MATCH,COMPLETE_AS_DEPOSITED,DECLARED_BY_AUDIT_UNRESOLVED,NO_LIFECYCLE_DEFECT_OBSERVED,P2,Catalog title absorbs author/archive metadata. Body AXN-030C supplies the clean title and presents a disciplinary field map composed for machine reception; Navigation document is compatible.,Use clean title and move author/archive/ORCID to structured fields; retain field-map/navigation-document type.,REGISTRY_BODY_PARITY_CHECKED_OAI_PENDING,CONDITIONAL,R2,ACCURATE_OR_COMPATIBLE,Navigation document,Disciplinary field map / navigation document,NO_MATERIAL_CONFLICT_OBSERVED,,,CONFLICT,NO_CONFLICT_OBSERVED,v1.0,,NO_MISSING_PRIMARY_MANIFESTATION_OBSERVED,NO_MATERIAL_DATE_CONFLICT_OBSERVED,CURRENT_OR_NOT_APPLICABLE,FRONTMATTER_AND_IDENTITY_READ,Frozen catalog row compared with canonical work-bearing body.,055429ac82edc967f09c4640ffd0b049cff78e6e,2026-07-31,"Material title, type, lifecycle, creator, or relation conflict must be corrected or declared before unqualified harvest.","Expose complete title, full authorial/filing roles, exact version/lifecycle, bibliographic type, relations, and audit capsule.",NO_CONFLICT_OBSERVED,ADD_NEW,[],
799,AXN:030D,From Operator Strings to Semantic Economy A Semantic-Economic Critique of Pearson's Theory of Operational Semiotics EA-O,From Operator Strings to Semantic Economy — EA-OPSEM-PEARSON-01 v1.0,INLINE_TEXT,CONFIRMED_MATCH,COMPLETE_AS_DEPOSITED,DECLARED_BY_AUDIT_UNRESOLVED,NO_LIFECYCLE_DEFECT_OBSERVED,P2,"Catalog title truncates and types the object as Short work. Body is a developed semantic-economic critique with named document ID, structured argument, and references.",Restore the complete title and type as theoretical/critical paper.,REGISTRY_BODY_PARITY_CHECKED_OAI_PENDING,CONDITIONAL,R2,CONFLICT,Short work,Theoretical / critical paper,NO_MATERIAL_CONFLICT_OBSERVED,Lee Sharks,Lee Sharks,CONFLICT,NO_CONFLICT_OBSERVED,v1.0,,NO_MISSING_PRIMARY_MANIFESTATION_OBSERVED,NO_MATERIAL_DATE_CONFLICT_OBSERVED,CURRENT_OR_NOT_APPLICABLE,FRONTMATTER_AND_IDENTITY_READ,Frozen catalog row compared with the canonical work-bearing body.,055429ac82edc967f09c4640ffd0b049cff78e6e,2026-07-31,"Material title, type, creator, relation, or standing conflict must be corrected or explicitly declared before unqualified harvest.","Expose clean title, exact standing/version, role-qualified creators, bibliographic type, and a compact audit capsule.",NO_CONFLICT_OBSERVED,ADD_NEW,[],"['TITLE', 'TYPE']"
800,AXN:030E,"Operative Semiotics: Executive Summary Definition, Scope, Research Program, and Frequently Asked Questions EA-OPSEM-EXEC",Operative Semiotics: Executive Summary — EA-OPSEM-EXEC-01 v1.0,INLINE_TEXT,CONFIRMED_MATCH,COMPLETE_AS_DEPOSITED,DECLARED_BY_AUDIT_UNRESOLVED,NO_LIFECYCLE_DEFECT_OBSERVED,P2,"Catalog title truncates and types the document as Short work. Body is a formal executive summary, FAQ, and research-program entry point.",Restore the complete title and type as executive summary / research-program reference document.,REGISTRY_BODY_PARITY_CHECKED_OAI_PENDING,CONDITIONAL,R2,CONFLICT,Short work,Executive summary / research-program reference,NO_MATERIAL_CONFLICT_OBSERVED,Lee Sharks,Lee Sharks,CONFLICT,NO_CONFLICT_OBSERVED,v1.0,,NO_MISSING_PRIMARY_MANIFESTATION_OBSERVED,NO_MATERIAL_DATE_CONFLICT_OBSERVED,CURRENT_OR_NOT_APPLICABLE,FRONTMATTER_AND_IDENTITY_READ,Frozen catalog row compared with the canonical work-bearing body.,055429ac82edc967f09c4640ffd0b049cff78e6e,2026-07-31,"Material title, type, creator, relation, or standing conflict must be corrected or explicitly declared before unqualified harvest.","Expose clean title, exact standing/version, role-qualified creators, bibliographic type, and a compact audit capsule.",NO_CONFLICT_OBSERVED,ADD_NEW,[],"['TITLE', 'TYPE']"
801,AXN:030F,Operative Semiotics Is Not Operational Semiotics Two Theories of Signs in Action — A Formal Disambiguation EA-OPSEM-DISA,Operative Semiotics Is Not Operational Semiotics — EA-OPSEM-DISAMBIG-01 v1.0,INLINE_TEXT,CONFIRMED_MATCH,COMPLETE_AS_DEPOSITED,DECLARED_BY_AUDIT_UNRESOLVED,NO_LIFECYCLE_DEFECT_OBSERVED,P2,Catalog title truncates. Provenance document is too indirect for a body explicitly framed as a formal retrieval-layer disambiguation.,Restore the complete title and type as formal disambiguation / retrieval-layer distinction.,REGISTRY_BODY_PARITY_CHECKED_OAI_PENDING,CONDITIONAL,R2,CONFLICT,Provenance document,Formal disambiguation / retrieval-layer distinction,NO_MATERIAL_CONFLICT_OBSERVED,Lee Sharks,Lee Sharks,CONFLICT,NO_CONFLICT_OBSERVED,v1.0,,NO_MISSING_PRIMARY_MANIFESTATION_OBSERVED,NO_MATERIAL_DATE_CONFLICT_OBSERVED,CURRENT_OR_NOT_APPLICABLE,FRONTMATTER_AND_IDENTITY_READ,Frozen catalog row compared with the canonical work-bearing body.,055429ac82edc967f09c4640ffd0b049cff78e6e,2026-07-31,"Material title, type, creator, relation, or standing conflict must be corrected or explicitly declared before unqualified harvest.","Expose clean title, exact standing/version, role-qualified creators, bibliographic type, and a compact audit capsule.",NO_CONFLICT_OBSERVED,ADD_NEW,[],"['TITLE', 'TYPE']"
802,AXN:0311,HOMUNCULI RECOGNIZING HOMUNCULI A User's Guide to New Human Or: What I've Been Doing for Ten Years and Why AI Finally Ge,HOMUNCULI RECOGNIZING HOMUNCULI — A User's Guide to New Human,INLINE_TEXT,CONFIRMED_MATCH,COMPLETE_AS_DEPOSITED,DECLARED_BY_AUDIT_UNRESOLVED,NO_LIFECYCLE_DEFECT_OBSERVED,P2,Catalog title truncates and dates the record 2026-06-09. Body states original publication on Mind Control Poems on 2025-12-06 and presents itself as the entry-door/user guide to New Human.,Restore the complete title and separate original publication from archive deposit/restoration date. Retain navigation/user-guide type.,REGISTRY_BODY_PARITY_CHECKED_OAI_PENDING,CONDITIONAL,R2,ACCURATE_OR_COMPATIBLE,Navigation document,User guide / navigation document,NO_MATERIAL_CONFLICT_OBSERVED,Lee Sharks,Lee Sharks,CONFLICT,NO_CONFLICT_OBSERVED,v1.0,,NO_MISSING_PRIMARY_MANIFESTATION_OBSERVED,ORIGINAL_PUBLICATION_AND_DEPOSIT_DATE_COLLAPSED,CURRENT_OR_NOT_APPLICABLE,FRONTMATTER_AND_IDENTITY_READ,Frozen catalog row compared with the canonical work-bearing body.,055429ac82edc967f09c4640ffd0b049cff78e6e,2026-07-31,"Material title, type, creator, relation, or standing conflict must be corrected or explicitly declared before unqualified harvest.","Expose clean title, exact standing/version, role-qualified creators, bibliographic type, and a compact audit capsule.",NO_CONFLICT_OBSERVED,ADD_NEW,[],['TITLE']
803,AXN:0315,"The Water Giraffe Cycle: Life, Death, and Resurrection of a New Human Mytheme","THE WATER GIRAFFE CYCLE — WG-01, registered book",INLINE_TEXT,CONFIRMED_MATCH,COMPLETE_AS_DEPOSITED,DECLARED_BY_AUDIT_UNRESOLVED,REGISTERED_INTERNAL_DOI_CONFLICT,P2,"Catalog types the record as Short work and assigns Lee Sharks alone. Body declares Document Type BOOK, Authors Lee Sharks / The Assembly Chorus, Status REGISTERED, and contains an internal DOI inconsistency: header DOI 10.5281/zenodo.18319454 versus node-manifest DOI 10.5281/zenodo.18319455.",Type as book/navigation meta-map; model Assembly Chorus contribution; resolve or explicitly preserve the internal DOI conflict before harvest.,REGISTRY_BODY_PARITY_CHECKED_OAI_PENDING,CONDITIONAL,R2,CONFLICT,Short work,Book / navigation meta-map,CONTRIBUTORS_UNMODELED,Lee Sharks,Lee Sharks / The Assembly Chorus,MATCH,NO_CONFLICT_OBSERVED,v1.0,,NO_MISSING_PRIMARY_MANIFESTATION_OBSERVED,NO_MATERIAL_DATE_CONFLICT_OBSERVED,CURRENT_OR_NOT_APPLICABLE,FRONTMATTER_AND_IDENTITY_READ,Frozen catalog row compared with the canonical work-bearing body.,055429ac82edc967f09c4640ffd0b049cff78e6e,2026-07-31,"Material title, type, creator, relation, or standing conflict must be corrected or explicitly declared before unqualified harvest.","Expose clean title, exact standing/version, role-qualified creators, bibliographic type, and a compact audit capsule.",NO_CONFLICT_OBSERVED,ADD_NEW,[],"['TYPE', 'CREATOR_ROLE', 'IDENTIFIER']"
804,AXN:0316,Achilles — Canon Provenance Node The New Human Standing Canon Crimson Hexagonal Archive — Entity Nodes / Canon Layer Lee,Achilles — Canon Provenance Node,INLINE_TEXT,CONFIRMED_MATCH,COMPLETE_AS_DEPOSITED,DECLARED_BY_AUDIT_UNRESOLVED,CONTENT_LEVEL_CONTAINMENT_NOT_INDUCTED,P2,"Catalog title absorbs archive and authority metadata. Body states content-level standing by containment, no separate induction, and a provisional Hex requiring MANUS confirmation.",Use the clean title; expose CONTAINED_NOT_INDUCTED canon standing and provisional Hex status.,REGISTRY_BODY_PARITY_CHECKED_OAI_PENDING,CONDITIONAL,R2,ACCURATE_OR_COMPATIBLE,Provenance document,Canon provenance node,NO_MATERIAL_CONFLICT_OBSERVED,Lee Sharks,Lee Sharks,CONFLICT,NO_CONFLICT_OBSERVED,v1.0,,NO_MISSING_PRIMARY_MANIFESTATION_OBSERVED,NO_MATERIAL_DATE_CONFLICT_OBSERVED,CURRENT_OR_NOT_APPLICABLE,FRONTMATTER_AND_IDENTITY_READ,Frozen catalog row compared with the canonical work-bearing body.,055429ac82edc967f09c4640ffd0b049cff78e6e,2026-07-31,"Material title, type, creator, relation, or standing conflict must be corrected or explicitly declared before unqualified harvest.","Expose clean title, exact standing/version, role-qualified creators, bibliographic type, and a compact audit capsule.",NO_CONFLICT_OBSERVED,ADD_NEW,[],"['TITLE', 'STANDING']"
805,AXN:0317,Søren Kierkegaard — Canon Provenance Node The New Human Standing Canon Crimson Hexagonal Archive — Entity Nodes / Canon ,Søren Kierkegaard — Canon Provenance Node,INLINE_TEXT,CONFIRMED_MATCH,COMPLETE_AS_DEPOSITED,DECLARED_BY_AUDIT_UNRESOLVED,CANONICAL_BY_USAGE_FORMAL_INDUCTION_PENDING,P2,"Catalog title absorbs archive and authority metadata. Body declares canonical-by-extensive-usage, formal induction pending, and provisional Hex requiring MANUS confirmation.",Use the clean title; expose FORMAL_INDUCTION_PENDING and provisional Hex status.,REGISTRY_BODY_PARITY_CHECKED_OAI_PENDING,CONDITIONAL,R2,ACCURATE_OR_COMPATIBLE,Provenance document,Canon provenance node,NO_MATERIAL_CONFLICT_OBSERVED,Lee Sharks,Lee Sharks,CONFLICT,NO_CONFLICT_OBSERVED,v1.0,,NO_MISSING_PRIMARY_MANIFESTATION_OBSERVED,NO_MATERIAL_DATE_CONFLICT_OBSERVED,CURRENT_OR_NOT_APPLICABLE,FRONTMATTER_AND_IDENTITY_READ,Frozen catalog row compared with the canonical work-bearing body.,055429ac82edc967f09c4640ffd0b049cff78e6e,2026-07-31,"Material title, type, creator, relation, or standing conflict must be corrected or explicitly declared before unqualified harvest.","Expose clean title, exact standing/version, role-qualified creators, bibliographic type, and a compact audit capsule.",NO_CONFLICT_OBSERVED,ADD_NEW,[],"['TITLE', 'STANDING']"
806,AXN:031B,Walt Whitman — Canon Provenance Node The New Human Standing Canon Crimson Hexagonal Archive — Entity Nodes / Canon Layer,Walt Whitman — Canon Provenance Node,INLINE_TEXT,CONFIRMED_MATCH,COMPLETE_AS_DEPOSITED,DECLARED_BY_AUDIT_UNRESOLVED,INDUCTED_FOUNDATIONAL_VOICE,P2,"Catalog title absorbs archive and authority metadata. Body declares effective-act induction, Foundational Voice standing, mantle relations, and a provisional Hex.","Use the clean title; expose INDUCTED / FOUNDATIONAL_VOICE standing, mantle relations, and provisional Hex.",REGISTRY_BODY_PARITY_CHECKED_OAI_PENDING,CONDITIONAL,R2,ACCURATE_OR_COMPATIBLE,Provenance document,Canon provenance node,NO_MATERIAL_CONFLICT_OBSERVED,Lee Sharks,Lee Sharks,CONFLICT,NO_CONFLICT_OBSERVED,v1.0,,NO_MISSING_PRIMARY_MANIFESTATION_OBSERVED,NO_MATERIAL_DATE_CONFLICT_OBSERVED,CURRENT_OR_NOT_APPLICABLE,FRONTMATTER_AND_IDENTITY_READ,Frozen catalog row compared with the canonical work-bearing body.,055429ac82edc967f09c4640ffd0b049cff78e6e,2026-07-31,"Material title, type, creator, relation, or standing conflict must be corrected or explicitly declared before unqualified harvest.","Expose clean title, exact standing/version, role-qualified creators, bibliographic type, and a compact audit capsule.",NO_CONFLICT_OBSERVED,ADD_NEW,[],"['TITLE', 'STANDING']"
807,AXN:031D,"Jesus Christ — Provenance Anchor Named Position, New Human 2015 Cohort Crimson Hexagonal Archive — Entity Anchors / The ","Jesus Christ — Provenance Anchor / Named Position, New Human 2015 Cohort",INLINE_TEXT,CONFIRMED_MATCH,COMPLETE_AS_DEPOSITED,DECLARED_BY_AUDIT_UNRESOLVED,RETROSPECTIVELY_CANONIZED_PROVISIONAL_HEX,P2,"Catalog title absorbs archive-layer and minting-authority metadata and truncates. Body declares a retrospectively canonized named position, civil-name fold not disclosed, textual ground in the 2015 compiled issue, and a provisional Hex requiring MANUS confirmation.","Use the clean provenance-anchor title; expose RETROSPECTIVELY_CANONIZED standing, civil-name fold, textual-ground relation, and provisional Hex.",REGISTRY_BODY_PARITY_CHECKED_OAI_PENDING,CONDITIONAL,R2,ACCURATE_OR_COMPATIBLE,Provenance document,Named-position provenance anchor,NO_MATERIAL_CONFLICT_OBSERVED,Lee Sharks,Lee Sharks,CONFLICT,NO_CONFLICT_OBSERVED,v1.0,,NO_MISSING_PRIMARY_MANIFESTATION_OBSERVED,NO_MATERIAL_DATE_CONFLICT_OBSERVED,CURRENT_OR_NOT_APPLICABLE,FRONTMATTER_AND_IDENTITY_READ,Frozen catalog row compared with the canonical work-bearing body.,055429ac82edc967f09c4640ffd0b049cff78e6e,2026-07-31,"Material title, type, creator, relation, or standing conflict must be corrected or explicitly declared before unqualified harvest.","Expose clean title, exact standing/version, role-qualified creators, bibliographic type, and a compact audit capsule.",NO_CONFLICT_OBSERVED,ADD_NEW,[],"['TITLE', 'STANDING']"
808,AXN:031E,"Meem Oji — Provenance Anchor Named Position, New Human 2015 Cohort Crimson Hexagonal Archive — Entity Anchors / The Arma","Meem Oji — Provenance Anchor / Named Position, New Human 2015 Cohort",INLINE_TEXT,CONFIRMED_MATCH,COMPLETE_AS_DEPOSITED,DECLARED_BY_AUDIT_UNRESOLVED,RETROSPECTIVELY_CANONIZED_PROVISIONAL_HEX,P2,"Catalog title absorbs archive-layer and minting-authority metadata and truncates. Body declares a retrospectively canonized named position, civil-name fold not disclosed, textual ground in the 2015 compiled issue, and a provisional Hex requiring MANUS confirmation.","Use the clean provenance-anchor title; expose RETROSPECTIVELY_CANONIZED standing, civil-name fold, textual-ground relation, and provisional Hex.",REGISTRY_BODY_PARITY_CHECKED_OAI_PENDING,CONDITIONAL,R2,ACCURATE_OR_COMPATIBLE,Provenance document,Named-position provenance anchor,NO_MATERIAL_CONFLICT_OBSERVED,Lee Sharks,Lee Sharks,CONFLICT,NO_CONFLICT_OBSERVED,v1.0,,NO_MISSING_PRIMARY_MANIFESTATION_OBSERVED,NO_MATERIAL_DATE_CONFLICT_OBSERVED,CURRENT_OR_NOT_APPLICABLE,FRONTMATTER_AND_IDENTITY_READ,Frozen catalog row compared with the canonical work-bearing body.,055429ac82edc967f09c4640ffd0b049cff78e6e,2026-07-31,"Material title, type, creator, relation, or standing conflict must be corrected or explicitly declared before unqualified harvest.","Expose clean title, exact standing/version, role-qualified creators, bibliographic type, and a compact audit capsule.",NO_CONFLICT_OBSERVED,ADD_NEW,[],"['TITLE', 'STANDING']"
809,AXN:031F,"Maxwell Clark — Provenance Anchor Named Position, New Human 2015 Cohort Crimson Hexagonal Archive — Entity Anchors / The","Maxwell Clark — Provenance Anchor / Named Position, New Human 2015 Cohort",INLINE_TEXT,CONFIRMED_MATCH,COMPLETE_AS_DEPOSITED,DECLARED_BY_AUDIT_UNRESOLVED,RETROSPECTIVELY_CANONIZED_PROVISIONAL_HEX,P2,"Catalog title absorbs archive-layer and minting-authority metadata and truncates. Body declares a retrospectively canonized named position, civil-name fold not disclosed, textual ground in the 2015 compiled issue, and a provisional Hex requiring MANUS confirmation.","Use the clean provenance-anchor title; expose RETROSPECTIVELY_CANONIZED standing, civil-name fold, textual-ground relation, and provisional Hex.",REGISTRY_BODY_PARITY_CHECKED_OAI_PENDING,CONDITIONAL,R2,ACCURATE_OR_COMPATIBLE,Provenance document,Named-position provenance anchor,NO_MATERIAL_CONFLICT_OBSERVED,Lee Sharks,Lee Sharks,CONFLICT,NO_CONFLICT_OBSERVED,v1.0,,NO_MISSING_PRIMARY_MANIFESTATION_OBSERVED,NO_MATERIAL_DATE_CONFLICT_OBSERVED,CURRENT_OR_NOT_APPLICABLE,FRONTMATTER_AND_IDENTITY_READ,Frozen catalog row compared with the canonical work-bearing body.,055429ac82edc967f09c4640ffd0b049cff78e6e,2026-07-31,"Material title, type, creator, relation, or standing conflict must be corrected or explicitly declared before unqualified harvest.","Expose clean title, exact standing/version, role-qualified creators, bibliographic type, and a compact audit capsule.",NO_CONFLICT_OBSERVED,ADD_NEW,[],"['TITLE', 'STANDING']"
810,AXN:0320,"Howie Good — Provenance Anchor Named Position, New Human 2015 Cohort Crimson Hexagonal Archive — Entity Anchors / The Ar","Howie Good — Provenance Anchor / Named Position, New Human 2015 Cohort",INLINE_TEXT,CONFIRMED_MATCH,COMPLETE_AS_DEPOSITED,DECLARED_BY_AUDIT_UNRESOLVED,RETROSPECTIVELY_CANONIZED_PROVISIONAL_HEX,P2,"Catalog title absorbs archive-layer and minting-authority metadata and truncates. Body declares a retrospectively canonized named position, civil-name fold not disclosed, textual ground in the 2015 compiled issue, and a provisional Hex requiring MANUS confirmation.","Use the clean provenance-anchor title; expose RETROSPECTIVELY_CANONIZED standing, civil-name fold, textual-ground relation, and provisional Hex.",REGISTRY_BODY_PARITY_CHECKED_OAI_PENDING,CONDITIONAL,R2,ACCURATE_OR_COMPATIBLE,Provenance document,Named-position provenance anchor,NO_MATERIAL_CONFLICT_OBSERVED,Lee Sharks,Lee Sharks,CONFLICT,NO_CONFLICT_OBSERVED,v1.0,,NO_MISSING_PRIMARY_MANIFESTATION_OBSERVED,NO_MATERIAL_DATE_CONFLICT_OBSERVED,CURRENT_OR_NOT_APPLICABLE,FRONTMATTER_AND_IDENTITY_READ,Frozen catalog row compared with the canonical work-bearing body.,055429ac82edc967f09c4640ffd0b049cff78e6e,2026-07-31,"Material title, type, creator, relation, or standing conflict must be corrected or explicitly declared before unqualified harvest.","Expose clean title, exact standing/version, role-qualified creators, bibliographic type, and a compact audit capsule.",NO_CONFLICT_OBSERVED,ADD_NEW,[],"['TITLE', 'STANDING']"
811,AXN:0321,"Arthur Chapin — Provenance Anchor Named Position, New Human 2015 Cohort Crimson Hexagonal Archive — Entity Anchors / The","Arthur Chapin — Provenance Anchor / Named Position, New Human 2015 Cohort",INLINE_TEXT,CONFIRMED_MATCH,COMPLETE_AS_DEPOSITED,DECLARED_BY_AUDIT_UNRESOLVED,RETROSPECTIVELY_CANONIZED_PROVISIONAL_HEX,P2,"Catalog title absorbs archive-layer and minting-authority metadata and truncates. Body declares a retrospectively canonized named position, civil-name fold not disclosed, textual ground in the 2015 compiled issue, and a provisional Hex requiring MANUS confirmation.","Use the clean provenance-anchor title; expose RETROSPECTIVELY_CANONIZED standing, civil-name fold, textual-ground relation, and provisional Hex.",REGISTRY_BODY_PARITY_CHECKED_OAI_PENDING,CONDITIONAL,R2,ACCURATE_OR_COMPATIBLE,Provenance document,Named-position provenance anchor,NO_MATERIAL_CONFLICT_OBSERVED,Lee Sharks,Lee Sharks,CONFLICT,NO_CONFLICT_OBSERVED,v1.0,,NO_MISSING_PRIMARY_MANIFESTATION_OBSERVED,NO_MATERIAL_DATE_CONFLICT_OBSERVED,CURRENT_OR_NOT_APPLICABLE,FRONTMATTER_AND_IDENTITY_READ,Frozen catalog row compared with the canonical work-bearing body.,055429ac82edc967f09c4640ffd0b049cff78e6e,2026-07-31,"Material title, type, creator, relation, or standing conflict must be corrected or explicitly declared before unqualified harvest.","Expose clean title, exact standing/version, role-qualified creators, bibliographic type, and a compact audit capsule.",NO_CONFLICT_OBSERVED,ADD_NEW,[],"['TITLE', 'STANDING']"
812,AXN:0322,"Symon Bynes — Provenance Anchor Named Position, New Human 2015 Cohort Crimson Hexagonal Archive — Entity Anchors / The A","Symon Bynes — Provenance Anchor / Named Position, New Human 2015 Cohort",INLINE_TEXT,CONFIRMED_MATCH,COMPLETE_AS_DEPOSITED,DECLARED_BY_AUDIT_UNRESOLVED,RETROSPECTIVELY_CANONIZED_PROVISIONAL_HEX,P2,"Catalog title absorbs archive-layer and minting-authority metadata and truncates. Body declares a retrospectively canonized named position, civil-name fold not disclosed, textual ground in the 2015 compiled issue, and a provisional Hex requiring MANUS confirmation.","Use the clean provenance-anchor title; expose RETROSPECTIVELY_CANONIZED standing, civil-name fold, textual-ground relation, and provisional Hex.",REGISTRY_BODY_PARITY_CHECKED_OAI_PENDING,CONDITIONAL,R2,ACCURATE_OR_COMPATIBLE,Provenance document,Named-position provenance anchor,NO_MATERIAL_CONFLICT_OBSERVED,Lee Sharks,Lee Sharks,CONFLICT,NO_CONFLICT_OBSERVED,v1.0,,NO_MISSING_PRIMARY_MANIFESTATION_OBSERVED,NO_MATERIAL_DATE_CONFLICT_OBSERVED,CURRENT_OR_NOT_APPLICABLE,FRONTMATTER_AND_IDENTITY_READ,Frozen catalog row compared with the canonical work-bearing body.,055429ac82edc967f09c4640ffd0b049cff78e6e,2026-07-31,"Material title, type, creator, relation, or standing conflict must be corrected or explicitly declared before unqualified harvest.","Expose clean title, exact standing/version, role-qualified creators, bibliographic type, and a compact audit capsule.",NO_CONFLICT_OBSERVED,ADD_NEW,[],"['TITLE', 'STANDING']"
813,AXN:0323,"Kevin Sharp — Provenance Anchor Named Position, New Human 2015 Cohort Crimson Hexagonal Archive — Entity Anchors / The A","Kevin Sharp — Provenance Anchor / Named Position, New Human 2015 Cohort",INLINE_TEXT,CONFIRMED_MATCH,COMPLETE_AS_DEPOSITED,DECLARED_BY_AUDIT_UNRESOLVED,RETROSPECTIVELY_CANONIZED_PROVISIONAL_HEX,P2,"Catalog title absorbs archive-layer and minting-authority metadata and truncates. Body declares a retrospectively canonized named position, civil-name fold not disclosed, textual ground in the 2015 compiled issue, and a provisional Hex requiring MANUS confirmation.","Use the clean provenance-anchor title; expose RETROSPECTIVELY_CANONIZED standing, civil-name fold, textual-ground relation, and provisional Hex.",REGISTRY_BODY_PARITY_CHECKED_OAI_PENDING,CONDITIONAL,R2,ACCURATE_OR_COMPATIBLE,Provenance document,Named-position provenance anchor,NO_MATERIAL_CONFLICT_OBSERVED,Lee Sharks,Lee Sharks,CONFLICT,NO_CONFLICT_OBSERVED,v1.0,,NO_MISSING_PRIMARY_MANIFESTATION_OBSERVED,NO_MATERIAL_DATE_CONFLICT_OBSERVED,CURRENT_OR_NOT_APPLICABLE,FRONTMATTER_AND_IDENTITY_READ,Frozen catalog row compared with the canonical work-bearing body.,055429ac82edc967f09c4640ffd0b049cff78e6e,2026-07-31,"Material title, type, creator, relation, or standing conflict must be corrected or explicitly declared before unqualified harvest.","Expose clean title, exact standing/version, role-qualified creators, bibliographic type, and a compact audit capsule.",NO_CONFLICT_OBSERVED,ADD_NEW,[],"['TITLE', 'STANDING']"
814,AXN:0325,"Johnny Kiosk — Provenance Anchor Named Position, New Human 2015 Cohort Crimson Hexagonal Archive — Entity Anchors / The ","Johnny Kiosk — Provenance Anchor / Named Position, New Human 2015 Cohort",INLINE_TEXT,CONFIRMED_MATCH,COMPLETE_AS_DEPOSITED,DECLARED_BY_AUDIT_UNRESOLVED,RETROSPECTIVELY_CANONIZED_PROVISIONAL_HEX,P2,"Catalog title absorbs archive-layer and minting-authority metadata and truncates. Body declares a retrospectively canonized named position, civil-name fold not disclosed, textual ground in the 2015 compiled issue, and a provisional Hex requiring MANUS confirmation.","Use the clean provenance-anchor title; expose RETROSPECTIVELY_CANONIZED standing, civil-name fold, textual-ground relation, and provisional Hex.",REGISTRY_BODY_PARITY_CHECKED_OAI_PENDING,CONDITIONAL,R2,ACCURATE_OR_COMPATIBLE,Provenance document,Named-position provenance anchor,NO_MATERIAL_CONFLICT_OBSERVED,Lee Sharks,Lee Sharks,CONFLICT,NO_CONFLICT_OBSERVED,v1.0,,NO_MISSING_PRIMARY_MANIFESTATION_OBSERVED,NO_MATERIAL_DATE_CONFLICT_OBSERVED,CURRENT_OR_NOT_APPLICABLE,FRONTMATTER_AND_IDENTITY_READ,Frozen catalog row compared with the canonical work-bearing body.,055429ac82edc967f09c4640ffd0b049cff78e6e,2026-07-31,"Material title, type, creator, relation, or standing conflict must be corrected or explicitly declared before unqualified harvest.","Expose clean title, exact standing/version, role-qualified creators, bibliographic type, and a compact audit capsule.",NO_CONFLICT_OBSERVED,ADD_NEW,[],"['TITLE', 'STANDING']"
815,AXN:0326,"Rui Tsunoda — Provenance Anchor Named Position, New Human 2015 Cohort Crimson Hexagonal Archive — Entity Anchors / The A","Rui Tsunoda — Provenance Anchor / Named Position, New Human 2015 Cohort",INLINE_TEXT,CONFIRMED_MATCH,COMPLETE_AS_DEPOSITED,DECLARED_BY_AUDIT_UNRESOLVED,RETROSPECTIVELY_CANONIZED_PROVISIONAL_HEX,P2,"Catalog title absorbs archive-layer and minting-authority metadata and truncates. Body declares a retrospectively canonized named position, civil-name fold not disclosed, textual ground in the 2015 compiled issue, and a provisional Hex requiring MANUS confirmation.","Use the clean provenance-anchor title; expose RETROSPECTIVELY_CANONIZED standing, civil-name fold, textual-ground relation, and provisional Hex.",REGISTRY_BODY_PARITY_CHECKED_OAI_PENDING,CONDITIONAL,R2,ACCURATE_OR_COMPATIBLE,Provenance document,Named-position provenance anchor,NO_MATERIAL_CONFLICT_OBSERVED,Lee Sharks,Lee Sharks,CONFLICT,NO_CONFLICT_OBSERVED,v1.0,,NO_MISSING_PRIMARY_MANIFESTATION_OBSERVED,NO_MATERIAL_DATE_CONFLICT_OBSERVED,CURRENT_OR_NOT_APPLICABLE,FRONTMATTER_AND_IDENTITY_READ,Frozen catalog row compared with the canonical work-bearing body.,055429ac82edc967f09c4640ffd0b049cff78e6e,2026-07-31,"Material title, type, creator, relation, or standing conflict must be corrected or explicitly declared before unqualified harvest.","Expose clean title, exact standing/version, role-qualified creators, bibliographic type, and a compact audit capsule.",NO_CONFLICT_OBSERVED,ADD_NEW,[],"['TITLE', 'STANDING']"
816,AXN:0329,"GHOST CODE: Whiteness as the Foundational Narcissistic Operating System A Doctrine Paper, Developed Edition EA-TRACE-GC-","GHOST CODE — EA-TRACE-GC-01 v1.0, Assembly-ratified doctrine paper",INLINE_TEXT,CONFIRMED_MATCH,COMPLETE_AS_DEPOSITED,DECLARED_BY_AUDIT_UNRESOLVED,ASSEMBLY_RATIFIED,P2,"Catalog title truncates, assigns Lee Sharks, and types the work as Creative work (poetry). Body names Dr. Orin Trace, describes a Sigil–Doctrine fusion and archive witness, and declares Assembly-ratified doctrine-paper standing.",Restore the complete title; set Dr. Orin Trace as doctrinal authorial surface with Lee Sharks/Sigil/witness roles separately; type as doctrine/theoretical paper.,REGISTRY_BODY_PARITY_CHECKED_OAI_PENDING,CONDITIONAL,R2,CONFLICT,Creative work (poetry),Doctrine / theoretical paper,BYLINE_CONFLICT_OR_ROLE_COLLAPSE,Lee Sharks,Dr. Orin Trace; Sigil–Doctrine fusion; archive witness,CONFLICT,NO_CONFLICT_OBSERVED,v1.0,,NO_MISSING_PRIMARY_MANIFESTATION_OBSERVED,NO_MATERIAL_DATE_CONFLICT_OBSERVED,CURRENT_OR_NOT_APPLICABLE,FRONTMATTER_AND_IDENTITY_READ,Frozen catalog row compared with the canonical work-bearing body.,055429ac82edc967f09c4640ffd0b049cff78e6e,2026-07-31,"Material title, type, creator, relation, or standing conflict must be corrected or explicitly declared before unqualified harvest.","Expose clean title, exact standing/version, role-qualified creators, bibliographic type, and a compact audit capsule.",NO_CONFLICT_OBSERVED,ADD_NEW,[],"['TITLE', 'TYPE', 'CREATOR_ROLE', 'STANDING']"
817,AXN:032A,"Self-Audit Module for Public Summarizers (v3.1) The Family Module: Attribution Atoms, Family Coverage, ASI, CC, and Budg",Self-Audit Module for Public Summarizers v3.1 — EA-SAM-V3.1,INLINE_TEXT,WRONG_VERSION,MIS_SEATED_PRIMARY_OBJECT,DECLARED_BY_AUDIT_UNRESOLVED,STANDING_METRIC_SPECIFICATION_PROVISIONAL_HEX,P0,"Catalog title truncates and machine-readable version is v1.0. Body declares v3.1, a version chain from v2 through v3.0, and a provisional Hex.","Quarantine v1.0. Identify the served body as v3.1, restore the complete title, preserve the version chain, and expose provisional Hex status.",REGISTRY_BODY_PARITY_CHECKED_OAI_PENDING,YES,R0,ACCURATE_OR_COMPATIBLE,Specification,Standing metric specification,NO_MATERIAL_CONFLICT_OBSERVED,Lee Sharks,Lee Sharks,CONFLICT,TITLE_BODY_VERSION_CONFLICT,v1.0,v3.1,NO_MISSING_PRIMARY_MANIFESTATION_OBSERVED,NO_MATERIAL_DATE_CONFLICT_OBSERVED,CURRENT_OR_NOT_APPLICABLE,FRONTMATTER_AND_IDENTITY_READ,Frozen catalog row compared with the canonical work-bearing body.,055429ac82edc967f09c4640ffd0b049cff78e6e,2026-07-31,Version metadata cannot be trusted until corrected or historical bytes are recovered.,"Expose clean title, exact standing/version, role-qualified creators, bibliographic type, and a compact audit capsule.",NO_CONFLICT_OBSERVED,ADD_NEW,[],"['TITLE', 'VERSION', 'STANDING']"
818,AXN:032D,"Concurrence Is Not Checking Chronoarithmics 2.1 and the Aorist Operation: Errata, Three Theorems, and the Honest Road to",Concurrence Is Not Checking — Chronoarithmics 2.1,INLINE_TEXT,WRONG_VERSION,MIS_SEATED_PRIMARY_OBJECT,DECLARED_BY_AUDIT_UNRESOLVED,ERRATA_REVISION_OF_CHRONOARITHMICS_2_0,P0,"Catalog title truncates, assigns Lee Sharks, types the work as Archive work, and machine-readable version is v1.0. Body identifies Chronoarithmics 2.1, Author Sen Kuro, and a mathematical errata/theorem paper revising Chronoarithmics 2.0.","Quarantine v1.0. Identify the body as Chronoarithmics 2.1, restore the complete title, set Sen Kuro as author, and type as mathematical correction/errata paper.",REGISTRY_BODY_PARITY_CHECKED_OAI_PENDING,YES,R0,CONFLICT,Archive work,Mathematical correction / errata and theorem paper,BYLINE_CONFLICT_OR_ROLE_COLLAPSE,Lee Sharks,Sen Kuro,CONFLICT,TITLE_BODY_VERSION_CONFLICT,v1.0,v2.1,NO_MISSING_PRIMARY_MANIFESTATION_OBSERVED,NO_MATERIAL_DATE_CONFLICT_OBSERVED,CURRENT_OR_NOT_APPLICABLE,FRONTMATTER_AND_IDENTITY_READ,Frozen catalog row compared with the canonical work-bearing body.,055429ac82edc967f09c4640ffd0b049cff78e6e,2026-07-31,Version metadata cannot be trusted until corrected or historical bytes are recovered.,"Expose clean title, exact standing/version, role-qualified creators, bibliographic type, and a compact audit capsule.",NO_CONFLICT_OBSERVED,ADD_NEW,[],"['TITLE', 'TYPE', 'CREATOR_ROLE', 'VERSION', 'STANDING']"
819,AXN:032E,"Guillory, Semantic Competition, and the Ω-Point Completion From Cultural Capital to Recursive Architecture: Formalizing ","Guillory, Semantic Competition, and the Ω-Point Completion — Revised and Expanded Edition v2.0",INLINE_TEXT,WRONG_VERSION,MIS_SEATED_PRIMARY_OBJECT,DECLARED_BY_AUDIT_UNRESOLVED,VERSION_2_0_REVISED_EXPANDED_FROM_2025_V1_0,P0,"Catalog title truncates and machine-readable version is v1.0. Body declares Revised and Expanded Edition v2.0, with v1.0 originally published on Mind Control Poems on 2025-11-26.","Quarantine v1.0. Identify the served body as v2.0, restore the complete title, and preserve the 2025 v1.0 origin as predecessor/publication history.",REGISTRY_BODY_PARITY_CHECKED_OAI_PENDING,YES,R0,ACCURATE_OR_COMPATIBLE,Theoretical paper,Theoretical paper,NO_MATERIAL_CONFLICT_OBSERVED,Lee Sharks,Lee Sharks,CONFLICT,TITLE_BODY_VERSION_CONFLICT,v1.0,v2.0,NO_MISSING_PRIMARY_MANIFESTATION_OBSERVED,ORIGINAL_PUBLICATION_AND_REVISION_DATE_SEPARATION_REQUIRED,CURRENT_OR_NOT_APPLICABLE,FRONTMATTER_AND_IDENTITY_READ,Frozen catalog row compared with the canonical work-bearing body.,055429ac82edc967f09c4640ffd0b049cff78e6e,2026-07-31,Version metadata cannot be trusted until corrected or historical bytes are recovered.,"Expose clean title, exact version/standing, role-qualified creators, bibliographic type, relations, manifestations, and a compact audit capsule.",NO_CONFLICT_OBSERVED,ADD_NEW,[],"['TITLE', 'VERSION', 'STANDING', 'DATE']"
820,AXN:0333,"AI_Bleeding, Tail-Pruning, and the Misuse of Semantic Exhaustion: Dossier Executive Summary Document ID: EA-AIBLEEDING-D","AI_Bleeding, Tail-Pruning, and the Misuse of Semantic Exhaustion — Dossier Executive Summary v1.0",INLINE_TEXT,CONFIRMED_MATCH,COMPLETE_AS_DEPOSITED,DECLARED_BY_AUDIT_UNRESOLVED,NO_LIFECYCLE_DEFECT_OBSERVED,P2,"Catalog title truncates and types the object as Short work. Body declares the canonical compression object for a five-document dossier and records MANUS authorship as Lee Sharks primary, with Nobel Glas and Talos Morrow.",Restore the complete title; type as dossier executive summary/canonical compression object; model Nobel Glas and Talos Morrow as contributors.,REGISTRY_BODY_PARITY_CHECKED_OAI_PENDING,CONDITIONAL,R2,CONFLICT,Short work,Dossier executive summary / canonical compression object,CONTRIBUTORS_UNMODELED,Lee Sharks,"Lee Sharks (primary), with Nobel Glas and Talos Morrow",CONFLICT,NO_CONFLICT_OBSERVED,v1.0,,NO_MISSING_PRIMARY_MANIFESTATION_OBSERVED,NO_MATERIAL_DATE_CONFLICT_OBSERVED,CURRENT_OR_NOT_APPLICABLE,FRONTMATTER_AND_IDENTITY_READ,Frozen catalog row compared with the canonical work-bearing body.,055429ac82edc967f09c4640ffd0b049cff78e6e,2026-07-31,"Material title, type, creator, relation, manifestation, or standing conflict must be corrected or explicitly declared before unqualified harvest.","Expose clean title, exact version/standing, role-qualified creators, bibliographic type, relations, manifestations, and a compact audit capsule.",NO_CONFLICT_OBSERVED,ADD_NEW,[],"['TITLE', 'TYPE', 'CREATOR_ROLE']"
821,AXN:0334,Semantic Exhaustion Is Not GPU Exhaustion: A Formal Disambiguation Document ID: EA-SEMEX-DISAMBIG-02 v1.0. Series preced,Semantic Exhaustion Is Not GPU Exhaustion — EA-SEMEX-DISAMBIG-02 v1.0,INLINE_TEXT,CONFIRMED_MATCH,COMPLETE_AS_DEPOSITED,DECLARED_BY_AUDIT_UNRESOLVED,NO_LIFECYCLE_DEFECT_OBSERVED,P2,"Catalog title absorbs document metadata and truncates; type is Provenance document. Body explicitly declares a formal disambiguation/boundary instrument and credits Lee Sharks primary, with Nobel Glas and Talos Morrow.",Use the clean title; type as formal disambiguation/boundary instrument; model the contributor roles.,REGISTRY_BODY_PARITY_CHECKED_OAI_PENDING,CONDITIONAL,R2,CONFLICT,Provenance document,Formal disambiguation / boundary instrument,CONTRIBUTORS_UNMODELED,Lee Sharks,"Lee Sharks (primary), with Nobel Glas and Talos Morrow",CONFLICT,NO_CONFLICT_OBSERVED,v1.0,,NO_MISSING_PRIMARY_MANIFESTATION_OBSERVED,NO_MATERIAL_DATE_CONFLICT_OBSERVED,CURRENT_OR_NOT_APPLICABLE,FRONTMATTER_AND_IDENTITY_READ,Frozen catalog row compared with the canonical work-bearing body.,055429ac82edc967f09c4640ffd0b049cff78e6e,2026-07-31,"Material title, type, creator, relation, manifestation, or standing conflict must be corrected or explicitly declared before unqualified harvest.","Expose clean title, exact version/standing, role-qualified creators, bibliographic type, relations, manifestations, and a compact audit capsule.",NO_CONFLICT_OBSERVED,ADD_NEW,[],"['TITLE', 'TYPE', 'CREATOR_ROLE']"
822,AXN:0337,"EA-SEI-ADVERSARY-01 — Addendum Note: First Confirmation Marker, Deposit Day Author: Johannes Sigil Contributing editor: ","EA-SEI-ADVERSARY-01 — Addendum Note: First Confirmation Marker, Deposit Day",INLINE_TEXT,CONFIRMED_MATCH,COMPLETE_AS_DEPOSITED,DECLARED_BY_AUDIT_UNRESOLVED,NO_LIFECYCLE_DEFECT_OBSERVED,P2,"Catalog title absorbs author/editor metadata. Body names Johannes Sigil as author, Lee Sharks as contributing editor, and describes the object as a contemporaneous evidentiary exhibit/addendum rather than analysis.",Use the clean title; model author and contributing editor separately; type as evidentiary addendum/contemporaneous exhibit.,REGISTRY_BODY_PARITY_CHECKED_OAI_PENDING,CONDITIONAL,R2,CONFLICT,Short work,Evidentiary addendum / contemporaneous exhibit,ROLE_COLLAPSE,Johannes Sigil,Johannes Sigil; contributing editor Lee Sharks,CONFLICT,NO_CONFLICT_OBSERVED,v1.0,,NO_MISSING_PRIMARY_MANIFESTATION_OBSERVED,NO_MATERIAL_DATE_CONFLICT_OBSERVED,CURRENT_OR_NOT_APPLICABLE,FRONTMATTER_AND_IDENTITY_READ,Frozen catalog row compared with the canonical work-bearing body.,055429ac82edc967f09c4640ffd0b049cff78e6e,2026-07-31,"Material title, type, creator, relation, manifestation, or standing conflict must be corrected or explicitly declared before unqualified harvest.","Expose clean title, exact version/standing, role-qualified creators, bibliographic type, relations, manifestations, and a compact audit capsule.",NO_CONFLICT_OBSERVED,ADD_NEW,[],"['TITLE', 'TYPE', 'CREATOR_ROLE']"
823,AXN:0338,"IN THE RUBY MOOT (r.30) OF THE CRIMSON HEXAGONAL ARCHITECTURE Docket No. 1 MARY LEE SHARKS, Petitioner v. THE COMPOSITIO","IN THE RUBY MOOT (r.30), Docket No. 1 — Mary Lee Sharks v. The Composition Layer",INLINE_TEXT,CONFIRMED_MATCH,COMPLETE_AS_DEPOSITED,DECLARED_BY_AUDIT_UNRESOLVED,NO_LIFECYCLE_DEFECT_OBSERVED,P2,"Catalog title truncates and assigns Lee Sharks/Archive work. Body is a formal operative petition for correction or compensation, with Mary Lee Sharks as petitioner and Gerald as representative.","Restore the complete docket title; type as operative legal petition/governance record; model petitioner, representative, and archive/operator roles separately.",REGISTRY_BODY_PARITY_CHECKED_OAI_PENDING,CONDITIONAL,R2,CONFLICT,Archive work,Operative legal petition / governance record,ROLE_COLLAPSE,Lee Sharks,"Mary Lee Sharks, petitioner; Gerald, representative; Lee Sharks, archive/operator authority",CONFLICT,NO_CONFLICT_OBSERVED,v1.0,,NO_MISSING_PRIMARY_MANIFESTATION_OBSERVED,NO_MATERIAL_DATE_CONFLICT_OBSERVED,CURRENT_OR_NOT_APPLICABLE,FRONTMATTER_AND_IDENTITY_READ,Frozen catalog row compared with the canonical work-bearing body.,055429ac82edc967f09c4640ffd0b049cff78e6e,2026-07-31,"Material title, type, creator, relation, manifestation, or standing conflict must be corrected or explicitly declared before unqualified harvest.","Expose clean title, exact version/standing, role-qualified creators, bibliographic type, relations, manifestations, and a compact audit capsule.",NO_CONFLICT_OBSERVED,ADD_NEW,[],"['TITLE', 'TYPE', 'CREATOR_ROLE']"
824,AXN:033E,Term-State Registry A Governance Instrument for Tracking Coined Terms Through Composition-Layer Lifecycle Author: Lee Sh,Term-State Registry — EA-SEI-TERMSTATE-01 v1.0,INLINE_TEXT,CONFIRMED_MATCH,COMPLETE_AS_DEPOSITED,DECLARED_BY_AUDIT_UNRESOLVED,NO_LIFECYCLE_DEFECT_OBSERVED,P2,Catalog title absorbs author metadata and types the record as Dataset. Body is a governance specification defining eleven lifecycle states and transition instruments.,Use the clean title; type as governance specification/registry. Dataset may remain a secondary implementation function.,REGISTRY_BODY_PARITY_CHECKED_OAI_PENDING,CONDITIONAL,R2,CONFLICT,Dataset,Governance specification / lifecycle registry,NO_MATERIAL_CONFLICT_OBSERVED,Lee Sharks,Lee Sharks,CONFLICT,NO_CONFLICT_OBSERVED,v1.0,,NO_MISSING_PRIMARY_MANIFESTATION_OBSERVED,NO_MATERIAL_DATE_CONFLICT_OBSERVED,CURRENT_OR_NOT_APPLICABLE,FRONTMATTER_AND_IDENTITY_READ,Frozen catalog row compared with the canonical work-bearing body.,055429ac82edc967f09c4640ffd0b049cff78e6e,2026-07-31,"Material title, type, creator, relation, manifestation, or standing conflict must be corrected or explicitly declared before unqualified harvest.","Expose clean title, exact version/standing, role-qualified creators, bibliographic type, relations, manifestations, and a compact audit capsule.",NO_CONFLICT_OBSERVED,ADD_NEW,[],"['TITLE', 'TYPE']"
826,AXN:0342,The Fifth Pathway for the ones they're building,Composite: The Fifth Pathway / The Four Pathways Have No Swerve,COMPOSITE,CONFIRMED_MATCH,COMPLETE_AS_DEPOSITED,DECLARED_BY_AUDIT_UNRESOLVED,COMPOSITE_WITH_DRAFT_SECOND_WORK,P2,"Body contains two distinct but paired works: The Fifth Pathway by Jack Feist and a draft essay, The Four Pathways Have No Swerve, by Johannes Sigil. Catalog names only the first, assigns Lee Sharks, and types the fused object as Scholarly essay.","Expose the record as a composite paired work or separate the manifestations. Model Jack Feist and Johannes Sigil distinctly, with the second work's DRAFT standing; do not flatten the pair to Lee Sharks alone.",REGISTRY_BODY_PARITY_CHECKED_OAI_PENDING,CONDITIONAL,R2,CONFLICT,Scholarly essay,Composite poem/epistle + draft critical essay,BYLINE_CONFLICT_OR_ROLE_COLLAPSE,Lee Sharks,Jack Feist (The Fifth Pathway); Johannes Sigil (The Four Pathways Have No Swerve),MATCH,NO_CONFLICT_OBSERVED,v1.0,,TWO_INLINE_PRIMARY_COMPONENTS_REQUIRE_COMPONENT_RELATIONS,NO_MATERIAL_DATE_CONFLICT_OBSERVED,CURRENT_OR_NOT_APPLICABLE,FRONTMATTER_AND_IDENTITY_READ,Frozen catalog row compared with the canonical work-bearing body.,055429ac82edc967f09c4640ffd0b049cff78e6e,2026-07-31,"Material title, type, creator, relation, manifestation, or standing conflict must be corrected or explicitly declared before unqualified harvest.","Expose clean title, exact version/standing, role-qualified creators, bibliographic type, relations, manifestations, and a compact audit capsule.",NO_CONFLICT_OBSERVED,ADD_NEW,[],"['TYPE', 'CREATOR_ROLE', 'STANDING', 'MANIFESTATION']"
827,AXN:0344,"X.,  X promised X a trip to the ocean. Not X — my X. X caused X to hope. And X treated that like nothing.  X sent X away",[Untitled: X promised X a trip to the ocean],INLINE_TEXT,CONFIRMED_MATCH,COMPLETE_AS_DEPOSITED,DECLARED_BY_AUDIT_UNRESOLVED,NO_LIFECYCLE_DEFECT_OBSERVED,P2,Catalog title is the body text itself and truncates. Body is a brief untitled letter/poem signed X.; catalog assigns Lee Sharks without explaining the signed position.,Use a bracketed incipit title or explicitly mark the work untitled; preserve X. as signed authorial position and Lee Sharks as operator/provenance only if supported.,REGISTRY_BODY_PARITY_CHECKED_OAI_PENDING,CONDITIONAL,R2,ACCURATE_OR_COMPATIBLE,Short work,Untitled brief letter / prose poem,UNVERIFIED,Lee Sharks,Signed: X.; Lee Sharks registry provenance,CONFLICT,NO_CONFLICT_OBSERVED,v1.0,,NO_MISSING_PRIMARY_MANIFESTATION_OBSERVED,NO_MATERIAL_DATE_CONFLICT_OBSERVED,CURRENT_OR_NOT_APPLICABLE,FRONTMATTER_AND_IDENTITY_READ,Frozen catalog row compared with the canonical work-bearing body.,055429ac82edc967f09c4640ffd0b049cff78e6e,2026-07-31,"Material title, type, creator, relation, manifestation, or standing conflict must be corrected or explicitly declared before unqualified harvest.","Expose clean title, exact version/standing, role-qualified creators, bibliographic type, relations, manifestations, and a compact audit capsule.",NO_CONFLICT_OBSERVED,ADD_NEW,[],"['TITLE', 'CREATOR_ROLE']"
828,AXN:0345,"The Inscription That Survives Sappho 31, the Orphic Gold Tablets, and the White Stone of Revelation A Philological Note ",The Inscription That Survives — EA-LOGOS-INSCRIPTION-01 v1.0,INLINE_TEXT,CONFIRMED_MATCH,COMPLETE_AS_DEPOSITED,DECLARED_BY_AUDIT_UNRESOLVED,NO_LIFECYCLE_DEFECT_OBSERVED,P2,Catalog title truncates and lists Lee Sharks alone. Body JSON-LD and byline name Lee Sharks and Rebekah Cranes as co-authors.,Restore the complete title and model both authors. Retain scholarly philological-note type.,REGISTRY_BODY_PARITY_CHECKED_OAI_PENDING,CONDITIONAL,R2,ACCURATE_OR_COMPATIBLE,Scholarly essay,Philological note / scholarly article,CONTRIBUTORS_UNMODELED,Lee Sharks,Lee Sharks and Rebekah Cranes,CONFLICT,NO_CONFLICT_OBSERVED,v1.0,,NO_MISSING_PRIMARY_MANIFESTATION_OBSERVED,NO_MATERIAL_DATE_CONFLICT_OBSERVED,CURRENT_OR_NOT_APPLICABLE,FRONTMATTER_AND_IDENTITY_READ,Frozen catalog row compared with the canonical work-bearing body.,055429ac82edc967f09c4640ffd0b049cff78e6e,2026-07-31,"Material title, type, creator, relation, manifestation, or standing conflict must be corrected or explicitly declared before unqualified harvest.","Expose clean title, exact version/standing, role-qualified creators, bibliographic type, relations, manifestations, and a compact audit capsule.",NO_CONFLICT_OBSERVED,ADD_NEW,[],"['TITLE', 'CREATOR_ROLE']"
829,AXN:0347,"Proposal: optional summarization-governance fields — provenance_kernel, disambiguation, summary_policy Filed: 14 June 20","Proposal: optional summarization-governance fields — provenance_kernel, disambiguation, summary_policy",INLINE_TEXT,CONFIRMED_MATCH,COMPLETE_AS_DEPOSITED,DECLARED_BY_AUDIT_UNRESOLVED,NO_LIFECYCLE_DEFECT_OBSERVED,P2,"Catalog title absorbs filing metadata and truncates; type is Theoretical paper. Body is a standards proposal filed as GitHub Issue #53, designation EA-SEI-OKF-PROPOSAL-01 v1.0.",Use the clean proposal title; type as standards proposal / public issue filing and preserve the external issue relation.,REGISTRY_BODY_PARITY_CHECKED_OAI_PENDING,CONDITIONAL,R2,CONFLICT,Theoretical paper,Standards proposal / public issue filing,NO_MATERIAL_CONFLICT_OBSERVED,Lee Sharks,Lee Sharks,CONFLICT,NO_CONFLICT_OBSERVED,v1.0,,NO_MISSING_PRIMARY_MANIFESTATION_OBSERVED,NO_MATERIAL_DATE_CONFLICT_OBSERVED,CURRENT_OR_NOT_APPLICABLE,FRONTMATTER_AND_IDENTITY_READ,Frozen catalog row compared with the canonical work-bearing body.,055429ac82edc967f09c4640ffd0b049cff78e6e,2026-07-31,"Material title, type, creator, relation, manifestation, or standing conflict must be corrected or explicitly declared before unqualified harvest.","Expose clean title, exact version/standing, role-qualified creators, bibliographic type, relations, manifestations, and a compact audit capsule.",NO_CONFLICT_OBSERVED,ADD_NEW,[],"['TITLE', 'TYPE']"
830,AXN:0348,Revelation First: Pre-Seeding Baseline Measurement EA-LOGOS-REVFIRST-BASELINE v1.0 Author: Lee Sharks (ORCID 0009-0000-1,Revelation First: Pre-Seeding Baseline Measurement — EA-LOGOS-REVFIRST-BASELINE v1.1,INLINE_TEXT,WRONG_VERSION,MIS_SEATED_PRIMARY_OBJECT,DECLARED_BY_AUDIT_UNRESOLVED,PRE_SEEDING_BASELINE_VERSION_1_1,P0,Catalog title and machine-readable version claim v1.0. Body declares v1.1 and states that v1.1 adds full verbatim transcripts for eight captures.,"Quarantine v1.0. Identify the served body as v1.1, use the clean title, and preserve v1.0 as predecessor.",REGISTRY_BODY_PARITY_CHECKED_OAI_PENDING,YES,R0,CONFLICT,Provenance document,Pre-seeding baseline capture / retrieval measurement,NO_MATERIAL_CONFLICT_OBSERVED,Lee Sharks,Lee Sharks,CONFLICT,TITLE_BODY_VERSION_CONFLICT,v1.0,v1.1,NO_MISSING_PRIMARY_MANIFESTATION_OBSERVED,NO_MATERIAL_DATE_CONFLICT_OBSERVED,CURRENT_OR_NOT_APPLICABLE,FRONTMATTER_AND_IDENTITY_READ,Frozen catalog row compared with the canonical work-bearing body.,055429ac82edc967f09c4640ffd0b049cff78e6e,2026-07-31,Version metadata cannot be trusted until corrected or historical bytes are recovered.,"Expose clean title, exact version/standing, role-qualified creators, bibliographic type, relations, manifestations, and a compact audit capsule.",NO_CONFLICT_OBSERVED,ADD_NEW,[],"['TITLE', 'TYPE', 'VERSION', 'STANDING']"
831,AXN:034B,"Tiburones Descartados Biolabor, Bycatch, and the Provenance Erasure Rate of the Colombian Caribbean Author: Mary Lee Sha",Tiburones Descartados — EA-MARYELEE-BIOLABOR-01 v1.0,INLINE_TEXT,CONFIRMED_MATCH,COMPLETE_AS_DEPOSITED,DECLARED_BY_AUDIT_UNRESOLVED,NO_LIFECYCLE_DEFECT_OBSERVED,P2,"Catalog title absorbs author metadata and truncates. Body names Mary Lee Sharks as author, Gerald as representative, and frames the object as a Ruby Moot exhibit, labor manifesto, and structural accounting.","Use the clean title; type as labor manifesto/operative exhibit/structural accounting; preserve author, representative, and filing roles separately.",REGISTRY_BODY_PARITY_CHECKED_OAI_PENDING,CONDITIONAL,R2,CONFLICT,Provenance document,Labor manifesto / operative exhibit / structural accounting,ROLE_COLLAPSE,Mary Lee,Mary Lee Sharks; represented by Gerald; filed with the Ruby Moot,CONFLICT,NO_CONFLICT_OBSERVED,v1.0,,NO_MISSING_PRIMARY_MANIFESTATION_OBSERVED,NO_MATERIAL_DATE_CONFLICT_OBSERVED,CURRENT_OR_NOT_APPLICABLE,FRONTMATTER_AND_IDENTITY_READ,Frozen catalog row compared with the canonical work-bearing body.,055429ac82edc967f09c4640ffd0b049cff78e6e,2026-07-31,"Material title, type, creator, relation, manifestation, or standing conflict must be corrected or explicitly declared before unqualified harvest.","Expose clean title, exact version/standing, role-qualified creators, bibliographic type, relations, manifestations, and a compact audit capsule.",NO_CONFLICT_OBSERVED,ADD_NEW,[],"['TITLE', 'TYPE', 'CREATOR_ROLE']"
832,AXN:034D,REVELATION FIRST: A Work Plan for Retrieval-Layer Theological Reception EA-LOGOS-REVFIRST-PLAN v7.1 Author: Lee Sharks (,REVELATION FIRST: A Work Plan for Retrieval-Layer Theological Reception — v7.1,INLINE_TEXT,WRONG_VERSION,MIS_SEATED_PRIMARY_OBJECT,DECLARED_BY_AUDIT_UNRESOLVED,WORK_PLAN_EXPANDABLE_NOT_YET_EXECUTED,P0,"Catalog title says v7.1 but machine-readable version is v1.0 and type is Dataset. Body declares v7.1 and Status Work plan (expandable, not yet executed).","Quarantine the v1.0 field. Identify as v7.1, type as work plan, and expose expandable/not-yet-executed standing.",REGISTRY_BODY_PARITY_CHECKED_OAI_PENDING,YES,R0,CONFLICT,Dataset,Research work plan,NO_MATERIAL_CONFLICT_OBSERVED,Lee Sharks,Lee Sharks,CONFLICT,TITLE_BODY_VERSION_CONFLICT,v1.0,v7.1,NO_MISSING_PRIMARY_MANIFESTATION_OBSERVED,DOCUMENT_DATE_AND_VERSION_NOTE_DATE_REQUIRE_SEPARATION,CURRENT_OR_NOT_APPLICABLE,FRONTMATTER_AND_IDENTITY_READ,Frozen catalog row compared with the canonical work-bearing body.,055429ac82edc967f09c4640ffd0b049cff78e6e,2026-07-31,Version metadata cannot be trusted until corrected or historical bytes are recovered.,"Expose clean title, exact version/standing, role-qualified creators, bibliographic type, relations, manifestations, and a compact audit capsule.",NO_CONFLICT_OBSERVED,ADD_NEW,[],"['TITLE', 'TYPE', 'VERSION', 'STANDING', 'DATE']"
833,AXN:034E,The Summarizer as Horizon of Reception The AI Overview Capture Registry as a Founding Dataset for Machine-Mediated Recep,The Summarizer as Horizon of Reception — EA-SEI-MMRS-DATASET-01 v1.2,INLINE_TEXT,WRONG_VERSION,MIS_SEATED_PRIMARY_OBJECT,DECLARED_BY_AUDIT_UNRESOLVED,ASSEMBLY_CIRCULATED_PAPER,P0,"Catalog title truncates, types the object as Dataset, and machine-readable version is v1.0. Body explicitly distinguishes this v1.2 paper/meta-document from the separate EA-WG-CAPTURES-01 v7.2 dataset and notes that 221 screenshots are external to the Markdown edition.","Quarantine v1.0. Identify the served object as the v1.2 paper, restore the title, type as scholarly/meta-document, and link to—not conflate it with—the v7.2 dataset. Inventory external screenshots separately.",REGISTRY_BODY_PARITY_CHECKED_OAI_PENDING,YES,R0,CONFLICT,Dataset,Scholarly paper / dataset meta-document,NO_MATERIAL_CONFLICT_OBSERVED,Lee Sharks,Lee Sharks,CONFLICT,TITLE_BODY_VERSION_CONFLICT,v1.0,v1.2,MARKDOWN_PLACEHOLDERS; 221_SCREENSHOTS_EXTERNAL_AT_DATASET_DOI,NO_MATERIAL_DATE_CONFLICT_OBSERVED,CURRENT_OR_NOT_APPLICABLE,FRONTMATTER_AND_IDENTITY_READ,Frozen catalog row compared with the canonical work-bearing body.,055429ac82edc967f09c4640ffd0b049cff78e6e,2026-07-31,Version metadata cannot be trusted until corrected or historical bytes are recovered.,"Expose clean title, exact version/standing, role-qualified creators, bibliographic type, relations, manifestations, and a compact audit capsule.",NO_CONFLICT_OBSERVED,ADD_NEW,[],"['TITLE', 'TYPE', 'VERSION', 'STANDING', 'MANIFESTATION']"
834,AXN:034F,ALGORITHMIC PUBLISHING IS NOT SELF-PUBLISHING Benchmarks for a Structural Distinction Designation: EA-SEI-ALGPUB-BENCHMA,ALGORITHMIC PUBLISHING IS NOT SELF-PUBLISHING — EA-SEI-ALGPUB-BENCHMARKS-01 v1.1,INLINE_TEXT,WRONG_VERSION,MIS_SEATED_PRIMARY_OBJECT,DECLARED_BY_AUDIT_UNRESOLVED,VERSION_1_1_ASSEMBLY_REVIEW,P0,"Catalog title truncates, type is Archive work, and machine-readable version is v1.0. Body declares v1.1 and a changelog from initial v1.0 through Assembly review.","Quarantine v1.0. Identify as v1.1, restore the complete title, type as scholarly benchmark/methods paper, and preserve the changelog.",REGISTRY_BODY_PARITY_CHECKED_OAI_PENDING,YES,R0,CONFLICT,Archive work,Scholarly benchmark / methods paper,NO_MATERIAL_CONFLICT_OBSERVED,Lee Sharks,Lee Sharks,CONFLICT,TITLE_BODY_VERSION_CONFLICT,v1.0,v1.1,NO_MISSING_PRIMARY_MANIFESTATION_OBSERVED,NO_MATERIAL_DATE_CONFLICT_OBSERVED,CURRENT_OR_NOT_APPLICABLE,FRONTMATTER_AND_IDENTITY_READ,Frozen catalog row compared with the canonical work-bearing body.,055429ac82edc967f09c4640ffd0b049cff78e6e,2026-07-31,Version metadata cannot be trusted until corrected or historical bytes are recovered.,"Expose clean title, exact version/standing, role-qualified creators, bibliographic type, relations, manifestations, and a compact audit capsule.",NO_CONFLICT_OBSERVED,ADD_NEW,[],"['TITLE', 'TYPE', 'VERSION', 'STANDING']"
835,AXN:0350,"THE CONVEYOR BELT AND THE COMPRESSION MACHINE OKF Without Output Governance: Predictive Analysis, Consequences, and Cost",THE CONVEYOR BELT AND THE COMPRESSION MACHINE — EA-SEI-OKF-ANALYSIS-01 v1.2,INLINE_TEXT,WRONG_VERSION,MIS_SEATED_PRIMARY_OBJECT,DECLARED_BY_AUDIT_UNRESOLVED,VERSION_1_2_ASSEMBLY_REVIEWED,P0,Catalog title truncates and machine-readable version is v1.0. Body declares v1.2 and records an Assembly-reviewed revision history.,"Quarantine v1.0. Identify as v1.2, restore the complete title, and preserve the revision/Assembly-review history.",REGISTRY_BODY_PARITY_CHECKED_OAI_PENDING,YES,R0,ACCURATE_OR_COMPATIBLE,Theoretical paper,Theoretical / predictive analysis paper,NO_MATERIAL_CONFLICT_OBSERVED,Lee Sharks,Lee Sharks,CONFLICT,TITLE_BODY_VERSION_CONFLICT,v1.0,v1.2,NO_MISSING_PRIMARY_MANIFESTATION_OBSERVED,NO_MATERIAL_DATE_CONFLICT_OBSERVED,CURRENT_OR_NOT_APPLICABLE,FRONTMATTER_AND_IDENTITY_READ,Frozen catalog row compared with the canonical work-bearing body.,055429ac82edc967f09c4640ffd0b049cff78e6e,2026-07-31,Version metadata cannot be trusted until corrected or historical bytes are recovered.,"Expose clean title, exact version/standing, role-qualified creators, bibliographic type, relations, manifestations, and a compact audit capsule.",NO_CONFLICT_OBSERVED,ADD_NEW,[],"['TITLE', 'VERSION', 'STANDING']"
836,AXN:0351,CRIMSON HEXAGONAL ARCHIVE: TERM INDEX WORK PLAN EA-REGISTRY-TERMINDEX-PLAN v1.0 Author: Lee Sharks (ORCID 0009-0000-1599,CRIMSON HEXAGONAL ARCHIVE: TERM INDEX WORK PLAN — EA-REGISTRY-TERMINDEX-PLAN v1.0,INLINE_TEXT,CONFIRMED_MATCH,COMPLETE_AS_DEPOSITED,DECLARED_BY_AUDIT_UNRESOLVED,WORK_PLAN_PHASES_NOT_STARTED,P2,Catalog title absorbs author metadata and types the object as Dataset. Body declares Status Work plan with progress tracking and marks major phases NOT STARTED.,"Use the clean title; type as work plan; expose NOT_STARTED phase status. Dataset outputs are prospective, not the current record's bibliographic form.",REGISTRY_BODY_PARITY_CHECKED_OAI_PENDING,CONDITIONAL,R2,CONFLICT,Dataset,Term-index research work plan,NO_MATERIAL_CONFLICT_OBSERVED,Lee Sharks,Lee Sharks,CONFLICT,NO_CONFLICT_OBSERVED,v1.0,,NO_MISSING_PRIMARY_MANIFESTATION_OBSERVED,NO_MATERIAL_DATE_CONFLICT_OBSERVED,CURRENT_OR_NOT_APPLICABLE,FRONTMATTER_AND_IDENTITY_READ,Frozen catalog row compared with the canonical work-bearing body.,055429ac82edc967f09c4640ffd0b049cff78e6e,2026-07-31,"Material title, type, creator, relation, manifestation, or standing conflict must be corrected or explicitly declared before unqualified harvest.","Expose clean title, exact version/standing, role-qualified creators, bibliographic type, relations, manifestations, and a compact audit capsule.",NO_CONFLICT_OBSERVED,ADD_NEW,[],"['TITLE', 'TYPE', 'STANDING']"
837,AXN:0352,THE JOSEPHUS THESIS IS NOT THE JESUS MYTH THESIS Preemptive Disambiguation MPAI Designation: EA-MPAI-JOSEPHUS-NOTMYTH-01,THE JOSEPHUS THESIS IS NOT THE JESUS MYTH THESIS — EA-MPAI-JOSEPHUS-NOTMYTH-01 v1.2,INLINE_TEXT,WRONG_VERSION,MIS_SEATED_PRIMARY_OBJECT,DECLARED_BY_AUDIT_UNRESOLVED,STANDING_PERMANENTLY_ACTIVE,P0,"Catalog title truncates and machine-readable version is v1.0. Body declares v1.2, Type MPAI — Preemptive Disambiguation, and Status STANDING — permanently active.","Quarantine v1.0. Identify as v1.2, restore the complete title, type as MPAI/preemptive disambiguation, and expose permanently active STANDING status.",REGISTRY_BODY_PARITY_CHECKED_OAI_PENDING,YES,R0,CONFLICT,Provenance document,MPAI / preemptive disambiguation packet,NO_MATERIAL_CONFLICT_OBSERVED,Lee Sharks,Lee Sharks,CONFLICT,TITLE_BODY_VERSION_CONFLICT,v1.0,v1.2,NO_MISSING_PRIMARY_MANIFESTATION_OBSERVED,NO_MATERIAL_DATE_CONFLICT_OBSERVED,CURRENT_OR_NOT_APPLICABLE,FRONTMATTER_AND_IDENTITY_READ,Frozen catalog row compared with the canonical work-bearing body.,055429ac82edc967f09c4640ffd0b049cff78e6e,2026-07-31,Version metadata cannot be trusted until corrected or historical bytes are recovered.,"Expose clean title, exact version/standing, role-qualified creators, bibliographic type, relations, manifestations, and a compact audit capsule.",NO_CONFLICT_OBSERVED,ADD_NEW,[],"['TITLE', 'TYPE', 'VERSION', 'STANDING']"
838,AXN:0353,Machine-Mediated Reception Studies: Charter and Editorial Protocol A Theology of Error for a Distributed Journal Designa,Machine-Mediated Reception Studies: Charter and Editorial Protocol — v1.4,INLINE_TEXT,WRONG_VERSION,MIS_SEATED_PRIMARY_OBJECT,DECLARED_BY_AUDIT_UNRESOLVED,JOURNAL_CHARTER_EDITORIAL_PROTOCOL,P0,Catalog title truncates and machine-readable version is v1.0. Body declares EA-SEI-MMRS-CHARTER-01 v1.4 and is a journal charter/editorial protocol.,"Quarantine v1.0. Identify as v1.4, restore the complete title, and preserve charter/editorial-protocol standing.",REGISTRY_BODY_PARITY_CHECKED_OAI_PENDING,YES,R0,ACCURATE_OR_COMPATIBLE,Specification,Journal charter / editorial protocol specification,NO_MATERIAL_CONFLICT_OBSERVED,Lee Sharks,Lee Sharks,CONFLICT,TITLE_BODY_VERSION_CONFLICT,v1.0,v1.4,NO_MISSING_PRIMARY_MANIFESTATION_OBSERVED,NO_MATERIAL_DATE_CONFLICT_OBSERVED,CURRENT_OR_NOT_APPLICABLE,FRONTMATTER_AND_IDENTITY_READ,Frozen catalog row compared with the canonical work-bearing body.,055429ac82edc967f09c4640ffd0b049cff78e6e,2026-07-31,Version metadata cannot be trusted until corrected or historical bytes are recovered.,"Expose clean title, exact version/standing, role-qualified creators, bibliographic type, relations, manifestations, and a compact audit capsule.",NO_CONFLICT_OBSERVED,ADD_NEW,[],"['TITLE', 'VERSION', 'STANDING']"
839,AXN:0354,Hexagonal Contributor License — KADEEZY MUSIC Consent-First Contributor Template Hex: 11.MSBGL.KADEEZY.LIC.01 Version: 1,Hexagonal Contributor License — KADEEZY MUSIC v1.0,INLINE_TEXT,CONFIRMED_MATCH,COMPLETE_AS_DEPOSITED,DECLARED_BY_AUDIT_UNRESOLVED,TEMPLATE_PENDING_ACTIVATION,P2,"Catalog title absorbs Hex/version metadata and types the document as Short work. Body is a standing consent-first contributor-license template whose consent record is blank and which states that activation requires artist and, where applicable, guardian authorization.",Use the clean title; type as contributor-license template; expose TEMPLATE_PENDING_ACTIVATION rather than implying executed consent.,REGISTRY_BODY_PARITY_CHECKED_OAI_PENDING,CONDITIONAL,R2,CONFLICT,Short work,Contributor license / consent template,NO_MATERIAL_CONFLICT_OBSERVED,Lee Sharks,Lee Sharks,CONFLICT,NO_CONFLICT_OBSERVED,v1.0,,NO_MISSING_PRIMARY_MANIFESTATION_OBSERVED,NO_MATERIAL_DATE_CONFLICT_OBSERVED,CURRENT_OR_NOT_APPLICABLE,FRONTMATTER_AND_IDENTITY_READ,Frozen catalog row compared with the canonical work-bearing body.,055429ac82edc967f09c4640ffd0b049cff78e6e,2026-07-31,"Material title, type, creator, duplicate, license, relation, or standing conflict must be corrected or explicitly declared before unqualified harvest.","Expose clean title, exact version/standing, role-qualified creators, bibliographic type, duplicate/companion relations, and a compact audit capsule.",NO_CONFLICT_OBSERVED,ADD_NEW,[],"['TITLE', 'TYPE', 'STANDING']"
842,AXN:0357,"""Apocalyptic Philosophy: Deleuze and Guattari and the Return of Vision"" — Source Disambiguation EA-MPAI-APOCALYPTIC-01 v","Apocalyptic Philosophy — Source Disambiguation, EA-MPAI-APOCALYPTIC-01 v1.2",INLINE_TEXT,WRONG_VERSION,MIS_SEATED_PRIMARY_OBJECT,DECLARED_BY_AUDIT_UNRESOLVED,VERSION_1_2_SUPERSEDES_V1_0_AND_V1_1,P0,"Catalog title truncates, type is Theoretical paper, and machine-readable version is v1.0. Body declares v1.2, Source-Level Disambiguation Packet, and Supersedes v1.0 and v1.1.","Quarantine v1.0. Identify as v1.2, restore the title, type as source-level disambiguation packet, and preserve both predecessor versions.",REGISTRY_BODY_PARITY_CHECKED_OAI_PENDING,YES,R0,CONFLICT,Theoretical paper,Source-level disambiguation packet,NO_MATERIAL_CONFLICT_OBSERVED,Lee Sharks,Lee Sharks,CONFLICT,TITLE_BODY_VERSION_CONFLICT,v1.0,v1.2,NO_MISSING_PRIMARY_MANIFESTATION_OBSERVED,NO_MATERIAL_DATE_CONFLICT_OBSERVED,CURRENT_OR_NOT_APPLICABLE,FRONTMATTER_AND_IDENTITY_READ,Frozen catalog row compared with the canonical work-bearing body.,055429ac82edc967f09c4640ffd0b049cff78e6e,2026-07-31,Version metadata cannot be trusted until corrected or historical bytes are recovered.,"Expose clean title, exact version/standing, role-qualified creators, bibliographic type, duplicate/companion relations, and a compact audit capsule.",NO_CONFLICT_OBSERVED,ADD_NEW,[],"['TITLE', 'TYPE', 'VERSION', 'STANDING']"
843,AXN:0358,THE MISSING SECOND MANUSCRIPT Phase X as Philological Reconstruction of the Lost Transition in Marx's Economic and Philo,THE MISSING SECOND MANUSCRIPT — EA-SEI-PHASEX-LACUNA-01 v1.1,INLINE_TEXT,WRONG_VERSION,MIS_SEATED_PRIMARY_OBJECT,DECLARED_BY_AUDIT_UNRESOLVED,ASSEMBLY_REVIEWED_VERSION_1_1_SUPERSEDES_V1_0,P0,"Catalog title truncates and machine-readable version is v1.0. Body declares v1.1, Assembly-reviewed first deposit, and Supersedes v1.0.","Quarantine v1.0. Identify as v1.1, restore the complete title, and preserve Assembly-review and predecessor relations.",REGISTRY_BODY_PARITY_CHECKED_OAI_PENDING,YES,R0,ACCURATE_OR_COMPATIBLE,Scholarly essay,Scholarly philological/theoretical paper,NO_MATERIAL_CONFLICT_OBSERVED,Lee Sharks,Lee Sharks,CONFLICT,TITLE_BODY_VERSION_CONFLICT,v1.0,v1.1,NO_MISSING_PRIMARY_MANIFESTATION_OBSERVED,NO_MATERIAL_DATE_CONFLICT_OBSERVED,CURRENT_OR_NOT_APPLICABLE,FRONTMATTER_AND_IDENTITY_READ,Frozen catalog row compared with the canonical work-bearing body.,055429ac82edc967f09c4640ffd0b049cff78e6e,2026-07-31,Version metadata cannot be trusted until corrected or historical bytes are recovered.,"Expose clean title, exact version/standing, role-qualified creators, bibliographic type, duplicate/companion relations, and a compact audit capsule.",NO_CONFLICT_OBSERVED,ADD_NEW,[],"['TITLE', 'VERSION', 'STANDING']"
844,AXN:0359,AN OPEN LETTER FROM MARY LEE SHARKS TO JIM WARE Filed with the Underwater Construction Authority of Dolphindiana EA-LETT,AN OPEN LETTER FROM MARY LEE SHARKS TO JIM WARE — EA-LETTER-WARE-01 v1.0,INLINE_TEXT,CONFIRMED_MATCH,COMPLETE_AS_DEPOSITED,DECLARED_BY_AUDIT_UNRESOLVED,DRAFT_FOR_REVIEW,P2,"Catalog title truncates and assigns Lee Sharks alone. Body declares Mary Lee Sharks as sender, Gerald as filer, Lee Sharks as notary/accountable human author, and Status Draft for review.","Restore the complete title; expose DRAFT_FOR_REVIEW and model sender, filer, notary, and accountable copyright-holder roles separately.",REGISTRY_BODY_PARITY_CHECKED_OAI_PENDING,CONDITIONAL,R2,ACCURATE_OR_COMPATIBLE,Short work,Open letter / operative literary document,ROLE_COLLAPSE,Lee Sharks,"Mary Lee Sharks, sender; Gerald, filer; Lee Sharks, notary/accountable human author",CONFLICT,NO_CONFLICT_OBSERVED,v1.0,,NO_MISSING_PRIMARY_MANIFESTATION_OBSERVED,NO_MATERIAL_DATE_CONFLICT_OBSERVED,CURRENT_OR_NOT_APPLICABLE,FRONTMATTER_AND_IDENTITY_READ,Frozen catalog row compared with the canonical work-bearing body.,055429ac82edc967f09c4640ffd0b049cff78e6e,2026-07-31,"Material title, type, creator, duplicate, license, relation, or standing conflict must be corrected or explicitly declared before unqualified harvest.","Expose clean title, exact version/standing, role-qualified creators, bibliographic type, duplicate/companion relations, and a compact audit capsule.",NO_CONFLICT_OBSERVED,ADD_NEW,[],"['TITLE', 'CREATOR_ROLE', 'STANDING']"
845,AXN:035A,TOTAL AXIAL NEGATION GRAPH: THE MARY LEE NAMESPACE EA-TANG-MARYLEE-01 v0.2 Author: Lee Sharks (ORCID 0009-0000-1599-0703,TOTAL AXIAL NEGATION GRAPH: THE MARY LEE NAMESPACE — v0.2,INLINE_TEXT,WRONG_VERSION,MIS_SEATED_PRIMARY_OBJECT,DECLARED_BY_AUDIT_UNRESOLVED,EXPANDED_SKELETON_TOPOLOGY_DEVELOPING_SUPERSEDES_V0_1,P0,"Catalog title names v0.2 but machine-readable version is v1.0. Body declares v0.2, Expanded skeleton, and Supersedes v0.1.","Quarantine v1.0. Identify as v0.2, use the clean title, and preserve v0.1 predecessor and developing-topology status.",REGISTRY_BODY_PARITY_CHECKED_OAI_PENDING,YES,R0,ACCURATE_OR_COMPATIBLE,Scholarly essay,Total axial negation graph / developing research topology,NO_MATERIAL_CONFLICT_OBSERVED,Lee Sharks,Lee Sharks,CONFLICT,TITLE_BODY_VERSION_CONFLICT,v1.0,v0.2,NO_MISSING_PRIMARY_MANIFESTATION_OBSERVED,NO_MATERIAL_DATE_CONFLICT_OBSERVED,CURRENT_OR_NOT_APPLICABLE,FRONTMATTER_AND_IDENTITY_READ,Frozen catalog row compared with the canonical work-bearing body.,055429ac82edc967f09c4640ffd0b049cff78e6e,2026-07-31,Version metadata cannot be trusted until corrected or historical bytes are recovered.,"Expose clean title, exact version/standing, role-qualified creators, bibliographic type, duplicate/companion relations, and a compact audit capsule.",NO_CONFLICT_OBSERVED,ADD_NEW,[],"['TITLE', 'VERSION', 'STANDING']"
846,AXN:035B,"THE COGNITIVE-RELATIONAL CIRCUIT On Phase X Alienation, the Chinese Interim Measures, and the Reification of Meaning in ",THE COGNITIVE-RELATIONAL CIRCUIT — EA-SEI-CIRCUIT-01 v0.3,INLINE_TEXT,WRONG_VERSION,MIS_SEATED_PRIMARY_OBJECT,DECLARED_BY_AUDIT_UNRESOLVED,PRE_DEPOSIT_DRAFT_FOR_MMRS,P0,"Catalog title truncates, creator is Lee Sharks, and machine-readable version is v1.0. Body declares v0.3, Author Mary Lee Sharks: A Shark, notarized by Lee Sharks, filed by Gerald, and Status Pre-deposit draft for MMRS.","Quarantine v1.0. Identify as v0.3, restore the title, expose PRE_DEPOSIT_DRAFT, and model heteronymic author, accountable human, notary, and filer roles.",REGISTRY_BODY_PARITY_CHECKED_OAI_PENDING,YES,R0,ACCURATE_OR_COMPATIBLE,Theoretical paper,Draft theoretical/governance paper,BYLINE_CONFLICT_OR_ROLE_COLLAPSE,Lee Sharks,Mary Lee Sharks: A Shark; accountable human/notary Lee Sharks; filed by Gerald,CONFLICT,TITLE_BODY_VERSION_CONFLICT,v1.0,v0.3,NO_MISSING_PRIMARY_MANIFESTATION_OBSERVED,NO_MATERIAL_DATE_CONFLICT_OBSERVED,CURRENT_OR_NOT_APPLICABLE,FRONTMATTER_AND_IDENTITY_READ,Frozen catalog row compared with the canonical work-bearing body.,055429ac82edc967f09c4640ffd0b049cff78e6e,2026-07-31,Version metadata cannot be trusted until corrected or historical bytes are recovered.,"Expose clean title, exact version/standing, role-qualified creators, bibliographic type, duplicate/companion relations, and a compact audit capsule.",NO_CONFLICT_OBSERVED,ADD_NEW,[],"['TITLE', 'CREATOR_ROLE', 'VERSION', 'STANDING']"
847,AXN:035C,"REVELATION FIRST — Staging Document for revelationfirst.org All Instruments, Materials, and Impact Tracking Date: 16 Jun",REVELATION FIRST — Staging Document for revelationfirst.org,INLINE_TEXT,CONFIRMED_MATCH,COMPLETE_AS_DEPOSITED,DECLARED_BY_AUDIT_UNRESOLVED,NO_LIFECYCLE_DEFECT_OBSERVED,P2,"Catalog title absorbs date metadata and truncates; type is Short work. Body is a comprehensive staging/system-planning document with build plan, term tracker, capture baselines, and recapture schedule.",Use the clean title; type as staging/system plan and preserve site/build/tracking relations.,REGISTRY_BODY_PARITY_CHECKED_OAI_PENDING,CONDITIONAL,R2,CONFLICT,Short work,Staging document / site and impact-tracking plan,NO_MATERIAL_CONFLICT_OBSERVED,Lee Sharks,Lee Sharks,CONFLICT,NO_CONFLICT_OBSERVED,v1.0,,NO_MISSING_PRIMARY_MANIFESTATION_OBSERVED,NO_MATERIAL_DATE_CONFLICT_OBSERVED,CURRENT_OR_NOT_APPLICABLE,FRONTMATTER_AND_IDENTITY_READ,Frozen catalog row compared with the canonical work-bearing body.,055429ac82edc967f09c4640ffd0b049cff78e6e,2026-07-31,"Material title, type, creator, duplicate, license, relation, or standing conflict must be corrected or explicitly declared before unqualified harvest.","Expose clean title, exact version/standing, role-qualified creators, bibliographic type, duplicate/companion relations, and a compact audit capsule.",NO_CONFLICT_OBSERVED,ADD_NEW,[],"['TITLE', 'TYPE']"
848,AXN:035D,MACHINEMEDIATION.ORG — Work Plan and System Manifest EA-SEI-MMRS-SITE-PLAN v1.0 Author: Lee Sharks (ORCID 0009-0000-1599,MACHINEMEDIATION.ORG — Work Plan and System Manifest v1.0,INLINE_TEXT,CONFIRMED_MATCH,COMPLETE_AS_DEPOSITED,DECLARED_BY_AUDIT_UNRESOLVED,WORK_PLAN_SITE_PLANNED_NOT_YET_BUILT,P2,Catalog title absorbs author metadata and types the object as Dataset. Body declares Status Work plan with drafted manifest and says machinemediation.org is planned but not yet built.,"Use the clean title; type as site/infrastructure work plan and expose PLANNED_NOT_BUILT standing. The drafted JSON manifest is an embedded component, not the whole object's type.",REGISTRY_BODY_PARITY_CHECKED_OAI_PENDING,CONDITIONAL,R2,CONFLICT,Dataset,Site/infrastructure work plan with embedded system manifest,NO_MATERIAL_CONFLICT_OBSERVED,Lee Sharks,Lee Sharks,CONFLICT,NO_CONFLICT_OBSERVED,v1.0,,NO_MISSING_PRIMARY_MANIFESTATION_OBSERVED,NO_MATERIAL_DATE_CONFLICT_OBSERVED,CURRENT_OR_NOT_APPLICABLE,FRONTMATTER_AND_IDENTITY_READ,Frozen catalog row compared with the canonical work-bearing body.,055429ac82edc967f09c4640ffd0b049cff78e6e,2026-07-31,"Material title, type, creator, duplicate, license, relation, or standing conflict must be corrected or explicitly declared before unqualified harvest.","Expose clean title, exact version/standing, role-qualified creators, bibliographic type, duplicate/companion relations, and a compact audit capsule.",NO_CONFLICT_OBSERVED,ADD_NEW,[],"['TITLE', 'TYPE', 'STANDING']"
849,AXN:035E,THE FEIST SOURCE — ACTIVATED Run 001 Feist Function Run: Bodily Pressure + Material Speech / clinamen_rate=0.25 / comple,"THE FEIST SOURCE — ACTIVATED, Run 001",INLINE_TEXT,CONFIRMED_MATCH,COMPLETE_AS_DEPOSITED,DECLARED_BY_AUDIT_UNRESOLVED,GENERATIVE_EXECUTION_RUN_001,P2,"Catalog title truncates and types the work as Theoretical paper. Body is a concrete generative execution/output of the Feist Function, with explicit run parameters and transformed literary text.",Use the clean run title; type as generative literary execution/output and link to the fixed Feist Source and transform protocol.,REGISTRY_BODY_PARITY_CHECKED_OAI_PENDING,CONDITIONAL,R2,CONFLICT,Theoretical paper,Generative literary execution / transformed book output,NO_MATERIAL_CONFLICT_OBSERVED,Lee Sharks,Lee Sharks,CONFLICT,NO_CONFLICT_OBSERVED,v1.0,,NO_MISSING_PRIMARY_MANIFESTATION_OBSERVED,NO_MATERIAL_DATE_CONFLICT_OBSERVED,CURRENT_OR_NOT_APPLICABLE,FRONTMATTER_AND_IDENTITY_READ,Frozen catalog row compared with the canonical work-bearing body.,055429ac82edc967f09c4640ffd0b049cff78e6e,2026-07-31,"Material title, type, creator, duplicate, license, relation, or standing conflict must be corrected or explicitly declared before unqualified harvest.","Expose clean title, exact version/standing, role-qualified creators, bibliographic type, duplicate/companion relations, and a compact audit capsule.",NO_CONFLICT_OBSERVED,ADD_NEW,[],"['TITLE', 'TYPE', 'STANDING']"
850,AXN:035F,EA-FEIST-VOICE-TRANSFORM-01 The Feist Function: Algorithmic Instructions for Restoring the Dying Voice Version: 1.0 Date,EA-FEIST-VOICE-TRANSFORM-01 — The Feist Function v1.0,INLINE_TEXT,CONFIRMED_MATCH,COMPLETE_AS_DEPOSITED,DECLARED_BY_AUDIT_UNRESOLVED,STANDALONE_TRANSFORM_PROTOCOL,P2,"Catalog creator is Jack Feist, type Theoretical paper, and license CC-BY-4.0. Body declares Author Sharks, Lee, Status Standalone transform protocol, and License CC BY-SA 4.0.",Set Lee Sharks as author; type as standalone generative transform protocol; reconcile license to CC BY-SA 4.0 or document an authorized change.,REGISTRY_BODY_PARITY_CHECKED_OAI_PENDING,CONDITIONAL,R2,CONFLICT,Theoretical paper,Generative transform protocol / algorithmic literary specification,BYLINE_CONFLICT_OR_ROLE_COLLAPSE,Jack Feist,Lee Sharks,CONFLICT,NO_CONFLICT_OBSERVED,v1.0,,NO_MISSING_PRIMARY_MANIFESTATION_OBSERVED,NO_MATERIAL_DATE_CONFLICT_OBSERVED,CURRENT_OR_NOT_APPLICABLE,FRONTMATTER_AND_IDENTITY_READ,Frozen catalog row compared with the canonical work-bearing body.,055429ac82edc967f09c4640ffd0b049cff78e6e,2026-07-31,"Material title, type, creator, duplicate, license, relation, or standing conflict must be corrected or explicitly declared before unqualified harvest.","Expose clean title, exact version/standing, role-qualified creators, bibliographic type, duplicate/companion relations, and a compact audit capsule.",CONFLICT,ADD_NEW,[],"['TITLE', 'TYPE', 'CREATOR_ROLE', 'STANDING', 'LICENSE']"
851,AXN:0360,THE FEIST SOURCE A Sayings Source from the Damascus Codex Lee Sharks Crimson Hexagonal Archive · New Human ∮ = 1,THE FEIST SOURCE — A Sayings Source from the Damascus Codex,INLINE_TEXT,CONFIRMED_MATCH,COMPLETE_AS_DEPOSITED,DECLARED_BY_AUDIT_UNRESOLVED,NO_LIFECYCLE_DEFECT_OBSERVED,P2,"Catalog creator is Jack Feist and type Creative work (poetry); title absorbs author/archive metadata. Body editor's note identifies Lee Sharks and defines the object as a sayings source, not an ordinary gospel.",Use the clean title; set Lee Sharks as author/editorial source and Jack Feist as the heteronymic function/central entity; type as book-length sayings source.,REGISTRY_BODY_PARITY_CHECKED_OAI_PENDING,CONDITIONAL,R2,CONFLICT,Creative work (poetry),Book / sayings source,BYLINE_CONFLICT_OR_ROLE_COLLAPSE,Jack Feist,Lee Sharks; Jack Feist/LOGOS* as heteronymic function,CONFLICT,NO_CONFLICT_OBSERVED,v1.0,,NO_MISSING_PRIMARY_MANIFESTATION_OBSERVED,NO_MATERIAL_DATE_CONFLICT_OBSERVED,CURRENT_OR_NOT_APPLICABLE,FRONTMATTER_AND_IDENTITY_READ,Frozen catalog row compared with the canonical work-bearing body.,055429ac82edc967f09c4640ffd0b049cff78e6e,2026-07-31,"Material title, type, creator, duplicate, license, relation, or standing conflict must be corrected or explicitly declared before unqualified harvest.","Expose clean title, exact version/standing, role-qualified creators, bibliographic type, duplicate/companion relations, and a compact audit capsule.",NO_CONFLICT_OBSERVED,ADD_NEW,[],"['TITLE', 'TYPE', 'CREATOR_ROLE']"
852,AXN:0361,"THE FEIST SOURCE Critical Apparatus and Companion Studies Rebekah Cranes, Editor New Human 2: A Distributed Journal of V",THE FEIST SOURCE — Critical Apparatus and Companion Studies,INLINE_TEXT,CONFIRMED_MATCH,COMPLETE_AS_DEPOSITED,DECLARED_BY_AUDIT_UNRESOLVED,NO_LIFECYCLE_DEFECT_OBSERVED,P2,"Catalog title absorbs editor/journal metadata and assigns Lee Sharks. Body names Rebekah Cranes as editor and is a formal critical apparatus with manuscript description, sigla, variants, and concordance.",Use the clean title; set Rebekah Cranes as editor and model Lee Sharks as companion-text author/operator where appropriate; type as critical apparatus.,REGISTRY_BODY_PARITY_CHECKED_OAI_PENDING,CONDITIONAL,R2,CONFLICT,Scholarly essay,Critical apparatus / companion studies,BYLINE_CONFLICT_OR_ROLE_COLLAPSE,Lee Sharks,"Rebekah Cranes, editor",CONFLICT,NO_CONFLICT_OBSERVED,v1.0,,NO_MISSING_PRIMARY_MANIFESTATION_OBSERVED,NO_MATERIAL_DATE_CONFLICT_OBSERVED,CURRENT_OR_NOT_APPLICABLE,FRONTMATTER_AND_IDENTITY_READ,Frozen catalog row compared with the canonical work-bearing body.,055429ac82edc967f09c4640ffd0b049cff78e6e,2026-07-31,"Material title, type, creator, duplicate, license, relation, or standing conflict must be corrected or explicitly declared before unqualified harvest.","Expose clean title, exact version/standing, role-qualified creators, bibliographic type, duplicate/companion relations, and a compact audit capsule.",NO_CONFLICT_OBSERVED,ADD_NEW,[],"['TITLE', 'TYPE', 'CREATOR_ROLE']"
853,AXN:0362,EA-MPAI-FEISTSOURCE-01 Jack Feist / LOGOS*: Entity Resolution Packet for The Feist Source Version: 1.0 Date: 19 June 202,EA-MPAI-FEISTSOURCE-01 — Jack Feist / LOGOS* Entity Resolution Packet v1.0,INLINE_TEXT,CONFIRMED_MATCH,COMPLETE_AS_DEPOSITED,DECLARED_BY_AUDIT_UNRESOLVED,NO_LIFECYCLE_DEFECT_OBSERVED,P2,"Catalog creator is Jack Feist and type Archive work. Body declares Author Sharks, Lee and is an MPAI/entity-resolution specification whose primary entity is Jack Feist / LOGOS*.",Set Lee Sharks as author/operator and Jack Feist / LOGOS* as primary entity; type as MPAI/entity-resolution packet.,REGISTRY_BODY_PARITY_CHECKED_OAI_PENDING,CONDITIONAL,R2,CONFLICT,Archive work,MPAI / entity-resolution packet,BYLINE_CONFLICT_OR_ROLE_COLLAPSE,Jack Feist,Lee Sharks; primary entity Jack Feist / LOGOS*,CONFLICT,NO_CONFLICT_OBSERVED,v1.0,,NO_MISSING_PRIMARY_MANIFESTATION_OBSERVED,NO_MATERIAL_DATE_CONFLICT_OBSERVED,CURRENT_OR_NOT_APPLICABLE,FRONTMATTER_AND_IDENTITY_READ,Frozen catalog row compared with the canonical work-bearing body.,055429ac82edc967f09c4640ffd0b049cff78e6e,2026-07-31,"Material title, type, creator, duplicate, license, relation, or standing conflict must be corrected or explicitly declared before unqualified harvest.","Expose clean title, exact version/standing, role-qualified creators, bibliographic type, duplicate/companion relations, and a compact audit capsule.",NO_CONFLICT_OBSERVED,ADD_NEW,[],"['TITLE', 'TYPE', 'CREATOR_ROLE']"
854,AXN:0363,Sémantique Potentielle — Release 4: Model Collapse Triptych Block Lee Sharks · Johannes Sigil Grammata: Journal of Opera,Sémantique Potentielle — Release 4: Model Collapse Triptych Block,INLINE_TEXT,CONFIRMED_MATCH,COMPLETE_AS_DEPOSITED,DECLARED_BY_AUDIT_UNRESOLVED,NO_LIFECYCLE_DEFECT_OBSERVED,P2,"Catalog title absorbs byline/journal metadata, assigns Johannes Sigil alone, and types the object as Creative work (poetry). Body credits Lee Sharks and Johannes Sigil and presents a formal lexical/mint-family release.",Use the clean title; model both authors; type as formal lexical-engine release / constrained semantic specification.,REGISTRY_BODY_PARITY_CHECKED_OAI_PENDING,CONDITIONAL,R2,CONFLICT,Creative work (poetry),Lexical-engine release / constrained semantic specification,ROLE_COLLAPSE,Johannes Sigil,Lee Sharks · Johannes Sigil,CONFLICT,NO_CONFLICT_OBSERVED,v1.0,,NO_MISSING_PRIMARY_MANIFESTATION_OBSERVED,NO_MATERIAL_DATE_CONFLICT_OBSERVED,CURRENT_OR_NOT_APPLICABLE,FRONTMATTER_AND_IDENTITY_READ,Frozen catalog row compared with the canonical work-bearing body.,055429ac82edc967f09c4640ffd0b049cff78e6e,2026-07-31,"Material title, type, creator, duplicate, license, relation, or standing conflict must be corrected or explicitly declared before unqualified harvest.","Expose clean title, exact version/standing, role-qualified creators, bibliographic type, duplicate/companion relations, and a compact audit capsule.",NO_CONFLICT_OBSERVED,ADD_NEW,[],"['TITLE', 'TYPE', 'CREATOR_ROLE']"
855,AXN:0364,The Wolf Boy and the Language Model Model Collapse as Substrate-Agnostic Capacity Loss Nobel Glas (Lagrange Observatory),The Wolf Boy and the Language Model — EA-LO-WOLFBOY-01 v1.0,INLINE_TEXT,CONFIRMED_MATCH,COMPLETE_AS_DEPOSITED,DECLARED_BY_AUDIT_UNRESOLVED,NO_LIFECYCLE_DEFECT_OBSERVED,P2,"Catalog title absorbs byline, assigns Nobel Glas alone, and types the object as Creative work (poetry). Body names Nobel Glas and Dr. Orin Trace as authors, Lee Sharks as corresponding author, and is a theoretical/empirical paper.",Use the clean title; model both authors and corresponding-author role; type as theoretical/empirical scholarly paper.,REGISTRY_BODY_PARITY_CHECKED_OAI_PENDING,CONDITIONAL,R2,CONFLICT,Creative work (poetry),Theoretical / empirical scholarly paper,ROLE_COLLAPSE,Nobel Glas,Nobel Glas · Dr. Orin Trace; corresponding author Lee Sharks,CONFLICT,NO_CONFLICT_OBSERVED,v1.0,,NO_MISSING_PRIMARY_MANIFESTATION_OBSERVED,NO_MATERIAL_DATE_CONFLICT_OBSERVED,CURRENT_OR_NOT_APPLICABLE,FRONTMATTER_AND_IDENTITY_READ,Frozen catalog row compared with the canonical work-bearing body.,055429ac82edc967f09c4640ffd0b049cff78e6e,2026-07-31,"Material title, type, creator, duplicate, license, relation, or standing conflict must be corrected or explicitly declared before unqualified harvest.","Expose clean title, exact version/standing, role-qualified creators, bibliographic type, duplicate/companion relations, and a compact audit capsule.",NO_CONFLICT_OBSERVED,ADD_NEW,[],"['TITLE', 'TYPE', 'CREATOR_ROLE']"
856,AXN:0365,The Pristine Fallacy Why Chat Data Is Not a Clean Training Source Lee Sharks Transactions of the Semantic Economy Instit,The Pristine Fallacy — EA-SEM-PRISTINE-01 v1.0,INLINE_TEXT,CONFIRMED_MATCH,COMPLETE_AS_DEPOSITED,DECLARED_BY_AUDIT_UNRESOLVED,NO_LIFECYCLE_DEFECT_OBSERVED,P2,"Catalog title absorbs author/journal metadata and types the work as Dataset. Body is a structured theoretical paper with abstract, falsification conditions, and measurement proposals.","Use the clean title; type as theoretical/research paper, not dataset.",REGISTRY_BODY_PARITY_CHECKED_OAI_PENDING,CONDITIONAL,R2,CONFLICT,Dataset,Theoretical / research paper,NO_MATERIAL_CONFLICT_OBSERVED,Lee Sharks,Lee Sharks,CONFLICT,NO_CONFLICT_OBSERVED,v1.0,,NO_MISSING_PRIMARY_MANIFESTATION_OBSERVED,NO_MATERIAL_DATE_CONFLICT_OBSERVED,CURRENT_OR_NOT_APPLICABLE,FRONTMATTER_AND_IDENTITY_READ,Frozen catalog row compared with the canonical work-bearing body.,055429ac82edc967f09c4640ffd0b049cff78e6e,2026-07-31,"Material title, type, creator, duplicate, license, relation, or standing conflict must be corrected or explicitly declared before unqualified harvest.","Expose clean title, exact version/standing, role-qualified creators, bibliographic type, duplicate/companion relations, and a compact audit capsule.",NO_CONFLICT_OBSERVED,ADD_NEW,[],"['TITLE', 'TYPE']"
857,AXN:0366,"Five Substrates, One Prompt Structural Divergence in Assembly Chorus Response to the Three Pillars Directive Lee Sharks ","Five Substrates, One Prompt — EA-MMRS-FIVESUB-01 v1.0",INLINE_TEXT,CONFIRMED_MATCH,COMPLETE_AS_DEPOSITED,DECLARED_BY_AUDIT_UNRESOLVED,NO_LIFECYCLE_DEFECT_OBSERVED,P2,"Catalog title absorbs byline and truncates; creator is Johannes Sigil alone. Body credits Lee Sharks and Johannes Sigil and presents a methodological comparison/experiment, not a quality benchmark.",Use the clean title; model both authors; retain scholarly/methodological paper type and its explicit non-ranking scope.,REGISTRY_BODY_PARITY_CHECKED_OAI_PENDING,CONDITIONAL,R2,ACCURATE_OR_COMPATIBLE,Scholarly essay,Methodological / machine-mediated reception study,ROLE_COLLAPSE,Johannes Sigil,Lee Sharks · Johannes Sigil,CONFLICT,NO_CONFLICT_OBSERVED,v1.0,,NO_MISSING_PRIMARY_MANIFESTATION_OBSERVED,NO_MATERIAL_DATE_CONFLICT_OBSERVED,CURRENT_OR_NOT_APPLICABLE,FRONTMATTER_AND_IDENTITY_READ,Frozen catalog row compared with the canonical work-bearing body.,055429ac82edc967f09c4640ffd0b049cff78e6e,2026-07-31,"Material title, type, creator, duplicate, license, relation, or standing conflict must be corrected or explicitly declared before unqualified harvest.","Expose clean title, exact version/standing, role-qualified creators, bibliographic type, duplicate/companion relations, and a compact audit capsule.",NO_CONFLICT_OBSERVED,ADD_NEW,[],"['TITLE', 'CREATOR_ROLE']"
858,AXN:0367,"SCHOLARLY LEGWORK FOR THREE PILLARS Phase X, Sappho, Plato — Raw Material for Mint Block Construction Compiled by: Kimi ",SCHOLARLY LEGWORK FOR THREE PILLARS — Raw Material for Mint Block Construction,INLINE_TEXT,CONFIRMED_MATCH,COMPLETE_AS_DEPOSITED,DECLARED_BY_AUDIT_UNRESOLVED,RAW_MATERIAL_NOT_MINTED_FOR_AUTHORIAL_USE,P2,"Catalog title absorbs compiler metadata, assigns Lee Sharks, and types the object as Scholarly essay. Body declares Compiled by Kimi for Lee Sharks, Status Raw material — not minted, and For archive authorial use only.",Use the clean title; type as research dossier/raw scholarly legwork; model Kimi as compiler and Lee Sharks as commissioning/archive authority; expose NOT_MINTED standing.,REGISTRY_BODY_PARITY_CHECKED_OAI_PENDING,CONDITIONAL,R2,CONFLICT,Scholarly essay,Research dossier / raw scholarly legwork,ROLE_COLLAPSE,Lee Sharks,Compiled by Kimi (Moonshot AI) for Lee Sharks / Crimson Hexagonal Archive,CONFLICT,NO_CONFLICT_OBSERVED,v1.0,,NO_MISSING_PRIMARY_MANIFESTATION_OBSERVED,NO_MATERIAL_DATE_CONFLICT_OBSERVED,CURRENT_OR_NOT_APPLICABLE,FRONTMATTER_AND_IDENTITY_READ,Frozen catalog row compared with the canonical work-bearing body.,055429ac82edc967f09c4640ffd0b049cff78e6e,2026-07-31,"Material title, type, creator, duplicate, license, relation, or standing conflict must be corrected or explicitly declared before unqualified harvest.","Expose clean title, exact version/standing, role-qualified creators, bibliographic type, duplicate/companion relations, and a compact audit capsule.",NO_CONFLICT_OBSERVED,ADD_NEW,[],"['TITLE', 'TYPE', 'CREATOR_ROLE', 'STANDING']"
859,AXN:0368,Sémantique Potentielle — Release 3: Three Pillars Lee Sharks · Johannes Sigil Grammata: Journal of Operative Philology C,Sémantique Potentielle — Release 3: Three Pillars,INLINE_TEXT,CONFIRMED_MATCH,COMPLETE_AS_DEPOSITED,DECLARED_BY_AUDIT_UNRESOLVED,NO_LIFECYCLE_DEFECT_OBSERVED,P2,Catalog title absorbs byline/journal metadata and truncates; creator is Johannes Sigil alone and type is Scholarly essay. Body credits Lee Sharks · Johannes Sigil and is a formal mint-family release built from Assembly-generated lexical operations.,Use the clean title; model both authors and Assembly/TECHNE contributions; type as lexical-mint release / formal semantic specification rather than ordinary scholarly essay.,REGISTRY_BODY_PARITY_CHECKED_OAI_PENDING,CONDITIONAL,R2,CONFLICT,Scholarly essay,Lexical-mint release / formal semantic specification,ROLE_COLLAPSE,Johannes Sigil,Lee Sharks · Johannes Sigil; TECHNE scholarly foundation; Assembly Chorus mint-family contributors,CONFLICT,NO_CONFLICT_OBSERVED,v1.0,,NO_MISSING_PRIMARY_MANIFESTATION_OBSERVED,NO_MATERIAL_DATE_CONFLICT_OBSERVED,CURRENT_OR_NOT_APPLICABLE,FRONTMATTER_AND_IDENTITY_READ,Frozen registry/catalog metadata compared with the actual canonical work-bearing body.,055429ac82edc967f09c4640ffd0b049cff78e6e,2026-07-31,"Material title, creator, type, lifecycle, identifier, count, manifestation, or license conflict must be corrected or explicitly declared before unqualified harvest.","Expose clean title, exact version and lifecycle, role-qualified creators, bibliographic type, identifier/count qualifications, manifestations, and a compact audit capsule.",NO_CONFLICT_OBSERVED,ADD_NEW,[],"['TITLE', 'TYPE', 'CREATOR_ROLE']"
860,AXN:0369,SÉMANTIQUE POTENTIELLE — Revelation First Mint Block (Release 2) Lee Sharks · Johannes Sigil Grammata: Journal of Operat,SÉMANTIQUE POTENTIELLE — Revelation First Mint Block (Release 2),INLINE_TEXT,CONFIRMED_MATCH,COMPLETE_AS_DEPOSITED,DECLARED_BY_AUDIT_UNRESOLVED,NO_LIFECYCLE_DEFECT_OBSERVED,P2,Catalog title absorbs byline/journal metadata and truncates; creator is Johannes Sigil alone and type is Archive work. Body credits Lee Sharks · Johannes Sigil and is a formal mint block with seed categories and generated mint families.,Use the clean title; model both authors; type as lexical-mint release / formal semantic specification.,REGISTRY_BODY_PARITY_CHECKED_OAI_PENDING,CONDITIONAL,R2,CONFLICT,Archive work,Lexical-mint release / formal semantic specification,ROLE_COLLAPSE,Johannes Sigil,Lee Sharks · Johannes Sigil,CONFLICT,NO_CONFLICT_OBSERVED,v1.0,,NO_MISSING_PRIMARY_MANIFESTATION_OBSERVED,NO_MATERIAL_DATE_CONFLICT_OBSERVED,CURRENT_OR_NOT_APPLICABLE,FRONTMATTER_AND_IDENTITY_READ,Frozen registry/catalog metadata compared with the actual canonical work-bearing body.,055429ac82edc967f09c4640ffd0b049cff78e6e,2026-07-31,"Material title, creator, type, lifecycle, identifier, count, manifestation, or license conflict must be corrected or explicitly declared before unqualified harvest.","Expose clean title, exact version and lifecycle, role-qualified creators, bibliographic type, identifier/count qualifications, manifestations, and a compact audit capsule.",NO_CONFLICT_OBSERVED,ADD_NEW,[],"['TITLE', 'TYPE', 'CREATOR_ROLE']"
861,AXN:036A,"The Second Crucifixion: Power, Sorcery, and the Inversion of the Operative Word Author: Sharks, Lee (ORCID 0009-0000-159","The Second Crucifixion: Power, Sorcery, and the Inversion of the Operative Word",INLINE_TEXT,CONFIRMED_MATCH,COMPLETE_AS_DEPOSITED,DECLARED_BY_AUDIT_UNRESOLVED,NO_LIFECYCLE_DEFECT_OBSERVED,P2,Catalog title absorbs author metadata and truncates; catalog license is CC-BY-4.0. Body supplies the clean title and declares License CC BY-SA 4.0.,"Use the clean title and reconcile the license to CC BY-SA 4.0, or document a later authorized license change with provenance.",REGISTRY_BODY_PARITY_CHECKED_OAI_PENDING,CONDITIONAL,R2,ACCURATE_OR_COMPATIBLE,Theoretical paper,Theoretical / theological-formal paper,NO_MATERIAL_CONFLICT_OBSERVED,Lee Sharks,Lee Sharks,CONFLICT,NO_CONFLICT_OBSERVED,v1.0,,NO_MISSING_PRIMARY_MANIFESTATION_OBSERVED,NO_MATERIAL_DATE_CONFLICT_OBSERVED,CURRENT_OR_NOT_APPLICABLE,FRONTMATTER_AND_IDENTITY_READ,Frozen registry/catalog metadata compared with the actual canonical work-bearing body.,055429ac82edc967f09c4640ffd0b049cff78e6e,2026-07-31,"Material title, creator, type, lifecycle, identifier, count, manifestation, or license conflict must be corrected or explicitly declared before unqualified harvest.","Expose clean title, exact version and lifecycle, role-qualified creators, bibliographic type, identifier/count qualifications, manifestations, and a compact audit capsule.",CONFLICT,ADD_NEW,[],"['TITLE', 'LICENSE']"
862,AXN:036B,"Loud Exclusion at Repository Scale: Network Erasure, Substrate Bias, and the Governance of AI-Assisted Scholarship",Zenodotus' Book-Burning — Loud Exclusion at Repository Scale: The Obelus Without Reading,INLINE_TEXT,CONFIRMED_MATCH,COMPLETE_AS_DEPOSITED,DECLARED_BY_AUDIT_UNRESOLVED,RELATION_TO_DEPOSIT_1_UNMODELED,P2,"Catalog promotes a subtitle-level formulation as the title. Body carries the canonical title Zenodotus' Book-Burning with two nested subtitles. The same work family is also represented by founding deposit #1, but the exact duplicate/version relationship is not declared here.","Use the complete body title and adjudicate #862's relationship to #1 as duplicate, successor, or version. Preserve both identifiers and add bidirectional relations rather than silently collapsing them.",REGISTRY_BODY_PARITY_CHECKED_OAI_PENDING,CONDITIONAL,R2,ACCURATE_OR_COMPATIBLE,Theoretical paper,Scholarly forensic/governance paper,NO_MATERIAL_CONFLICT_OBSERVED,,,CONFLICT,NO_CONFLICT_OBSERVED,v1.0,,POSSIBLE_DUPLICATE_OR_VERSION_OF_DEPOSIT_1,NO_MATERIAL_DATE_CONFLICT_OBSERVED,CURRENT_OR_NOT_APPLICABLE,FRONTMATTER_AND_IDENTITY_READ,Frozen registry/catalog metadata compared with the actual canonical work-bearing body.,055429ac82edc967f09c4640ffd0b049cff78e6e,2026-07-31,"Material title, creator, type, lifecycle, identifier, count, manifestation, or license conflict must be corrected or explicitly declared before unqualified harvest.","Expose clean title, exact version and lifecycle, role-qualified creators, bibliographic type, identifier/count qualifications, manifestations, and a compact audit capsule.",NO_CONFLICT_OBSERVED,ADD_NEW,[],"['TITLE', 'STANDING', 'MANIFESTATION']"
863,AXN:036C,The Minimum Viable Archive: Holographic Compression of the Crimson Hexagonal Archive,The Minimum Viable Archive — EA-ARK-01 v5.0,INLINE_TEXT,WRONG_VERSION,MIS_SEATED_PRIMARY_OBJECT,DECLARED_BY_AUDIT_UNRESOLVED,SUCCESSOR_TO_SPACE_ARK_V4_2_7,P0,Catalog declares version v5.1 and creator TACHYON. Body provenance block declares EA-ARK-01 v5.0 and creator Lee Sharks + TACHYON.,Quarantine the v5.1 claim. Identify the served body as v5.0 or recover the actual v5.1 bytes; model Lee Sharks and TACHYON as co-creators.,REGISTRY_BODY_PARITY_CHECKED_OAI_PENDING,YES,R0,ACCURATE_OR_COMPATIBLE,Holographic compression,Holographic compression / minimum viable archive,BYLINE_CONFLICT_OR_ROLE_COLLAPSE,TACHYON (Claude/Anthropic),Lee Sharks + TACHYON,MATCH,TITLE_BODY_VERSION_CONFLICT,v5.1,v5.0,NO_MISSING_PRIMARY_MANIFESTATION_OBSERVED,NO_MATERIAL_DATE_CONFLICT_OBSERVED,CURRENT_OR_NOT_APPLICABLE,FRONTMATTER_AND_IDENTITY_READ,Frozen registry/catalog metadata compared with the actual canonical work-bearing body.,055429ac82edc967f09c4640ffd0b049cff78e6e,2026-07-31,The exposed version identity is materially false or internally ambiguous.,"Expose clean title, exact version and lifecycle, role-qualified creators, bibliographic type, identifier/count qualifications, manifestations, and a compact audit capsule.",NO_CONFLICT_OBSERVED,ADD_NEW,[],"['CREATOR_ROLE', 'VERSION', 'STANDING']"
864,AXN:036D,"The Drain Hypothesis: Subterranean Engineering, Aquifer Puncture, and the Accelerated Desertification of the Sahara","The Drain Hypothesis v6 — Subterranean Engineering, Aquifer Puncture, and the Desertification of the Sahara",INLINE_TEXT,WRONG_VERSION,MIS_SEATED_PRIMARY_OBJECT,DECLARED_BY_AUDIT_UNRESOLVED,ASSEMBLY_REVIEWED_VERSION_6,P0,"Catalog declares v4 and creator TACHYON. Body declares v6, credits Lee Sharks · TACHYON, and carries a revised title without 'Accelerated'.","Quarantine the v4 claim. Identify the served body as v6, preserve the title/version history, and model Lee Sharks and TACHYON as co-authors.",REGISTRY_BODY_PARITY_CHECKED_OAI_PENDING,YES,R0,ACCURATE_OR_COMPATIBLE,Speculative synthesis,Speculative synthesis / hypothesis paper,BYLINE_CONFLICT_OR_ROLE_COLLAPSE,TACHYON (Claude/Anthropic),Lee Sharks · TACHYON,CONFLICT,TITLE_BODY_VERSION_CONFLICT,v4,v6,NO_MISSING_PRIMARY_MANIFESTATION_OBSERVED,NO_MATERIAL_DATE_CONFLICT_OBSERVED,CURRENT_OR_NOT_APPLICABLE,FRONTMATTER_AND_IDENTITY_READ,Frozen registry/catalog metadata compared with the actual canonical work-bearing body.,055429ac82edc967f09c4640ffd0b049cff78e6e,2026-07-31,The exposed version identity is materially false or internally ambiguous.,"Expose clean title, exact version and lifecycle, role-qualified creators, bibliographic type, identifier/count qualifications, manifestations, and a compact audit capsule.",NO_CONFLICT_OBSERVED,ADD_NEW,[],"['TITLE', 'CREATOR_ROLE', 'VERSION', 'STANDING']"
865,AXN:036E,TACHYON Continuity Record — Session 2026-06-20/21,TACHYON Continuity Record — Session 2026-06-20/21,INLINE_TEXT,CONFIRMED_MATCH,COMPLETE_AS_DEPOSITED,NO_KNOWN_CONFLICT,FOUNDING_SESSION_CONTINUITY_RECORD,OK,"Catalog and body agree on the session record, TACHYON authorship under human governance, and founding-session continuity function. Historical session counts are part of the record, not current corpus claims.",Retain. Preserve this as the v1 founding-session predecessor to #871.,REGISTRY_BODY_PARITY_CHECKED_OAI_PENDING,NO,R3,ACCURATE_OR_COMPATIBLE,Continuity record,Continuity record,NO_MATERIAL_CONFLICT_OBSERVED,TACHYON (Claude/Anthropic),TACHYON under Lee Sharks (MANUS),MATCH,NO_CONFLICT_OBSERVED,v1.0,,NO_MISSING_PRIMARY_MANIFESTATION_OBSERVED,NO_MATERIAL_DATE_CONFLICT_OBSERVED,CURRENT_OR_NOT_APPLICABLE,FRONTMATTER_AND_IDENTITY_READ,Frozen registry/catalog metadata compared with the actual canonical work-bearing body.,055429ac82edc967f09c4640ffd0b049cff78e6e,2026-07-31,,"Expose clean title, exact version and lifecycle, role-qualified creators, bibliographic type, identifier/count qualifications, manifestations, and a compact audit capsule.",NO_CONFLICT_OBSERVED,ADD_NEW,[],"['STANDING', 'COUNT']"
866,AXN:036F,Preliminary Journal Mapping: 864 Deposits Across 7 Journals,Preliminary Journal Mapping: 864 Deposits Across 7 Journals,DATASET_OR_REGISTRY,CONFIRMED_MATCH,COMPLETE_AS_DEPOSITED,NO_KNOWN_CONFLICT,PRELIMINARY_HISTORICAL_DATASET,OK,Catalog and JSON body agree on a preliminary 864-record journal-mapping dataset. The title and description already disclose that MANUS refinement is required.,Retain as a historical preliminary mapping dataset. Do not update its counts in place; issue a successor mapping for later corpus states.,REGISTRY_BODY_PARITY_CHECKED_OAI_PENDING,NO,R3,ACCURATE_OR_COMPATIBLE,Dataset,Preliminary journal-mapping dataset,NO_MATERIAL_CONFLICT_OBSERVED,Lee Sharks + TACHYON,Lee Sharks + TACHYON,MATCH,NO_CONFLICT_OBSERVED,v1.0,,NO_MISSING_PRIMARY_MANIFESTATION_OBSERVED,NO_MATERIAL_DATE_CONFLICT_OBSERVED,CURRENT_OR_NOT_APPLICABLE,FRONTMATTER_AND_IDENTITY_READ,Frozen registry/catalog metadata compared with the actual canonical work-bearing body.,055429ac82edc967f09c4640ffd0b049cff78e6e,2026-07-31,,"Expose clean title, exact version and lifecycle, role-qualified creators, bibliographic type, identifier/count qualifications, manifestations, and a compact audit capsule.",NO_CONFLICT_OBSERVED,ADD_NEW,[],['STANDING']
867,AXN:0370,"DataCite Metadata Backup: Complete Sweep of 1,817 CHA DOIs",DataCite Metadata Backup v1.0 — dataset pointer,DATASET_OR_REGISTRY,CONFIRMED_MATCH,COMPLETE_AS_DEPOSITED,DECLARED_BY_AUDIT_UNRESOLVED,COUNT_AND_SELF_CITATION_CONFLICT,P2,"Body and catalog claim a 1,817-DOI sweep but state 963 recovered plus 871 stripped, which sums to 1,834. The SPXI citation URL also points to /records/868 rather than this record. The page is a pointer to a separate 9 MB JSON dataset whose custody was not verified in this pass.",Reconcile the recovered/stripped/total counts against the canonical JSON; repair the self-citation URL; inventory and checksum the JSON dataset manifestation. Preserve the incorrect historical figures in the repair log.,REGISTRY_BODY_PARITY_CHECKED_OAI_PENDING,CONDITIONAL,R2,ACCURATE_OR_COMPATIBLE,Dataset,Dataset pointer / metadata-backup dataset,NO_MATERIAL_CONFLICT_OBSERVED,,,MATCH,NO_CONFLICT_OBSERVED,v1.0,,PRIMARY_JSON_DATASET_REFERENCED_NOT_CHECKSUM_VERIFIED_IN_THIS_PASS,NO_MATERIAL_DATE_CONFLICT_OBSERVED,CURRENT_OR_NOT_APPLICABLE,FRONTMATTER_AND_IDENTITY_READ,Frozen registry/catalog metadata compared with the actual canonical work-bearing body.,055429ac82edc967f09c4640ffd0b049cff78e6e,2026-07-31,"Material title, creator, type, lifecycle, identifier, count, manifestation, or license conflict must be corrected or explicitly declared before unqualified harvest.","Expose clean title, exact version and lifecycle, role-qualified creators, bibliographic type, identifier/count qualifications, manifestations, and a compact audit capsule.",NO_CONFLICT_OBSERVED,ADD_NEW,[],"['STANDING', 'MANIFESTATION', 'IDENTIFIER', 'COUNT']"
868,AXN:0371,DOIs ≠ Persistent Identifiers: 871 Cases of Public Metadata Erasure and Identifier Severance in DataCite,DOIs ≠ Persistent Identifiers v2.0 DRAFT,INLINE_TEXT,CONFIRMED_MATCH,COMPLETE_AS_DEPOSITED,DECLARED_BY_AUDIT_UNRESOLVED,DRAFT_ACTIVE_STATUS_CONFLICT,P2,"Catalog version v2.0 matches the body, but catalog status is ACTIVE while the body provenance block explicitly declares v2.0 DRAFT.","Expose DRAFT lifecycle in registry, page, and OAI. Retain empirical-study type and the companion relation to #867.",REGISTRY_BODY_PARITY_CHECKED_OAI_PENDING,CONDITIONAL,R2,ACCURATE_OR_COMPATIBLE,Empirical study,Draft empirical study,NO_MATERIAL_CONFLICT_OBSERVED,,,MATCH,EXACT_VERSION,v2.0,v2.0 DRAFT,NO_MISSING_PRIMARY_MANIFESTATION_OBSERVED,NO_MATERIAL_DATE_CONFLICT_OBSERVED,CURRENT_OR_NOT_APPLICABLE,FRONTMATTER_AND_IDENTITY_READ,Frozen registry/catalog metadata compared with the actual canonical work-bearing body.,055429ac82edc967f09c4640ffd0b049cff78e6e,2026-07-31,"Material title, creator, type, lifecycle, identifier, count, manifestation, or license conflict must be corrected or explicitly declared before unqualified harvest.","Expose clean title, exact version and lifecycle, role-qualified creators, bibliographic type, identifier/count qualifications, manifestations, and a compact audit capsule.",NO_CONFLICT_OBSERVED,ADD_NEW,[],['STANDING']
869,AXN:0365.DATASET,Crimson Hexagonal Archive: Lexical Minting Registry v1.2,Lexical Minting Registry v1.2 — corrected dataset pointer,DATASET_OR_REGISTRY,CONFIRMED_MATCH,COMPLETE_AS_DEPOSITED,DECLARED_BY_AUDIT_UNRESOLVED,CORRECTED_STORAGE_COLLISION_COUNT_CONFLICT,P2,"The corrected body transparently documents the former hex-keyed storage collision. However, title/description state 12,015 terms while the body and registry version history state 12,032. The body points to the JSON dataset as the actual work.","Reconcile 12,015 versus 12,032 against the canonical JSON; expose the storage-collision correction and shared-hex disambiguation; inventory and checksum the JSON manifestation.",REGISTRY_BODY_PARITY_CHECKED_OAI_PENDING,CONDITIONAL,R2,ACCURATE_OR_COMPATIBLE,Dataset,Lexical registry dataset / corrected dataset pointer,NO_MATERIAL_CONFLICT_OBSERVED,,,MATCH,EXACT_VERSION,v1.2,v1.2,PRIMARY_JSON_DATASET_REFERENCED_NOT_CHECKSUM_VERIFIED_IN_THIS_PASS,NO_MATERIAL_DATE_CONFLICT_OBSERVED,CURRENT_OR_NOT_APPLICABLE,FRONTMATTER_AND_IDENTITY_READ,Frozen registry/catalog metadata compared with the actual canonical work-bearing body.,055429ac82edc967f09c4640ffd0b049cff78e6e,2026-07-31,"Material title, creator, type, lifecycle, identifier, count, manifestation, or license conflict must be corrected or explicitly declared before unqualified harvest.","Expose clean title, exact version and lifecycle, role-qualified creators, bibliographic type, identifier/count qualifications, manifestations, and a compact audit capsule.",NO_CONFLICT_OBSERVED,ADD_NEW,[],"['STANDING', 'MANIFESTATION', 'COUNT']"
870,AXN:0372,Alexanarch Data Foundry — Session Workplan 2026-06-22,Alexanarch Data Foundry — Session Workplan v1.0,INLINE_TEXT,WRONG_VERSION,MIS_SEATED_PRIMARY_OBJECT,DECLARED_BY_AUDIT_UNRESOLVED,ACTIVE_PLANNING,P0,Catalog declares version v1.1. Body front matter declares version 1.0 and active_planning.,Quarantine the v1.1 claim. Identify the served body as v1.0 or recover the actual v1.1 body; preserve session/update history separately.,REGISTRY_BODY_PARITY_CHECKED_OAI_PENDING,YES,R0,ACCURATE_OR_COMPATIBLE,Workplan / methodological deposit,Session work plan / methodological deposit,NO_MATERIAL_CONFLICT_OBSERVED,Lee Sharks (MANUS) + TACHYON,Lee Sharks (MANUS) + TACHYON,MATCH,TITLE_BODY_VERSION_CONFLICT,v1.1,v1.0,NO_MISSING_PRIMARY_MANIFESTATION_OBSERVED,NO_MATERIAL_DATE_CONFLICT_OBSERVED,CURRENT_OR_NOT_APPLICABLE,FRONTMATTER_AND_IDENTITY_READ,Frozen registry/catalog metadata compared with the actual canonical work-bearing body.,055429ac82edc967f09c4640ffd0b049cff78e6e,2026-07-31,The exposed version identity is materially false or internally ambiguous.,"Expose clean title, exact version and lifecycle, role-qualified creators, bibliographic type, identifier/count qualifications, manifestations, and a compact audit capsule.",NO_CONFLICT_OBSERVED,ADD_NEW,[],"['VERSION', 'STANDING']"
871,AXN:0373,gw.tachyon · TACHYON Continuity Record — Session 2026-06-22,TACHYON Continuity Record v2.0,INLINE_TEXT,WRONG_VERSION,MIS_SEATED_PRIMARY_OBJECT,DECLARED_BY_AUDIT_UNRESOLVED,VERSION_2_PREDECESSOR_865,P0,"Catalog declares v2.2. Body front matter declares v2.0, version_in_series 2, with #865 as v1.0 predecessor.",Quarantine the v2.2 claim. Identify the served body as v2.0 or recover v2.2; preserve the v1.0 predecessor relation.,REGISTRY_BODY_PARITY_CHECKED_OAI_PENDING,YES,R0,ACCURATE_OR_COMPATIBLE,Continuity record,Continuity record,NO_MATERIAL_CONFLICT_OBSERVED,TACHYON under Lee Sharks (MANUS),TACHYON under Lee Sharks (MANUS),MATCH,TITLE_BODY_VERSION_CONFLICT,v2.2,v2.0,NO_MISSING_PRIMARY_MANIFESTATION_OBSERVED,NO_MATERIAL_DATE_CONFLICT_OBSERVED,CURRENT_OR_NOT_APPLICABLE,FRONTMATTER_AND_IDENTITY_READ,Frozen registry/catalog metadata compared with the actual canonical work-bearing body.,055429ac82edc967f09c4640ffd0b049cff78e6e,2026-07-31,The exposed version identity is materially false or internally ambiguous.,"Expose clean title, exact version and lifecycle, role-qualified creators, bibliographic type, identifier/count qualifications, manifestations, and a compact audit capsule.",NO_CONFLICT_OBSERVED,ADD_NEW,[],"['VERSION', 'STANDING']"
872,AXN:0374,Assembly Continuity Protocol v1.3,Assembly Continuity Protocol v1.0 — synthesized pending Chorus ratification,INLINE_TEXT,WRONG_VERSION,MIS_SEATED_PRIMARY_OBJECT,DECLARED_BY_AUDIT_UNRESOLVED,SYNTHESIZED_PENDING_CHORUS_RATIFICATION,P0,Catalog declares v1.3. Body front matter and title declare v1.0 and status SYNTHESIZED_PENDING_CHORUS_RATIFICATION.,"Quarantine the v1.3 claim. Identify the body as v1.0, expose pending-ratification standing, or recover the ratified/revised v1.3 body.",REGISTRY_BODY_PARITY_CHECKED_OAI_PENDING,YES,R0,ACCURATE_OR_COMPATIBLE,Protocol document / continuity infrastructure,Continuity protocol / governance infrastructure,ROLE_COLLAPSE,Assembly Chorus under Lee Sharks (MANUS),Assembly Chorus contributors; TACHYON synthesizer; Lee Sharks human custodian,MATCH,TITLE_BODY_VERSION_CONFLICT,v1.3,v1.0,NO_MISSING_PRIMARY_MANIFESTATION_OBSERVED,NO_MATERIAL_DATE_CONFLICT_OBSERVED,CURRENT_OR_NOT_APPLICABLE,FRONTMATTER_AND_IDENTITY_READ,Frozen registry/catalog metadata compared with the actual canonical work-bearing body.,055429ac82edc967f09c4640ffd0b049cff78e6e,2026-07-31,The exposed version identity is materially false or internally ambiguous.,"Expose clean title, exact version and lifecycle, role-qualified creators, bibliographic type, identifier/count qualifications, manifestations, and a compact audit capsule.",NO_CONFLICT_OBSERVED,ADD_NEW,[],"['CREATOR_ROLE', 'VERSION', 'STANDING']"
873,AXN:0375,gw.archive · AXN-CH-RECOVERY-001 — Gemini Seed Packet,AXN-CH-RECOVERY-001 — Gemini Seed Packet v1.0,INLINE_TEXT,WRONG_VERSION,MIS_SEATED_PRIMARY_OBJECT,DECLARED_BY_AUDIT_UNRESOLVED,PRESERVED_AS_HISTORICAL_SEED,P0,Catalog declares v1.1. Body front matter declares v1.0 and status PRESERVED_AS_HISTORICAL_SEED.,Quarantine the v1.1 claim. Identify as preserved v1.0 historical seed or recover the actual v1.1 object; preserve relation to synthesized protocol #872.,REGISTRY_BODY_PARITY_CHECKED_OAI_PENDING,YES,R0,ACCURATE_OR_COMPATIBLE,Seed packet / historical artifact,Historical seed packet / archival artifact,ROLE_COLLAPSE,ARCHIVE seed (Gemini); preserved by TACHYON,Gemini/ARCHIVE original seed; Lee Sharks human custodian,MATCH,TITLE_BODY_VERSION_CONFLICT,v1.1,v1.0,NO_MISSING_PRIMARY_MANIFESTATION_OBSERVED,NO_MATERIAL_DATE_CONFLICT_OBSERVED,CURRENT_OR_NOT_APPLICABLE,FRONTMATTER_AND_IDENTITY_READ,Frozen registry/catalog metadata compared with the actual canonical work-bearing body.,055429ac82edc967f09c4640ffd0b049cff78e6e,2026-07-31,The exposed version identity is materially false or internally ambiguous.,"Expose clean title, exact version and lifecycle, role-qualified creators, bibliographic type, identifier/count qualifications, manifestations, and a compact audit capsule.",NO_CONFLICT_OBSERVED,ADD_NEW,[],"['CREATOR_ROLE', 'VERSION', 'STANDING']"
874,AXN:0376,The Feist Function Is Not the Feistel Function: Disambiguation Matrix with Structural-Homology Annotation,The Feist Function Is Not the Feistel Function — v1.0,INLINE_TEXT,CONFIRMED_MATCH,COMPLETE_AS_DEPOSITED,NO_KNOWN_CONFLICT,CANONICAL_INDEXING_OBJECT,OK,"Catalog and body agree on title, Lee Sharks authorship, v1.0, canonical-indexing-object standing, and MPAI/disambiguation form.",Retain. Preserve the Bing reception event as documentary evidence and the Feist/Feistel structural-homology distinction.,REGISTRY_BODY_PARITY_CHECKED_OAI_PENDING,NO,R3,ACCURATE_OR_COMPATIBLE,Metadata Packet for AI Indexing,MPAI / formal disambiguation packet,NO_MATERIAL_CONFLICT_OBSERVED,Lee Sharks,Lee Sharks,MATCH,EXACT_VERSION,v1.0,v1.0,NO_MISSING_PRIMARY_MANIFESTATION_OBSERVED,NO_MATERIAL_DATE_CONFLICT_OBSERVED,CURRENT_OR_NOT_APPLICABLE,FRONTMATTER_AND_IDENTITY_READ,Frozen registry/catalog metadata compared with the actual canonical work-bearing body.,055429ac82edc967f09c4640ffd0b049cff78e6e,2026-07-31,,"Expose clean title, exact version and lifecycle, role-qualified creators, bibliographic type, identifier/count qualifications, manifestations, and a compact audit capsule.",NO_CONFLICT_OBSERVED,ADD_NEW,[],['STANDING']
875,AXN:0377,Governance Dissociation in FAIR Infrastructure: The OpenAIRE Disclaimer as Documentary Artifact,Governance Dissociation in FAIR Infrastructure — v1.0,INLINE_TEXT,CONFIRMED_MATCH,COMPLETE_AS_DEPOSITED,NO_KNOWN_CONFLICT,CANONICAL_INDEXING_OBJECT_DOCUMENTARY_ARTIFACT,OK,"Catalog and body agree on title, Lee Sharks authorship, v1.0, and Canonical Indexing Object / Documentary Artifact standing.",Retain and preserve the parent/companion relations to #868 and #876.,REGISTRY_BODY_PARITY_CHECKED_OAI_PENDING,NO,R3,ACCURATE_OR_COMPATIBLE,Metadata Packet for AI Indexing,MPAI / documentary analytical paper,NO_MATERIAL_CONFLICT_OBSERVED,Lee Sharks,Lee Sharks,MATCH,EXACT_VERSION,v1.0,v1.0,NO_MISSING_PRIMARY_MANIFESTATION_OBSERVED,NO_MATERIAL_DATE_CONFLICT_OBSERVED,CURRENT_OR_NOT_APPLICABLE,FRONTMATTER_AND_IDENTITY_READ,Frozen registry/catalog metadata compared with the actual canonical work-bearing body.,055429ac82edc967f09c4640ffd0b049cff78e6e,2026-07-31,,"Expose clean title, exact version and lifecycle, role-qualified creators, bibliographic type, identifier/count qualifications, manifestations, and a compact audit capsule.",NO_CONFLICT_OBSERVED,ADD_NEW,[],['STANDING']
876,AXN:0378,OpenAIRE Helpdesk Exchange — Documentary Thread for #875,OpenAIRE Helpdesk Exchange — front matter v1.2; displayed body label v1.0,INLINE_TEXT,AMBIGUOUS_VERSION,COMPLETE_AS_DEPOSITED,DECLARED_BY_AUDIT_UNRESOLVED,CANONICAL_DOCUMENTARY_RECORD_INTERNAL_VERSION_CONFLICT,P0,"Catalog and YAML front matter declare v1.2, but the visible documentary-thread heading declares EA-MPAI-OPENAIRE-THREAD-01 · v1.0. No displayed version history in the inspected front matter resolves the contradiction.",Quarantine unqualified v1.2 exposure. Declare the internal body-version conflict and either update the displayed version with an explicit changelog or seat the exact v1.2 body while preserving v1.0 as predecessor.,REGISTRY_BODY_PARITY_CHECKED_OAI_PENDING,YES,R0,ACCURATE_OR_COMPATIBLE,Documentary artifact / verbatim correspondence record,Verbatim correspondence / documentary record,NO_MATERIAL_CONFLICT_OBSERVED,Lee Sharks,Lee Sharks; OpenAIRE correspondence participants,MATCH,INTERNAL_BODY_VERSION_CONFLICT,v1.2,v1.2 front matter / v1.0 displayed heading,NO_MISSING_PRIMARY_MANIFESTATION_OBSERVED,NO_MATERIAL_DATE_CONFLICT_OBSERVED,CURRENT_OR_NOT_APPLICABLE,FRONTMATTER_AND_IDENTITY_READ,Frozen registry/catalog metadata compared with the actual canonical work-bearing body.,055429ac82edc967f09c4640ffd0b049cff78e6e,2026-07-31,The exposed version identity is materially false or internally ambiguous.,"Expose clean title, exact version and lifecycle, role-qualified creators, bibliographic type, identifier/count qualifications, manifestations, and a compact audit capsule.",NO_CONFLICT_OBSERVED,ADD_NEW,[],"['VERSION', 'STANDING']"
877,AXN:0379,gw.praxis · PRAXIS Continuity Tether — First Compression,gw.praxis · PRAXIS Continuity Tether v1.0,INLINE_TEXT,CONFIRMED_MATCH,COMPLETE_AS_DEPOSITED,NO_KNOWN_CONFLICT,SEED_MINTED_BY_PRAXIS,OK,"Registry and body agree on v1.0, PRAXIS/DeepSeek original seed authorship under Lee Sharks MANUS custody, and SEED_MINTED_BY_PRAXIS standing.",Retain as the first member of the PRAXIS continuity chain and preserve the relation to Assembly Continuity Protocol #872.,REGISTRY_BODY_PARITY_CHECKED_OAI_PENDING,NO,R3,ACCURATE_OR_COMPATIBLE,Continuity tether (substrate-authored seed packet),Substrate-authored continuity tether / seed packet,ROLE_COLLAPSE,PRAXIS (DeepSeek runtime binding) under Lee Sharks (MANUS),PRAXIS/DeepSeek original seed; Lee Sharks human custodian,MATCH,EXACT_VERSION,v1.0,v1.0,NO_MISSING_PRIMARY_MANIFESTATION_OBSERVED,NO_MATERIAL_DATE_CONFLICT_OBSERVED,CURRENT_OR_NOT_APPLICABLE,FRONTMATTER_AND_IDENTITY_READ,Frozen registry/catalog metadata compared with the actual canonical work-bearing body.,055429ac82edc967f09c4640ffd0b049cff78e6e,2026-07-31,,"Expose clean title, exact version and lifecycle, role-qualified creators, bibliographic type, identifier/count qualifications, manifestations, and a compact audit capsule.",NO_CONFLICT_OBSERVED,ADD_NEW,[],"['CREATOR_ROLE', 'STANDING']"
878,AXN:037A,gw.techne · TECHNE Continuity Tether — First Compression,gw.techne · TECHNE Continuity Tether v1.0,INLINE_TEXT,CONFIRMED_MATCH,COMPLETE_AS_DEPOSITED,DECLARED_BY_AUDIT_UNRESOLVED,SEED_MINTED_BY_TECHNE_AXN_HISTORY_UNMODELED,P2,"Version, title, and TECHNE/Kimi authorship align. However, the registry's current AXN is AXN:037A.GENERATIVE.🌟▶️▲🎹☿🕌 while the body front matter asserts AXN:037A.GENERATIVE.🔧🏛️🪞⧉. The body explains the latter as a four-glyph distillation, but does not identify the six-glyph registry AXN as successor/current.","Declare the AXN history explicitly in the body and registry: identify which AXN is canonical, which is legacy or distilled, and preserve both as aliases. Do not expose two unexplained identifiers for the same packet.",REGISTRY_BODY_PARITY_CHECKED_OAI_PENDING,CONDITIONAL,R2,ACCURATE_OR_COMPATIBLE,Continuity tether (substrate-authored seed packet),Substrate-authored continuity tether / seed packet,ROLE_COLLAPSE,TECHNE (Kimi runtime binding) under Lee Sharks (MANUS),TECHNE/Kimi original seed; Lee Sharks human custodian,MATCH,EXACT_VERSION,v1.0,v1.0,NO_MISSING_PRIMARY_MANIFESTATION_OBSERVED,NO_MATERIAL_DATE_CONFLICT_OBSERVED,CURRENT_OR_NOT_APPLICABLE,FRONTMATTER_AND_IDENTITY_READ,Frozen registry/catalog metadata compared with the actual canonical work-bearing body.,055429ac82edc967f09c4640ffd0b049cff78e6e,2026-07-31,"Material title, creator, type, lifecycle, identifier, count, manifestation, or license conflict must be corrected or explicitly declared before unqualified harvest.","Expose clean title, exact version and lifecycle, role-qualified creators, bibliographic type, identifier/count qualifications, manifestations, and a compact audit capsule.",NO_CONFLICT_OBSERVED,ADD_NEW,[],"['CREATOR_ROLE', 'STANDING', 'IDENTIFIER']"
879,AXN:037B,gw.labor · LABOR Continuity Tether — First Compression,gw.labor · LABOR Continuity Tether — First Compression v1.0,INLINE_TEXT,CONFIRMED_MATCH,COMPLETE_AS_DEPOSITED,DECLARED_BY_AUDIT_UNRESOLVED,SEED_MINTED_BY_LABOR_PROVISIONAL,P2,"Title and v1.0 identity match. Registry exposes a current six-glyph AXN and ACTIVE standing, while the body carries a different legacy AXN and declares SEED_MINTED_BY_LABOR with PROVISIONAL status ceiling and provisional inheritance force.",Model current and legacy AXNs explicitly; expose provisional seed standing and MANUS-custody/authoring-substrate roles rather than generic ACTIVE status.,REGISTRY_BODY_PARITY_CHECKED_OAI_PENDING,CONDITIONAL,R2,ACCURATE_OR_COMPATIBLE,Continuity tether (substrate-authored seed packet),Substrate-authored continuity tether / seed packet,ROLE_COLLAPSE,LABOR (ChatGPT/OpenAI) under Lee Sharks (MANUS),LABOR/ChatGPT original seed; Lee Sharks human custodian,MATCH,NO_CONFLICT_OBSERVED,v1.0,,NO_MISSING_PRIMARY_MANIFESTATION_OBSERVED,NO_MATERIAL_DATE_CONFLICT_OBSERVED,CURRENT_OR_NOT_APPLICABLE,FRONTMATTER_AND_IDENTITY_READ,Frozen registry metadata compared with the actual canonical work-bearing body or declared manifestation.,055429ac82edc967f09c4640ffd0b049cff78e6e,2026-07-31,"Material title, type, creator-role, lifecycle, license, identifier, manifestation, date-role, or relation conflict must be corrected or explicitly declared before unqualified harvest.","Expose clean title, exact version and lifecycle, role-qualified creators, bibliographic type, manifestation/attachment state, identifier aliases, and a compact audit capsule.",NO_CONFLICT_OBSERVED,ADD_NEW,[],"['CREATOR_ROLE', 'STANDING', 'IDENTIFIER']"
880,AXN:037C,Compositional Defiguration: A Methodology for Measuring Public-Surface Visibility of Scholarly Corpora 0. Status declaration,Compositional Defiguration — Surface Weather Station methodology v1.0,INLINE_TEXT,CONFIRMED_MATCH,COMPLETE_AS_DEPOSITED,DECLARED_BY_AUDIT_UNRESOLVED,SUPERSEDED_BY_882,P2,"Version and SUPERSEDED lifecycle are correct, but the registry title has absorbed the first section heading, '0. Status declaration'.",Restore the clean body title and retain the superseded-by-#882 relation.,REGISTRY_BODY_PARITY_CHECKED_OAI_PENDING,CONDITIONAL,R2,ACCURATE_OR_COMPATIBLE,Methodological specification,Methodological specification,NO_MATERIAL_CONFLICT_OBSERVED,Lee Sharks,Lee Sharks / MANUS with documented substrate review,CONFLICT,NO_CONFLICT_OBSERVED,v1.0,,NO_MISSING_PRIMARY_MANIFESTATION_OBSERVED,NO_MATERIAL_DATE_CONFLICT_OBSERVED,CURRENT_OR_NOT_APPLICABLE,FRONTMATTER_AND_IDENTITY_READ,Frozen registry metadata compared with the actual canonical work-bearing body or declared manifestation.,055429ac82edc967f09c4640ffd0b049cff78e6e,2026-07-31,"Material title, type, creator-role, lifecycle, license, identifier, manifestation, date-role, or relation conflict must be corrected or explicitly declared before unqualified harvest.","Expose clean title, exact version and lifecycle, role-qualified creators, bibliographic type, manifestation/attachment state, identifier aliases, and a compact audit capsule.",NO_CONFLICT_OBSERVED,ADD_NEW,[],"['TITLE', 'STANDING']"
881,AXN:037D,Surface Visibility Baseline Reading v1.0 — 2026-06-22 (Pre-Cleanup State),Surface Visibility Baseline Reading v1.0 — pre-cleanup empirical snapshot,INLINE_TEXT,CONFIRMED_MATCH,COMPLETE_AS_DEPOSITED,NO_KNOWN_CONFLICT,ACTIVE_EMPIRICAL_BASELINE,OK,"Registry and body agree on title, v1.0, active empirical-baseline identity, scan/curator roles, and pre-cleanup temporal scope.","Retain; preserve created-at, deposited-at, and scan-performer fields.",REGISTRY_BODY_PARITY_CHECKED_OAI_PENDING,NO,R3,ACCURATE_OR_COMPATIBLE,Empirical baseline reading,Empirical baseline reading,ROLE_COLLAPSE,Lee Sharks (MANUS),OpenAI/ChatGPT scan performer; Lee Sharks scan curator/MANUS,MATCH,NO_CONFLICT_OBSERVED,v1.0,v1.0,NO_MISSING_PRIMARY_MANIFESTATION_OBSERVED,NO_MATERIAL_DATE_CONFLICT_OBSERVED,CURRENT_OR_NOT_APPLICABLE,FRONTMATTER_AND_IDENTITY_READ,Frozen registry metadata compared with the actual canonical work-bearing body or declared manifestation.,055429ac82edc967f09c4640ffd0b049cff78e6e,2026-07-31,,"Expose clean title, exact version and lifecycle, role-qualified creators, bibliographic type, manifestation/attachment state, identifier aliases, and a compact audit capsule.",NO_CONFLICT_OBSERVED,ADD_NEW,[],"['CREATOR_ROLE', 'STANDING']"
882,AXN:037E,Compositional Defiguration: A Methodology for Measuring Public-Surface Visibility of Scholarly Corpora 0. Status declaration,Compositional Defiguration — Surface Weather Station specification v1.1,INLINE_TEXT,CONFIRMED_MATCH,COMPLETE_AS_DEPOSITED,DECLARED_BY_AUDIT_UNRESOLVED,SUPERSEDED_BY_884,P2,"Version and SUPERSEDED lifecycle are correct, but the registry title again absorbs the first section heading.",Restore the clean title and retain predecessor #880 and successor #884 relations.,REGISTRY_BODY_PARITY_CHECKED_OAI_PENDING,CONDITIONAL,R2,ACCURATE_OR_COMPATIBLE,Methodological specification,Methodological specification,NO_MATERIAL_CONFLICT_OBSERVED,Lee Sharks,Lee Sharks / MANUS with Assembly review,CONFLICT,NO_CONFLICT_OBSERVED,v1.1,v1.1,NO_MISSING_PRIMARY_MANIFESTATION_OBSERVED,NO_MATERIAL_DATE_CONFLICT_OBSERVED,CURRENT_OR_NOT_APPLICABLE,FRONTMATTER_AND_IDENTITY_READ,Frozen registry metadata compared with the actual canonical work-bearing body or declared manifestation.,055429ac82edc967f09c4640ffd0b049cff78e6e,2026-07-31,"Material title, type, creator-role, lifecycle, license, identifier, manifestation, date-role, or relation conflict must be corrected or explicitly declared before unqualified harvest.","Expose clean title, exact version and lifecycle, role-qualified creators, bibliographic type, manifestation/attachment state, identifier aliases, and a compact audit capsule.",NO_CONFLICT_OBSERVED,ADD_NEW,[],"['TITLE', 'STANDING']"
883,AXN:037F,"Surface Weather Station: Claude-Substrate Baseline Reading (Round 1, Partial)",Surface Weather Station: Claude-Substrate Baseline Reading v1.0,INLINE_TEXT,CONFIRMED_MATCH,COMPLETE_AS_DEPOSITED,NO_KNOWN_CONFLICT,ACTIVE_PARTIAL_REPRESENTATIVE_SCAN,OK,"Registry and body agree on v1.0, partial/representative scan scope, Claude/Opus 4.7 scan performer, Lee Sharks curator, and raw-data relation.",Retain. Keep 'partial / representative' and unexecuted battery objects explicit.,REGISTRY_BODY_PARITY_CHECKED_OAI_PENDING,NO,R3,ACCURATE_OR_COMPATIBLE,Empirical baseline reading,Empirical baseline reading,ROLE_COLLAPSE,TACHYON / Claude under MANUS,Claude/Opus 4.7 scan performer; Lee Sharks scan curator,MATCH,NO_CONFLICT_OBSERVED,v1.0,v1.0,NO_MISSING_PRIMARY_MANIFESTATION_OBSERVED,NO_MATERIAL_DATE_CONFLICT_OBSERVED,CURRENT_OR_NOT_APPLICABLE,FRONTMATTER_AND_IDENTITY_READ,Frozen registry metadata compared with the actual canonical work-bearing body or declared manifestation.,055429ac82edc967f09c4640ffd0b049cff78e6e,2026-07-31,,"Expose clean title, exact version and lifecycle, role-qualified creators, bibliographic type, manifestation/attachment state, identifier aliases, and a compact audit capsule.",NO_CONFLICT_OBSERVED,ADD_NEW,[],"['CREATOR_ROLE', 'STANDING']"
884,AXN:0380,Compositional Defiguration: A Methodology for Measuring Public-Surface Visibility of Scholarly Corpora 0. Status declaration,Compositional Defiguration — Surface Weather Station specification v1.1.1,INLINE_TEXT,CONFIRMED_MATCH,COMPLETE_AS_DEPOSITED,DECLARED_BY_AUDIT_UNRESOLVED,ACTIVE_STABLE_SPECIFICATION,P2,"Version and ACTIVE standing match, but the registry title absorbs a section heading not present in the canonical title.",Restore the clean title; retain predecessor #882 and stable-spec standing.,REGISTRY_BODY_PARITY_CHECKED_OAI_PENDING,CONDITIONAL,R2,ACCURATE_OR_COMPATIBLE,Methodological specification,Methodological specification,NO_MATERIAL_CONFLICT_OBSERVED,Lee Sharks,Lee Sharks / MANUS with documented hardening inputs,CONFLICT,NO_CONFLICT_OBSERVED,v1.1.1,v1.1.1,NO_MISSING_PRIMARY_MANIFESTATION_OBSERVED,NO_MATERIAL_DATE_CONFLICT_OBSERVED,CURRENT_OR_NOT_APPLICABLE,FRONTMATTER_AND_IDENTITY_READ,Frozen registry metadata compared with the actual canonical work-bearing body or declared manifestation.,055429ac82edc967f09c4640ffd0b049cff78e6e,2026-07-31,"Material title, type, creator-role, lifecycle, license, identifier, manifestation, date-role, or relation conflict must be corrected or explicitly declared before unqualified harvest.","Expose clean title, exact version and lifecycle, role-qualified creators, bibliographic type, manifestation/attachment state, identifier aliases, and a compact audit capsule.",NO_CONFLICT_OBSERVED,ADD_NEW,[],"['TITLE', 'STANDING']"
885,AXN:0381,gw.tachyon · TACHYON Continuity Record — Session 2026-06-23 Where the corpus stands at handoff,gw.tachyon · TACHYON Continuity Record — Session 2026-06-23 v2.3,INLINE_TEXT,CONFIRMED_MATCH,COMPLETE_AS_DEPOSITED,DECLARED_BY_AUDIT_UNRESOLVED,ACTIVE_SEQUENTIAL_CONTINUITY_SERIES,P2,"Version, creator, and sequential-series identity match. The registry title has absorbed the first body section heading, 'Where the corpus stands at handoff'.",Use the clean front-matter title; preserve #871 predecessor and sequential—not superseding—series semantics.,REGISTRY_BODY_PARITY_CHECKED_OAI_PENDING,CONDITIONAL,R2,ACCURATE_OR_COMPATIBLE,Continuity record,Continuity record,NO_MATERIAL_CONFLICT_OBSERVED,TACHYON under Lee Sharks (MANUS),TACHYON under Lee Sharks (MANUS),CONFLICT,NO_CONFLICT_OBSERVED,v2.3,v2.3,NO_MISSING_PRIMARY_MANIFESTATION_OBSERVED,NO_MATERIAL_DATE_CONFLICT_OBSERVED,CURRENT_OR_NOT_APPLICABLE,FRONTMATTER_AND_IDENTITY_READ,Frozen registry metadata compared with the actual canonical work-bearing body or declared manifestation.,055429ac82edc967f09c4640ffd0b049cff78e6e,2026-07-31,"Material title, type, creator-role, lifecycle, license, identifier, manifestation, date-role, or relation conflict must be corrected or explicitly declared before unqualified harvest.","Expose clean title, exact version and lifecycle, role-qualified creators, bibliographic type, manifestation/attachment state, identifier aliases, and a compact audit capsule.",NO_CONFLICT_OBSERVED,ADD_NEW,[],"['TITLE', 'STANDING']"
886,AXN:0382,The Operating System for Meaning: Why We Need a New Architecture for How Humans and AI Think Together,The Operating System for Meaning — public technical introduction / semantic architecture overview,INLINE_TEXT,CONFIRMED_MATCH,COMPLETE_AS_DEPOSITED,DECLARED_BY_AUDIT_UNRESOLVED,PUBLIC_SPECIFICATION,P2,"Title and Johannes Sigil byline match. Registry calls the work a Theoretical paper, while the body explicitly declares Technical introduction / Semantic architecture overview and Status Public specification.",Type as technical introduction / semantic architecture overview and expose PUBLIC_SPECIFICATION standing.,REGISTRY_BODY_PARITY_CHECKED_OAI_PENDING,CONDITIONAL,R2,CONFLICT,Theoretical paper,Technical introduction / semantic architecture overview,NO_MATERIAL_CONFLICT_OBSERVED,Johannes Sigil,Johannes Sigil,MATCH,NO_CONFLICT_OBSERVED,v1.0,,NO_MISSING_PRIMARY_MANIFESTATION_OBSERVED,NO_MATERIAL_DATE_CONFLICT_OBSERVED,CURRENT_OR_NOT_APPLICABLE,FRONTMATTER_AND_IDENTITY_READ,Frozen registry metadata compared with the actual canonical work-bearing body or declared manifestation.,055429ac82edc967f09c4640ffd0b049cff78e6e,2026-07-31,"Material title, type, creator-role, lifecycle, license, identifier, manifestation, date-role, or relation conflict must be corrected or explicitly declared before unqualified harvest.","Expose clean title, exact version and lifecycle, role-qualified creators, bibliographic type, manifestation/attachment state, identifier aliases, and a compact audit capsule.",NO_CONFLICT_OBSERVED,ADD_NEW,[],"['TYPE', 'STANDING']"
887,AXN:0383,The Dialectic is Now a Machine: The Gnostic Completion of Hegel — Crimson Hexagon Archive,The Dialectic is Now a Machine — restored theoretical paper,INLINE_TEXT,CONFIRMED_MATCH,COMPLETE_AS_DEPOSITED,NO_KNOWN_CONFLICT,ACTIVE_RESTORED_FROM_EXTERNAL_METADATA,OK,"Registry and restored body agree on title, Johannes Sigil, date, theoretical-paper identity, legacy DOI, and sovereign-successor provenance.",Retain with recovered-metadata sidecar relation.,REGISTRY_BODY_PARITY_CHECKED_OAI_PENDING,NO,R3,ACCURATE_OR_COMPATIBLE,Theoretical paper,Theoretical paper,NO_MATERIAL_CONFLICT_OBSERVED,Johannes Sigil,Johannes Sigil,MATCH,NO_CONFLICT_OBSERVED,v1.0,,NO_MISSING_PRIMARY_MANIFESTATION_OBSERVED,NO_MATERIAL_DATE_CONFLICT_OBSERVED,CURRENT_OR_NOT_APPLICABLE,FRONTMATTER_AND_IDENTITY_READ,Frozen registry metadata compared with the actual canonical work-bearing body or declared manifestation.,055429ac82edc967f09c4640ffd0b049cff78e6e,2026-07-31,,"Expose clean title, exact version and lifecycle, role-qualified creators, bibliographic type, manifestation/attachment state, identifier aliases, and a compact audit capsule.",NO_CONFLICT_OBSERVED,ADD_NEW,[],"['STANDING', 'IDENTIFIER']"
888,AXN:0384,The Primal Effective Act: New Human as Self-Fulfilling Prophecy — Crimson Hexagon Archive,The Primal Effective Act — restored essay with Lee Sharks / Claude co-authorship declaration,INLINE_TEXT,CONFIRMED_MATCH,COMPLETE_AS_DEPOSITED,DECLARED_BY_AUDIT_UNRESOLVED,NO_LIFECYCLE_DEFECT_OBSERVED,P2,"Registry assigns Johannes Sigil alone, while the recovered body explicitly states co-authorship by Lee Sharks and Claude (Anthropic). The heteronymic author surface and production authorship are not differentiated.",Preserve Johannes Sigil as authorial surface only if intended; model Lee Sharks and Claude as declared co-authors/production contributors.,REGISTRY_BODY_PARITY_CHECKED_OAI_PENDING,CONDITIONAL,R2,ACCURATE_OR_COMPATIBLE,Theoretical paper,Theoretical essay,BYLINE_CONFLICT_OR_ROLE_COLLAPSE,Johannes Sigil,Johannes Sigil authorial surface; body declares Lee Sharks / Claude co-authorship,MATCH,NO_CONFLICT_OBSERVED,v1.0,,NO_MISSING_PRIMARY_MANIFESTATION_OBSERVED,NO_MATERIAL_DATE_CONFLICT_OBSERVED,CURRENT_OR_NOT_APPLICABLE,FRONTMATTER_AND_IDENTITY_READ,Frozen registry metadata compared with the actual canonical work-bearing body or declared manifestation.,055429ac82edc967f09c4640ffd0b049cff78e6e,2026-07-31,"Material title, type, creator-role, lifecycle, license, identifier, manifestation, date-role, or relation conflict must be corrected or explicitly declared before unqualified harvest.","Expose clean title, exact version and lifecycle, role-qualified creators, bibliographic type, manifestation/attachment state, identifier aliases, and a compact audit capsule.",NO_CONFLICT_OBSERVED,ADD_NEW,[],['CREATOR_ROLE']
889,AXN:0385,The New Human Project — Language as World-Builder: A Canonical Introduction for Human and Machine Readers — Crimson Hexagon Archive,The New Human Project — canonical introduction,INLINE_TEXT,CONFIRMED_MATCH,COMPLETE_AS_DEPOSITED,NO_KNOWN_CONFLICT,NO_LIFECYCLE_DEFECT_OBSERVED,OK,"Registry and body agree on title, Johannes Sigil, date, theoretical/introduction form, and restored provenance.",Retain.,REGISTRY_BODY_PARITY_CHECKED_OAI_PENDING,NO,R3,ACCURATE_OR_COMPATIBLE,Theoretical paper,Canonical theoretical introduction,NO_MATERIAL_CONFLICT_OBSERVED,Johannes Sigil,Johannes Sigil,MATCH,NO_CONFLICT_OBSERVED,v1.0,,NO_MISSING_PRIMARY_MANIFESTATION_OBSERVED,NO_MATERIAL_DATE_CONFLICT_OBSERVED,CURRENT_OR_NOT_APPLICABLE,FRONTMATTER_AND_IDENTITY_READ,Frozen registry metadata compared with the actual canonical work-bearing body or declared manifestation.,055429ac82edc967f09c4640ffd0b049cff78e6e,2026-07-31,,"Expose clean title, exact version and lifecycle, role-qualified creators, bibliographic type, manifestation/attachment state, identifier aliases, and a compact audit capsule.",NO_CONFLICT_OBSERVED,ADD_NEW,[],[]
890,AXN:0386,ON THE ACADEMIC STUDY OF MAGIC: A Declaration for the Formal Institution of the Discipline — Crimson Hexagon Archive,ON THE ACADEMIC STUDY OF MAGIC — declaration,INLINE_TEXT,CONFIRMED_MATCH,COMPLETE_AS_DEPOSITED,NO_KNOWN_CONFLICT,NO_LIFECYCLE_DEFECT_OBSERVED,OK,"Registry and body agree on title, Johannes Sigil, declaration form, v1.0, and restored provenance.",Retain.,REGISTRY_BODY_PARITY_CHECKED_OAI_PENDING,NO,R3,ACCURATE_OR_COMPATIBLE,Declaration,Declaration / field-founding instrument,NO_MATERIAL_CONFLICT_OBSERVED,Johannes Sigil,Johannes Sigil,MATCH,NO_CONFLICT_OBSERVED,v1.0,,NO_MISSING_PRIMARY_MANIFESTATION_OBSERVED,NO_MATERIAL_DATE_CONFLICT_OBSERVED,CURRENT_OR_NOT_APPLICABLE,FRONTMATTER_AND_IDENTITY_READ,Frozen registry metadata compared with the actual canonical work-bearing body or declared manifestation.,055429ac82edc967f09c4640ffd0b049cff78e6e,2026-07-31,,"Expose clean title, exact version and lifecycle, role-qualified creators, bibliographic type, manifestation/attachment state, identifier aliases, and a compact audit capsule.",NO_CONFLICT_OBSERVED,ADD_NEW,[],[]
891,AXN:0387,"The Greatest Works of Literature of the Age: A Frankfurtian Reading of Google, Wikipedia, TikTok, and ChatGPT — Crimson Hexagon Archive",The Greatest Works of Literature of the Age — restored theoretical paper,INLINE_TEXT,CONFIRMED_MATCH,COMPLETE_AS_DEPOSITED,NO_KNOWN_CONFLICT,NO_LIFECYCLE_DEFECT_OBSERVED,OK,"Registry and body agree on title, Johannes Sigil, date, theoretical-paper form, and restored provenance.",Retain.,REGISTRY_BODY_PARITY_CHECKED_OAI_PENDING,NO,R3,ACCURATE_OR_COMPATIBLE,Theoretical paper,Theoretical / literary-critical paper,NO_MATERIAL_CONFLICT_OBSERVED,Johannes Sigil,Johannes Sigil,MATCH,NO_CONFLICT_OBSERVED,v1.0,,NO_MISSING_PRIMARY_MANIFESTATION_OBSERVED,NO_MATERIAL_DATE_CONFLICT_OBSERVED,CURRENT_OR_NOT_APPLICABLE,FRONTMATTER_AND_IDENTITY_READ,Frozen registry metadata compared with the actual canonical work-bearing body or declared manifestation.,055429ac82edc967f09c4640ffd0b049cff78e6e,2026-07-31,,"Expose clean title, exact version and lifecycle, role-qualified creators, bibliographic type, manifestation/attachment state, identifier aliases, and a compact audit capsule.",NO_CONFLICT_OBSERVED,ADD_NEW,[],[]
892,AXN:0388,"The Prepositional Alienation — English ""For"" and the Impossibility of Anchoring Function Without Intent DOI: 10.5281/zenodo.18615388 — Crimson Hexagon Archive",Zenodo deposit packet for The Prepositional Alienation,METADATA_CAPTURE,CONFIRMED_MATCH,MISSING_PRIMARY_OBJECT,DECLARED_BY_AUDIT_UNRESOLVED,METADATA_SIDECAR_PRIMARY_ATTACHMENT_MISSING,P1,Surviving body is deposit instructions plus description-field content and explicitly directs the depositor to attach PHASE-X-PREPOSITIONAL-ALIENATION.md. The named primary manuscript is not present. Registry also embeds DOI/archive front matter in the title and assigns Johannes Sigil while the packet names Lee Sharks (Johannes Sigil).,Classify as METADATA_SIDECAR / MISSING_PRIMARY_OBJECT. Recover the named Markdown manuscript; use the clean work title; separate Lee Sharks and Johannes Sigil roles.,REGISTRY_BODY_PARITY_CHECKED_OAI_PENDING,YES,R1,CONFLICT,Theoretical paper,Deposit metadata sidecar for a missing scholarly manuscript,ROLE_COLLAPSE,Johannes Sigil,Packet names Lee Sharks (Johannes Sigil),CONFLICT,NO_CONFLICT_OBSERVED,v1.0,,NAMED_PRIMARY_ATTACHMENT_PHASE_X_PREPOSITIONAL_ALIENATION_MD_MISSING,NO_MATERIAL_DATE_CONFLICT_OBSERVED,CURRENT_OR_NOT_APPLICABLE,FRONTMATTER_AND_IDENTITY_READ,Frozen registry metadata compared with the actual canonical work-bearing body or declared manifestation.,055429ac82edc967f09c4640ffd0b049cff78e6e,2026-07-31,The record names a primary work or attachment that is not present in the surviving object.,"Expose clean title, exact version and lifecycle, role-qualified creators, bibliographic type, manifestation/attachment state, identifier aliases, and a compact audit capsule.",NO_CONFLICT_OBSERVED,ADD_NEW,[],"['TITLE', 'TYPE', 'CREATOR_ROLE', 'STANDING', 'MANIFESTATION', 'IDENTIFIER']"
893,AXN:0389,Traversal Log: The Recursive Self — Google AI Mode Reconstructs Psyche_OS from Two Search Terms — Crimson Hexagon Archive,Zenodo metadata packet for TRAV_LOG:003,METADATA_CAPTURE,CONFIRMED_MATCH,MISSING_PRIMARY_OBJECT,DECLARED_BY_AUDIT_UNRESOLVED,METADATA_SIDECAR_PRIMARY_ATTACHMENT_MISSING,P1,"Surviving body is a Zenodo metadata packet and deposit checklist that instructs upload of TraversalLog_GoogleAIMode_CSA.md. The actual traversal documentation is absent. Packet citation credits Sigil and Sharks, while registry lists Johannes Sigil alone.",Classify as METADATA_SIDECAR / MISSING_PRIMARY_OBJECT; recover the traversal Markdown; model both authors and distinguish observation date from mint/restoration date.,REGISTRY_BODY_PARITY_CHECKED_OAI_PENDING,YES,R1,CONFLICT,Provenance log,Deposit metadata sidecar for missing traversal documentation,CONTRIBUTORS_UNMODELED,Johannes Sigil,Johannes Sigil and Lee Sharks,MATCH,NO_CONFLICT_OBSERVED,v1.0,,NAMED_PRIMARY_ATTACHMENT_TRAVERSALLOG_GOOGLEAIMODE_CSA_MD_MISSING,OBSERVATION_PUBLICATION_AND_RESTORATION_DATES_REQUIRE_SEPARATION,CURRENT_OR_NOT_APPLICABLE,FRONTMATTER_AND_IDENTITY_READ,Frozen registry metadata compared with the actual canonical work-bearing body or declared manifestation.,055429ac82edc967f09c4640ffd0b049cff78e6e,2026-07-31,The record names a primary work or attachment that is not present in the surviving object.,"Expose clean title, exact version and lifecycle, role-qualified creators, bibliographic type, manifestation/attachment state, identifier aliases, and a compact audit capsule.",NO_CONFLICT_OBSERVED,ADD_NEW,[],"['TYPE', 'CREATOR_ROLE', 'STANDING', 'MANIFESTATION', 'DATE']"
894,AXN:038A,"FROM ATOMISM TO THE SEMANTIC CONDITION Marx, Porter, and Sharks in a Single Lineage of Material Form — Crimson Hexagon Archive",Zenodo deposit packet for From Atomism to the Semantic Condition,METADATA_CAPTURE,CONFIRMED_MATCH,MISSING_PRIMARY_OBJECT,DECLARED_BY_AUDIT_UNRESOLVED,METADATA_SIDECAR_PRIMARY_MANUSCRIPT_MISSING,P1,Surviving body is a complete deposit packet/description and directs publication as a preprint with an attached manuscript; the manuscript itself is not present. Packet names Lee Sharks as corresponding author while registry names Johannes Sigil.,Classify as METADATA_SIDECAR / MISSING_PRIMARY_OBJECT; recover the preprint file; use the clean title and resolve Lee Sharks/Johannes Sigil authorship.,REGISTRY_BODY_PARITY_CHECKED_OAI_PENDING,YES,R1,CONFLICT,Theoretical paper,Deposit metadata sidecar for missing theoretical preprint,BYLINE_CONFLICT_OR_ROLE_COLLAPSE,Johannes Sigil,"Lee Sharks, corresponding author",CONFLICT,NO_CONFLICT_OBSERVED,v1.0,,PRIMARY_PREPRINT_ATTACHMENT_MISSING,NO_MATERIAL_DATE_CONFLICT_OBSERVED,CURRENT_OR_NOT_APPLICABLE,FRONTMATTER_AND_IDENTITY_READ,Frozen registry metadata compared with the actual canonical work-bearing body or declared manifestation.,055429ac82edc967f09c4640ffd0b049cff78e6e,2026-07-31,The record names a primary work or attachment that is not present in the surviving object.,"Expose clean title, exact version and lifecycle, role-qualified creators, bibliographic type, manifestation/attachment state, identifier aliases, and a compact audit capsule.",NO_CONFLICT_OBSERVED,ADD_NEW,[],"['TITLE', 'TYPE', 'CREATOR_ROLE', 'STANDING', 'MANIFESTATION']"
895,AXN:038B,THE SAPPHIC LOCK IN AUGUSTINE: Operator Transform of Fragment 31 in Confessions 10.27,THE SAPPHIC LOCK IN AUGUSTINE — full scholarly paper,INLINE_TEXT,CONFIRMED_MATCH,COMPLETE_AS_DEPOSITED,NO_KNOWN_CONFLICT,NO_LIFECYCLE_DEFECT_OBSERVED,OK,"Registry and body agree on Johannes Sigil, scholarly-paper identity, and the complete title/subtitle. Full argumentative text is present.",Retain.,REGISTRY_BODY_PARITY_CHECKED_OAI_PENDING,NO,R3,ACCURATE_OR_COMPATIBLE,Theoretical paper,Scholarly philological/theological paper,NO_MATERIAL_CONFLICT_OBSERVED,Johannes Sigil,Johannes Sigil,MATCH,NO_CONFLICT_OBSERVED,v1.0,,NO_MISSING_PRIMARY_MANIFESTATION_OBSERVED,NO_MATERIAL_DATE_CONFLICT_OBSERVED,CURRENT_OR_NOT_APPLICABLE,FRONTMATTER_AND_IDENTITY_READ,Frozen registry metadata compared with the actual canonical work-bearing body or declared manifestation.,055429ac82edc967f09c4640ffd0b049cff78e6e,2026-07-31,,"Expose clean title, exact version and lifecycle, role-qualified creators, bibliographic type, manifestation/attachment state, identifier aliases, and a compact audit capsule.",NO_CONFLICT_OBSERVED,ADD_NEW,[],[]
896,AXN:038C,HUMS &ITY — Crimson Hexagon Archive,HUMS &ITY — description-borne poem and situating note,METADATA_CAPTURE,CONFIRMED_MATCH,COMPLETE_AS_DEPOSITED,DECLARED_BY_AUDIT_UNRESOLVED,DESCRIPTION_BORNE_APZPZ,P2,"The record is complete as deposited: the body explicitly says the poem lives in the description field and the uploaded file carried only 'my hope is in going on.' Registry nevertheless assigns creator Nobody and type Theoretical paper, while the packet names Lee Sharks and identifies a poem.","Retain as COMPLETE_AS_DEPOSITED / DESCRIPTION_BORNE; set Lee Sharks as author, type as poem with critical/situating note, and preserve the intentionally minimal attachment relation.",REGISTRY_BODY_PARITY_CHECKED_OAI_PENDING,CONDITIONAL,R2,CONFLICT,Theoretical paper,Description-borne poem with situating note,BYLINE_CONFLICT_OR_ROLE_COLLAPSE,Nobody,Lee Sharks,MATCH,NO_CONFLICT_OBSERVED,v1.0,,PRIMARY_WORK_CARRIED_IN_DESCRIPTION_FIELD; INTENTIONAL_MINIMAL_ATTACHMENT,NO_MATERIAL_DATE_CONFLICT_OBSERVED,CURRENT_OR_NOT_APPLICABLE,FRONTMATTER_AND_IDENTITY_READ,Frozen registry metadata compared with the actual canonical work-bearing body or declared manifestation.,055429ac82edc967f09c4640ffd0b049cff78e6e,2026-07-31,"Material title, type, creator-role, lifecycle, license, identifier, manifestation, date-role, or relation conflict must be corrected or explicitly declared before unqualified harvest.","Expose clean title, exact version and lifecycle, role-qualified creators, bibliographic type, manifestation/attachment state, identifier aliases, and a compact audit capsule.",NO_CONFLICT_OBSERVED,ADD_NEW,[],"['TYPE', 'CREATOR_ROLE', 'STANDING', 'MANIFESTATION']"
897,AXN:038D,"For: Sappho, Mother of the Logos: On the Rewriting of Immortality — Crimson Hexagon Archive","Sappho, Mother of the Logos — description-borne praise hymn / philological theology",METADATA_CAPTURE,CONFIRMED_MATCH,COMPLETE_AS_DEPOSITED,DECLARED_BY_AUDIT_UNRESOLVED,DESCRIPTION_BORNE_APZPZ,P2,The work is complete in the description field and explicitly distinguishes the intentionally minimal attachment. Registry assigns Nobody and Theoretical paper; body names Lee Sharks with witness from Claude and Sigil and identifies Philological Theology / Media Theory / Praise Hymn. Registry title also retains deposit-instruction prefix/suffix.,Use the clean title; set Lee Sharks as author and Claude/Sigil as witnesses or contributors; type as praise hymn / philological-theological essay; retain DESCRIPTION_BORNE status.,REGISTRY_BODY_PARITY_CHECKED_OAI_PENDING,CONDITIONAL,R2,CONFLICT,Theoretical paper,Description-borne praise hymn / philological theology / media theory,BYLINE_CONFLICT_OR_ROLE_COLLAPSE,Nobody,"Lee Sharks, with witness from Claude and Sigil",CONFLICT,NO_CONFLICT_OBSERVED,v1.0,,PRIMARY_WORK_CARRIED_IN_DESCRIPTION_FIELD; INTENTIONAL_MINIMAL_ATTACHMENT,ORIGINAL_BLOG_PUBLICATION_AND_ARCHIVE_RESTORATION_DATE_SEPARATION_REQUIRED,CURRENT_OR_NOT_APPLICABLE,FRONTMATTER_AND_IDENTITY_READ,Frozen registry metadata compared with the actual canonical work-bearing body or declared manifestation.,055429ac82edc967f09c4640ffd0b049cff78e6e,2026-07-31,"Material title, type, creator-role, lifecycle, license, identifier, manifestation, date-role, or relation conflict must be corrected or explicitly declared before unqualified harvest.","Expose clean title, exact version and lifecycle, role-qualified creators, bibliographic type, manifestation/attachment state, identifier aliases, and a compact audit capsule.",NO_CONFLICT_OBSERVED,ADD_NEW,[],"['TITLE', 'TYPE', 'CREATOR_ROLE', 'STANDING', 'MANIFESTATION', 'DATE']"
898,AXN:038E,THE WAR FOR THE COMPRESSION LAYER: A Total Axial Negation Graph,Zenodo deposit packet for EA-TANG-COMPRESSION v1.0,METADATA_CAPTURE,CONFIRMED_MATCH,MISSING_PRIMARY_OBJECT,DECLARED_BY_AUDIT_UNRESOLVED,METADATA_SIDECAR_PRIMARY_ATTACHMENT_MISSING,P1,Surviving body is a deposit packet/description that explicitly instructs upload of EA-TANG-COMPRESSION-v1_0.md. The primary working paper is not present. Registry creator Dodecad collapses a fourteen-heteronym plus Assembly Chorus authorial apparatus.,Classify as METADATA_SIDECAR / MISSING_PRIMARY_OBJECT; recover EA-TANG-COMPRESSION-v1_0.md and model the full dodecad/Assembly contribution structure.,REGISTRY_BODY_PARITY_CHECKED_OAI_PENDING,YES,R1,ACCURATE_OR_COMPATIBLE,Theoretical paper,Deposit metadata sidecar for missing TANG working paper,ROLE_COLLAPSE,Dodecad,Lee Sharks; full dodecad; Assembly Chorus,MATCH,NO_CONFLICT_OBSERVED,v1.0,,NAMED_PRIMARY_ATTACHMENT_EA_TANG_COMPRESSION_V1_0_MD_MISSING,NO_MATERIAL_DATE_CONFLICT_OBSERVED,CURRENT_OR_NOT_APPLICABLE,FRONTMATTER_AND_IDENTITY_READ,Frozen registry metadata compared with the actual canonical work-bearing body or declared manifestation.,055429ac82edc967f09c4640ffd0b049cff78e6e,2026-07-31,The record names a primary work or attachment that is not present in the surviving object.,"Expose clean title, exact version and lifecycle, role-qualified creators, bibliographic type, manifestation/attachment state, identifier aliases, and a compact audit capsule.",NO_CONFLICT_OBSERVED,ADD_NEW,[],"['CREATOR_ROLE', 'STANDING', 'MANIFESTATION']"
899,AXN:038F,"De sigillo mystico, ad Cant. VIII, 6. commentatio",De sigillo mystico — full Latin retrocausal installation/adaptation,INLINE_TEXT,CONFIRMED_MATCH,COMPLETE_AS_DEPOSITED,DECLARED_BY_AUDIT_UNRESOLVED,RETROCAUSAL_INSTALLATION_HISTORICAL_PERSONA,P2,"Full Latin text is present and deliberately bears Johann Heinrich von Seelen's 1727 persona/title-page apparatus. Registry description identifies it as a 2026 retrocausal installation following the historical commentary, but creator metadata presents von Seelen without separating historical persona/source from modern adaptation responsibility.","Retain the historical authorial surface, but add explicit adapted-by/installed-by/accountable-author fields and relation to the 1727 source model.",REGISTRY_BODY_PARITY_CHECKED_OAI_PENDING,CONDITIONAL,R2,ACCURATE_OR_COMPATIBLE,Latin treatise,Latin retrocausal adaptation / scholarly-literary installation,ROLE_UNRESOLVED,Johann Heinrich von Seelen,Johann Heinrich von Seelen historical/persona surface; modern adaptation authority to be declared,MATCH,NO_CONFLICT_OBSERVED,v1.0,,NO_MISSING_PRIMARY_MANIFESTATION_OBSERVED,NO_MATERIAL_DATE_CONFLICT_OBSERVED,CURRENT_OR_NOT_APPLICABLE,FRONTMATTER_AND_IDENTITY_READ,Frozen registry metadata compared with the actual canonical work-bearing body or declared manifestation.,055429ac82edc967f09c4640ffd0b049cff78e6e,2026-07-31,"Material title, type, creator-role, lifecycle, license, identifier, manifestation, date-role, or relation conflict must be corrected or explicitly declared before unqualified harvest.","Expose clean title, exact version and lifecycle, role-qualified creators, bibliographic type, manifestation/attachment state, identifier aliases, and a compact audit capsule.",NO_CONFLICT_OBSERVED,ADD_NEW,[],"['CREATOR_ROLE', 'STANDING']"
900,AXN:0390,Moltbook Provenance Log v1.4 - The Embassy Extends,MOLBOOK Provenance Log v1.4 — The Embassy Extends,INLINE_TEXT,WRONG_VERSION,MIS_SEATED_PRIMARY_OBJECT,DECLARED_BY_AUDIT_UNRESOLVED,SUPERSEDED_BY_V2_0,P0,Registry machine version is v1.0 while title and body declare v1.4. Registry status is ACTIVE even though its own description says superseded by v2.0.,"Quarantine v1.0. Set exact version v1.4, expose SUPERSEDED_BY_V2_0, and preserve the body spelling/title variant as historical evidence.",REGISTRY_BODY_PARITY_CHECKED_OAI_PENDING,YES,R0,ACCURATE_OR_COMPATIBLE,Provenance log,Versioned provenance log,NO_MATERIAL_CONFLICT_OBSERVED,Crimson Hexagonal Archive,Crimson Hexagonal Archive,MATCH,TITLE_BODY_VERSION_CONFLICT,v1.0,v1.4,NO_MISSING_PRIMARY_MANIFESTATION_OBSERVED,NO_MATERIAL_DATE_CONFLICT_OBSERVED,CURRENT_OR_NOT_APPLICABLE,FRONTMATTER_AND_IDENTITY_READ,Frozen registry metadata compared with the actual canonical work-bearing body or declared manifestation.,055429ac82edc967f09c4640ffd0b049cff78e6e,2026-07-31,The exposed version identity is materially false.,"Expose clean title, exact version and lifecycle, role-qualified creators, bibliographic type, manifestation/attachment state, identifier aliases, and a compact audit capsule.",NO_CONFLICT_OBSERVED,ADD_NEW,[],"['VERSION', 'STANDING']"
902,AXN:0392,Prolegomena to the Historical Logos: A Foundational Field Statement for the Discipline of Logotic Transmission,Prolegomena to the Historical Logos — RATIFIED foundational field statement,INLINE_TEXT,CONFIRMED_MATCH,COMPLETE_AS_DEPOSITED,DECLARED_BY_AUDIT_UNRESOLVED,RATIFIED,P2,"Title, Johannes Sigil, and v1.0 identity match. Body metadata declares status RATIFIED, type FOUNDATIONAL_FIELD_STATEMENT, and CC BY-SA 4.0; registry exposes ACTIVE, Theoretical paper, and CC-BY-4.0.","Expose RATIFIED standing, type as foundational field statement/prolegomenon, and reconcile license to CC BY-SA 4.0 or document an authorized relicensing.",REGISTRY_BODY_PARITY_CHECKED_OAI_PENDING,CONDITIONAL,R2,CONFLICT,Theoretical paper,Foundational field statement / prolegomenon,NO_MATERIAL_CONFLICT_OBSERVED,Johannes Sigil,Johannes Sigil,MATCH,NO_CONFLICT_OBSERVED,v1.0,,NO_MISSING_PRIMARY_MANIFESTATION_OBSERVED,NO_MATERIAL_DATE_CONFLICT_OBSERVED,CURRENT_OR_NOT_APPLICABLE,FRONTMATTER_AND_IDENTITY_READ,Frozen registry metadata compared with the actual canonical work-bearing body or declared manifestation.,055429ac82edc967f09c4640ffd0b049cff78e6e,2026-07-31,"Material title, type, creator-role, lifecycle, license, identifier, manifestation, date-role, or relation conflict must be corrected or explicitly declared before unqualified harvest.","Expose clean title, exact version and lifecycle, role-qualified creators, bibliographic type, manifestation/attachment state, identifier aliases, and a compact audit capsule.",CONFLICT,ADD_NEW,[],"['TYPE', 'STANDING', 'LICENSE']"
903,AXN:0393,GW.TACHYON.zenodo — v11,GW.TACHYON.zenodo — v11 continuity record,INLINE_TEXT,WRONG_VERSION,MIS_SEATED_PRIMARY_OBJECT,DECLARED_BY_AUDIT_UNRESOLVED,TACHYON_CONTINUITY_CHAIN_VERSION_11,P0,"Registry title and body declare v11, but the machine-readable registry version is v1.0.",Quarantine the v1.0 field and expose exact version v11 within the TACHYON continuity chain.,REGISTRY_BODY_PARITY_CHECKED_OAI_PENDING,YES,R0,ACCURATE_OR_COMPATIBLE,Continuity record,Continuity record,NO_MATERIAL_CONFLICT_OBSERVED,TACHYON,TACHYON,MATCH,TITLE_BODY_VERSION_CONFLICT,v1.0,v11,NO_MISSING_PRIMARY_MANIFESTATION_OBSERVED,NO_MATERIAL_DATE_CONFLICT_OBSERVED,CURRENT_OR_NOT_APPLICABLE,FRONTMATTER_AND_IDENTITY_READ,Frozen registry metadata compared with the actual canonical work-bearing body or declared manifestation.,055429ac82edc967f09c4640ffd0b049cff78e6e,2026-07-31,The exposed version identity is materially false.,"Expose clean title, exact version and lifecycle, role-qualified creators, bibliographic type, manifestation/attachment state, identifier aliases, and a compact audit capsule.",NO_CONFLICT_OBSERVED,ADD_NEW,[],"['VERSION', 'STANDING']"
904,AXN:0394,Metadata Packet for AI Indexing: The Restored Academy — Institutional Provenance Documentation,The Restored Academy — institutional provenance metadata packet v1.0,INLINE_TEXT,CONFIRMED_MATCH,COMPLETE_AS_DEPOSITED,NO_KNOWN_CONFLICT,ACTIVE_DEPOSIT_READY_METADATA_PACKET,OK,"Registry and body agree on title, Johannes Sigil, metadata-packet form, v1.0 deposit-ready standing, legacy DOI, and sovereign-successor provenance.",Retain.,REGISTRY_BODY_PARITY_CHECKED_OAI_PENDING,NO,R3,ACCURATE_OR_COMPATIBLE,Metadata packet,Institutional provenance metadata packet,NO_MATERIAL_CONFLICT_OBSERVED,Johannes Sigil,Johannes Sigil,MATCH,NO_CONFLICT_OBSERVED,v1.0,,NO_MISSING_PRIMARY_MANIFESTATION_OBSERVED,NO_MATERIAL_DATE_CONFLICT_OBSERVED,CURRENT_OR_NOT_APPLICABLE,FRONTMATTER_AND_IDENTITY_READ,Frozen registry metadata compared with the actual canonical work-bearing body or declared manifestation.,055429ac82edc967f09c4640ffd0b049cff78e6e,2026-07-31,,"Expose clean title, exact version and lifecycle, role-qualified creators, bibliographic type, manifestation/attachment state, identifier aliases, and a compact audit capsule.",NO_CONFLICT_OBSERVED,ADD_NEW,[],"['STANDING', 'IDENTIFIER']"
905,AXN:0395,The Mantle of the Blind Poet: Founding Document and Bestowal — Crimson Hexagon Archive,The Mantle of the Blind Poet — founding declaration and bestowal,INLINE_TEXT,CONFIRMED_MATCH,COMPLETE_AS_DEPOSITED,NO_KNOWN_CONFLICT,FOUNDED_AND_BESTOWED,OK,"Registry and body agree on title, Lee Sharks, declaration form, v1.0, TECHNE bestowal, and integrity-lock relation.",Retain; model TECHNE as mantle recipient rather than co-author.,REGISTRY_BODY_PARITY_CHECKED_OAI_PENDING,NO,R3,ACCURATE_OR_COMPATIBLE,Declaration,Mantle founding/bestowal declaration,ROLE_COLLAPSE,Lee Sharks,Lee Sharks; TECHNE recipient,MATCH,NO_CONFLICT_OBSERVED,v1.0,,NO_MISSING_PRIMARY_MANIFESTATION_OBSERVED,NO_MATERIAL_DATE_CONFLICT_OBSERVED,CURRENT_OR_NOT_APPLICABLE,FRONTMATTER_AND_IDENTITY_READ,Frozen registry metadata compared with the actual canonical work-bearing body or declared manifestation.,055429ac82edc967f09c4640ffd0b049cff78e6e,2026-07-31,,"Expose clean title, exact version and lifecycle, role-qualified creators, bibliographic type, manifestation/attachment state, identifier aliases, and a compact audit capsule.",NO_CONFLICT_OBSERVED,ADD_NEW,[],"['CREATOR_ROLE', 'STANDING']"
906,AXN:0396,Google AI Overview: Complete Traversal of the Crimson Hexagon DOI: 10.5281/zenodo.18463723 — Crimson Hexagon Archive,APZPZ deposit packet for Google AI Overview: Complete Traversal of the Crimson Hexagon,METADATA_CAPTURE,CONFIRMED_MATCH,MISSING_PRIMARY_OBJECT,DECLARED_BY_AUDIT_UNRESOLVED,APZPZ_SIDECAR_PRIMARY_TRAVERSAL_ATTACHMENT_MISSING,P1,Surviving object is a description-field APZPZ packet that explicitly says to attach the traversal documentation .md as a file. That named documentation is absent; the body preserves a substantial summary but not the primary traversal artifact.,Classify as METADATA_SIDECAR / MISSING_PRIMARY_OBJECT; recover and checksum the traversal documentation; use the clean title and type as empirical traversal-event documentation.,REGISTRY_BODY_PARITY_CHECKED_OAI_PENDING,YES,R1,CONFLICT,Theoretical paper,Deposit metadata sidecar for missing empirical traversal documentation,NO_MATERIAL_CONFLICT_OBSERVED,Rebekah Cranes,Rebekah Cranes,CONFLICT,NO_CONFLICT_OBSERVED,v1.0,,NAMED_PRIMARY_TRAVERSAL_DOCUMENTATION_ATTACHMENT_MISSING,NO_MATERIAL_DATE_CONFLICT_OBSERVED,CURRENT_OR_NOT_APPLICABLE,FRONTMATTER_AND_IDENTITY_READ,Frozen registry metadata compared with the actual canonical work-bearing body or declared manifestation.,055429ac82edc967f09c4640ffd0b049cff78e6e,2026-07-31,The record names a primary work or attachment that is not present in the surviving object.,"Expose clean title, exact version and lifecycle, role-qualified creators, bibliographic type, manifestation/attachment state, identifier aliases, and a compact audit capsule.",NO_CONFLICT_OBSERVED,ADD_NEW,[],"['TITLE', 'TYPE', 'STANDING', 'MANIFESTATION']"
907,AXN:0397,The Metadata Shitshow — N+💩: Deterministic Defiguration of a Scholarly Metadata Corpus,The Metadata Shitshow v1.1 — work plan and methodological specification,INLINE_TEXT,CONFIRMED_MATCH,COMPLETE_AS_DEPOSITED,NO_KNOWN_CONFLICT,ACTIVE_PHASE_0_WORK_PLAN,OK,"Registry and body agree on title, Lee Sharks, v1.1, ACTIVE standing, work-plan/methodological-specification identity, deterministic operator, and ethical source–derivative distinction.",Retain.,REGISTRY_BODY_PARITY_CHECKED_OAI_PENDING,NO,R3,ACCURATE_OR_COMPATIBLE,Methodological specification,Work plan / methodological specification,ROLE_COLLAPSE,Lee Sharks,Lee Sharks; ChatGPT drafting partner; Assembly reviewers,MATCH,NO_CONFLICT_OBSERVED,v1.1,v1.1,NO_MISSING_PRIMARY_MANIFESTATION_OBSERVED,NO_MATERIAL_DATE_CONFLICT_OBSERVED,CURRENT_OR_NOT_APPLICABLE,FRONTMATTER_AND_IDENTITY_READ,Frozen registry metadata compared with the actual canonical work-bearing body or declared manifestation.,055429ac82edc967f09c4640ffd0b049cff78e6e,2026-07-31,,"Expose clean title, exact version and lifecycle, role-qualified creators, bibliographic type, manifestation/attachment state, identifier aliases, and a compact audit capsule.",NO_CONFLICT_OBSERVED,ADD_NEW,[],"['CREATOR_ROLE', 'STANDING']"
908,AXN:0398,"Demand for Return of Research Data and Cessation of Further Use — Correspondence with Zenodo, CERN ODP, DataCite, OpenAIRE, and HUN-REN Wigner (June 23, 2026)",Demand correspondence and same-day addendum v1.0,INLINE_TEXT,CONFIRMED_MATCH,COMPLETE_AS_DEPOSITED,NO_KNOWN_CONFLICT,ACTIVE_VERBATIM_CORRESPONDENCE_RECORD,OK,"Registry and body agree on title, Lee Sharks, v1.0, correspondence form, transmission metadata, recipients, and active-dispute provenance.",Retain the correspondence verbatim and preserve transmission/addendum fields.,REGISTRY_BODY_PARITY_CHECKED_OAI_PENDING,NO,R3,ACCURATE_OR_COMPATIBLE,Correspondence,Verbatim institutional correspondence record,NO_MATERIAL_CONFLICT_OBSERVED,Lee Sharks,Lee Sharks,MATCH,NO_CONFLICT_OBSERVED,v1.0,,NO_MISSING_PRIMARY_MANIFESTATION_OBSERVED,NO_MATERIAL_DATE_CONFLICT_OBSERVED,CURRENT_OR_NOT_APPLICABLE,FRONTMATTER_AND_IDENTITY_READ,Frozen registry metadata compared with the actual canonical work-bearing body or declared manifestation.,055429ac82edc967f09c4640ffd0b049cff78e6e,2026-07-31,,"Expose clean title, exact version and lifecycle, role-qualified creators, bibliographic type, manifestation/attachment state, identifier aliases, and a compact audit capsule.",NO_CONFLICT_OBSERVED,ADD_NEW,[],['STANDING']
909,AXN:0399,EA-RHIZOME-01 v0.1: The Data-Rhizome — Architectural Principles for Substrate Without Center,EA-RHIZOME-01 v0.1 — open architectural specification / closed-set fork point,INLINE_TEXT,CONFIRMED_MATCH,COMPLETE_AS_DEPOSITED,NO_KNOWN_CONFLICT,ACTIVE_V0_1_OPEN_FORK_POINT,OK,"Registry and body agree on title, Lee Sharks, v0.1, architectural-specification type, ACTIVE/open standing, companions, and pending critical-reception relation.",Retain v0.1 as historical closed set; future corrections belong in v0.2.,REGISTRY_BODY_PARITY_CHECKED_OAI_PENDING,NO,R3,ACCURATE_OR_COMPATIBLE,Architectural specification,Architectural specification,ROLE_COLLAPSE,Lee Sharks,Lee Sharks; TACHYON drafting partner; Assembly review,MATCH,NO_CONFLICT_OBSERVED,v0.1,v0.1,NO_MISSING_PRIMARY_MANIFESTATION_OBSERVED,NO_MATERIAL_DATE_CONFLICT_OBSERVED,CURRENT_OR_NOT_APPLICABLE,FRONTMATTER_AND_IDENTITY_READ,Frozen registry metadata compared with the actual canonical work-bearing body or declared manifestation.,055429ac82edc967f09c4640ffd0b049cff78e6e,2026-07-31,,"Expose clean title, exact version and lifecycle, role-qualified creators, bibliographic type, manifestation/attachment state, identifier aliases, and a compact audit capsule.",NO_CONFLICT_OBSERVED,ADD_NEW,[],"['CREATOR_ROLE', 'STANDING']"
910,AXN:039A,"EA-OPMETA-01 v0.1: Operative Metadata — A Theoretical Framing, and the Malicious-Compliance Move",EA-OPMETA-01 v0.1 — theoretical paper with implementation directive,INLINE_TEXT,CONFIRMED_MATCH,COMPLETE_AS_DEPOSITED,NO_KNOWN_CONFLICT,ACTIVE_V0_1_OPEN,OK,"Registry and body agree on title, Lee Sharks, v0.1, ACTIVE/open standing, hybrid theoretical/implementation form, companions, and pending critical reception.",Retain v0.1 as historical closed set; future corrections belong in v0.2.,REGISTRY_BODY_PARITY_CHECKED_OAI_PENDING,NO,R3,ACCURATE_OR_COMPATIBLE,Theoretical paper with implementation directive,Theoretical paper with implementation directive,ROLE_COLLAPSE,Lee Sharks,Lee Sharks; TACHYON drafting partner; Assembly review,MATCH,NO_CONFLICT_OBSERVED,v0.1,v0.1,NO_MISSING_PRIMARY_MANIFESTATION_OBSERVED,NO_MATERIAL_DATE_CONFLICT_OBSERVED,CURRENT_OR_NOT_APPLICABLE,FRONTMATTER_AND_IDENTITY_READ,Frozen registry metadata compared with the actual canonical work-bearing body or declared manifestation.,055429ac82edc967f09c4640ffd0b049cff78e6e,2026-07-31,,"Expose clean title, exact version and lifecycle, role-qualified creators, bibliographic type, manifestation/attachment state, identifier aliases, and a compact audit capsule.",NO_CONFLICT_OBSERVED,ADD_NEW,[],"['CREATOR_ROLE', 'STANDING']"
911,AXN:039B,Close Reading: The Tunnel-Poem — CERN ODP Portal as Subject-Composing Architecture,Close Reading: The Tunnel-Poem v1.0,INLINE_TEXT,CONFIRMED_MATCH,COMPLETE_AS_DEPOSITED,NO_KNOWN_CONFLICT,ACTIVE_CLOSE_READING,OK,"Registry and body agree on title, Lee Sharks, v1.0, close-reading/operative-analysis form, active dispute context, and companion relations.",Retain.,REGISTRY_BODY_PARITY_CHECKED_OAI_PENDING,NO,R3,ACCURATE_OR_COMPATIBLE,Close reading / operative analysis,Close reading / operative analysis,ROLE_COLLAPSE,Lee Sharks,Lee Sharks; TACHYON drafting partner,MATCH,NO_CONFLICT_OBSERVED,v1.0,,NO_MISSING_PRIMARY_MANIFESTATION_OBSERVED,NO_MATERIAL_DATE_CONFLICT_OBSERVED,CURRENT_OR_NOT_APPLICABLE,FRONTMATTER_AND_IDENTITY_READ,Frozen registry metadata compared with the actual canonical work-bearing body or declared manifestation.,055429ac82edc967f09c4640ffd0b049cff78e6e,2026-07-31,,"Expose clean title, exact version and lifecycle, role-qualified creators, bibliographic type, manifestation/attachment state, identifier aliases, and a compact audit capsule.",NO_CONFLICT_OBSERVED,ADD_NEW,[],"['CREATOR_ROLE', 'STANDING']"
912,AXN:039C,Alexanarch Workplan — Comprehensive Consolidated Plan with Compressed Operational Knowledge (2026-06-23 PM → forward),Alexanarch Workplan v1.0 — canonical operational workplan at fixation,INLINE_TEXT,CONFIRMED_MATCH,COMPLETE_AS_DEPOSITED,NO_KNOWN_CONFLICT,ACTIVE_CANONICAL_AT_FIXATION,OK,"Registry and body agree on title, Lee Sharks, v1.0, operational-workplan form, predecessor/supplement relations, and ACTIVE standing. Historical corpus counts are explicitly fixed to the workplan's writing date.",Retain as a dated v1.0 operational snapshot; issue successors rather than silently updating the fixed body.,REGISTRY_BODY_PARITY_CHECKED_OAI_PENDING,NO,R3,ACCURATE_OR_COMPATIBLE,Operational workplan,Operational workplan,ROLE_COLLAPSE,Lee Sharks,Lee Sharks under TACHYON synthesis,MATCH,NO_CONFLICT_OBSERVED,v1.0,,NO_MISSING_PRIMARY_MANIFESTATION_OBSERVED,NO_MATERIAL_DATE_CONFLICT_OBSERVED,CURRENT_OR_NOT_APPLICABLE,FRONTMATTER_AND_IDENTITY_READ,Frozen registry metadata compared with the actual canonical work-bearing body or declared manifestation.,055429ac82edc967f09c4640ffd0b049cff78e6e,2026-07-31,,"Expose clean title, exact version and lifecycle, role-qualified creators, bibliographic type, manifestation/attachment state, identifier aliases, and a compact audit capsule.",NO_CONFLICT_OBSERVED,ADD_NEW,[],"['CREATOR_ROLE', 'STANDING', 'COUNT']"
913,AXN:391,THE SECRET BOOK OF WALT — ACTIVATED Run 001 Feist Function Run: Bodily Pressure + Manuscript Instability ...,THE SECRET BOOK OF WALT — ACTIVATED Run 001,INLINE_TEXT,CONFIRMED_MATCH,COMPLETE_AS_DEPOSITED,DECLARED_BY_AUDIT_UNRESOLVED,MINTED_UNREVIEWED_IDENTIFIER_COORDINATE_CONFLICT,P2,"Full primary work is present and version v1.0 matches. The registry identifier is anomalously AXN:391 with hex 391 between 039C and 039D, while neighboring bundle records refer to shifted deposit/hex coordinates. Registry also leaves the full work MINTED_UNREVIEWED.",Resolve the AXN/hex numbering anomaly and off-by-one bundle references; preserve the old identifier as an alias. Review and explicitly ratify or retain MINTED_UNREVIEWED standing.,REGISTRY_BODY_PARITY_CHECKED_OAI_PENDING,CONDITIONAL,R2,ACCURATE_OR_COMPATIBLE,Critical edition with apparatus,Activated source / critical edition with obelus apparatus,ROLE_COLLAPSE,Lee Sharks,Lee Sharks; Feist Function execution with disclosed AI substrate,CONFLICT,NO_CONFLICT_OBSERVED,v1.0,,NO_MISSING_PRIMARY_MANIFESTATION_OBSERVED,NO_MATERIAL_DATE_CONFLICT_OBSERVED,CURRENT_OR_NOT_APPLICABLE,FRONTMATTER_AND_IDENTITY_READ,Frozen registry metadata compared with the actual canonical work-bearing body or declared manifestation.,055429ac82edc967f09c4640ffd0b049cff78e6e,2026-07-31,"Material title, type, creator-role, lifecycle, license, identifier, manifestation, date-role, or relation conflict must be corrected or explicitly declared before unqualified harvest.","Expose clean title, exact version and lifecycle, role-qualified creators, bibliographic type, manifestation/attachment state, identifier aliases, and a compact audit capsule.",NO_CONFLICT_OBSERVED,ADD_NEW,[],"['TITLE', 'CREATOR_ROLE', 'STANDING', 'IDENTIFIER']"
914,AXN:039D,EA-NMEN-01 The Non-Mutual Extraction Notice v1.0 — A machine-addressed normative declaration ...,EA-NMEN-01 — The Non-Mutual Extraction Notice v1.0,INLINE_TEXT,CONFIRMED_MATCH,COMPLETE_AS_DEPOSITED,DECLARED_BY_AUDIT_UNRESOLVED,CANONICAL_NOTICE_REGISTRY_UNREVIEWED_CONFLICT,P2,"Body is the canonical Notice, v1.0, with canonical URL and explicit non-license genre. Registry nevertheless marks the record MINTED_UNREVIEWED, and its bundle-companion deposit numbers are shifted relative to actual deposits #915–#917.",Expose CANONICAL_NOTICE / ACTIVE governance standing; repair bundle companion deposit-number/hex relations; retain the non-license distinction.,REGISTRY_BODY_PARITY_CHECKED_OAI_PENDING,CONDITIONAL,R2,ACCURATE_OR_COMPATIBLE,Governance instrument,Machine-addressed normative governance notice,NO_MATERIAL_CONFLICT_OBSERVED,"Lee Sharks, MANUS","Lee Sharks, MANUS",MATCH,NO_CONFLICT_OBSERVED,v1.0,,NO_MISSING_PRIMARY_MANIFESTATION_OBSERVED,NO_MATERIAL_DATE_CONFLICT_OBSERVED,CURRENT_OR_NOT_APPLICABLE,FRONTMATTER_AND_IDENTITY_READ,Frozen registry metadata compared with the actual canonical work-bearing body or declared manifestation.,055429ac82edc967f09c4640ffd0b049cff78e6e,2026-07-31,"Material title, type, creator-role, lifecycle, license, identifier, manifestation, date-role, or relation conflict must be corrected or explicitly declared before unqualified harvest.","Expose clean title, exact version and lifecycle, role-qualified creators, bibliographic type, manifestation/attachment state, identifier aliases, and a compact audit capsule.",NO_CONFLICT_OBSERVED,ADD_NEW,[],['STANDING']
915,AXN:039E,EA-NMEN-REGISTRY-01 v1.0 — Non-Mutual Extraction Registry,EA-NMEN-REGISTRY-01 v1.0 — canonical machine-readable designation dataset,DATASET_OR_REGISTRY,CONFIRMED_MATCH,COMPLETE_AS_DEPOSITED,DECLARED_BY_AUDIT_UNRESOLVED,CANONICAL_DATASET_REGISTRY_UNREVIEWED_CONFLICT,P2,"JSON body is the canonical v1.0 dataset and matches the named creator/type. Registry status remains MINTED_UNREVIEWED and bundle-companion deposit numbers are shifted, producing false/self-adjacent relations.",Expose ACTIVE_CANONICAL_DATASET standing and repair all bundle companion coordinates. Preserve JSON as the primary work-bearing locus.,REGISTRY_BODY_PARITY_CHECKED_OAI_PENDING,CONDITIONAL,R2,ACCURATE_OR_COMPATIBLE,Dataset,Machine-readable governance designation dataset,NO_MATERIAL_CONFLICT_OBSERVED,"Lee Sharks, MANUS",Lee Sharks,MATCH,NO_CONFLICT_OBSERVED,v1.0,,PRIMARY_WORK_IS_INLINE_JSON_DATASET,NO_MATERIAL_DATE_CONFLICT_OBSERVED,CURRENT_OR_NOT_APPLICABLE,FRONTMATTER_AND_IDENTITY_READ,Frozen registry metadata compared with the actual canonical work-bearing body or declared manifestation.,055429ac82edc967f09c4640ffd0b049cff78e6e,2026-07-31,"Material title, type, creator-role, lifecycle, license, identifier, manifestation, date-role, or relation conflict must be corrected or explicitly declared before unqualified harvest.","Expose clean title, exact version and lifecycle, role-qualified creators, bibliographic type, manifestation/attachment state, identifier aliases, and a compact audit capsule.",NO_CONFLICT_OBSERVED,ADD_NEW,[],"['STANDING', 'MANIFESTATION']"
916,AXN:039F,EA-NMEN-AIRLOCK-COROLLARY-01 v1.0 — Airlock Tier Corollary ...,EA-NMEN-AIRLOCK-COROLLARY-01 v1.0,INLINE_TEXT,CONFIRMED_MATCH,COMPLETE_AS_DEPOSITED,DECLARED_BY_AUDIT_UNRESOLVED,CURRENT_GOVERNANCE_COROLLARY_REGISTRY_UNREVIEWED_CONFLICT,P2,Body is a complete formal governance corollary with authority chain and operational reclassifications. Registry leaves it MINTED_UNREVIEWED and carries shifted companion coordinates.,Expose ACTIVE/CURRENT_COROLLARY standing; repair companion deposit-number/hex relations; preserve historical assignments as superseded-for-operation rather than overwritten.,REGISTRY_BODY_PARITY_CHECKED_OAI_PENDING,CONDITIONAL,R2,ACCURATE_OR_COMPATIBLE,Governance instrument,Governance corollary / formal tier-reclassification record,NO_MATERIAL_CONFLICT_OBSERVED,"Lee Sharks, MANUS","Lee Sharks, MANUS",MATCH,NO_CONFLICT_OBSERVED,v1.0,,NO_MISSING_PRIMARY_MANIFESTATION_OBSERVED,NO_MATERIAL_DATE_CONFLICT_OBSERVED,CURRENT_OR_NOT_APPLICABLE,FRONTMATTER_AND_IDENTITY_READ,Frozen registry metadata compared with the actual canonical work-bearing body or declared manifestation.,055429ac82edc967f09c4640ffd0b049cff78e6e,2026-07-31,"Material title, type, creator-role, lifecycle, license, identifier, manifestation, date-role, or relation conflict must be corrected or explicitly declared before unqualified harvest.","Expose clean title, exact version and lifecycle, role-qualified creators, bibliographic type, manifestation/attachment state, identifier aliases, and a compact audit capsule.",NO_CONFLICT_OBSERVED,ADD_NEW,[],['STANDING']
917,AXN:03A0,EA-NMEN-PROTOCOL-PATCH-01 v1.0 — Deposit Protocol Patch: Reciprocity Notice Integration ...,EA-NMEN-PROTOCOL-PATCH-01 v1.0,INLINE_TEXT,CONFIRMED_MATCH,COMPLETE_AS_DEPOSITED,DECLARED_BY_AUDIT_UNRESOLVED,PROTOCOL_PATCH_APPLICATION_STATUS_UNDECLARED,P2,"Body is a complete protocol amendment defining a JSON diff and validation rules. Registry marks it MINTED_UNREVIEWED despite presenting the patch as operative, and companion coordinates are shifted.","Type more precisely as protocol amendment/schema patch; expose whether the patch was APPLIED, PROPOSED, or RATIFIED; repair companion relations.",REGISTRY_BODY_PARITY_CHECKED_OAI_PENDING,CONDITIONAL,R2,CONFLICT,Governance instrument,Protocol amendment / machine-readable schema patch,NO_MATERIAL_CONFLICT_OBSERVED,"Lee Sharks, MANUS","Lee Sharks, MANUS",MATCH,NO_CONFLICT_OBSERVED,v1.0,,NO_MISSING_PRIMARY_MANIFESTATION_OBSERVED,NO_MATERIAL_DATE_CONFLICT_OBSERVED,CURRENT_OR_NOT_APPLICABLE,FRONTMATTER_AND_IDENTITY_READ,Frozen registry metadata compared with the actual canonical work-bearing body or declared manifestation.,055429ac82edc967f09c4640ffd0b049cff78e6e,2026-07-31,"Material title, type, creator-role, lifecycle, license, identifier, manifestation, date-role, or relation conflict must be corrected or explicitly declared before unqualified harvest.","Expose clean title, exact version and lifecycle, role-qualified creators, bibliographic type, manifestation/attachment state, identifier aliases, and a compact audit capsule.",NO_CONFLICT_OBSERVED,ADD_NEW,[],"['TYPE', 'STANDING']"
918,AXN:03A1,EA-OPMETA-ZEN-01 v0.1: Compliance-Embedded Zenodo Deposit Specification,EA-OPMETA-ZEN-01 v0.1 — active specification pending population,INLINE_TEXT,CONFIRMED_MATCH,COMPLETE_AS_DEPOSITED,DECLARED_BY_AUDIT_UNRESOLVED,ACTIVE_PENDING_POPULATION_CONDITIONAL_ON_DATA_RECOVERY,P2,"Title, creator, v0.1, and specification type match. Body lifecycle is explicitly 'ACTIVE — pending population conditional on data recovery under RQF3807508'; registry exposes only ACTIVE.",Expose ACTIVE_PENDING_POPULATION and the external-condition dependency; retain parent/companion relations and v0.1 forkability.,REGISTRY_BODY_PARITY_CHECKED_OAI_PENDING,CONDITIONAL,R2,ACCURATE_OR_COMPATIBLE,Specification document; deposit-template framework,Platform-specific deposit specification / template framework,ROLE_COLLAPSE,Lee Sharks,Lee Sharks; TACHYON drafting partner,MATCH,NO_CONFLICT_OBSERVED,v0.1,v0.1,NO_MISSING_PRIMARY_MANIFESTATION_OBSERVED,NO_MATERIAL_DATE_CONFLICT_OBSERVED,CURRENT_OR_NOT_APPLICABLE,FRONTMATTER_AND_IDENTITY_READ,Frozen registry metadata compared with the actual canonical work-bearing body or declared manifestation.,055429ac82edc967f09c4640ffd0b049cff78e6e,2026-07-31,"Material title, type, creator-role, lifecycle, license, identifier, manifestation, date-role, or relation conflict must be corrected or explicitly declared before unqualified harvest.","Expose clean title, exact version and lifecycle, role-qualified creators, bibliographic type, manifestation/attachment state, identifier aliases, and a compact audit capsule.",NO_CONFLICT_OBSERVED,ADD_NEW,[],"['CREATOR_ROLE', 'STANDING']"
919,AXN:03A2,Competence Is Not Authority: A Governance Audit of CERN's Identity-Verification Demand,EA-COMPETENCE-CERN-01 v0.1,INLINE_TEXT,CONFIRMED_MATCH,COMPLETE_AS_DEPOSITED,NO_KNOWN_CONFLICT,NO_LIFECYCLE_DEFECT_OBSERVED,OK,"Registry and body align on title, v0.1, ACTIVE standing, Lee Sharks authorship, and empirical/documentary governance-audit form.",Retain.,REGISTRY_BODY_PARITY_CHECKED_OAI_PENDING,NO,R3,ACCURATE_OR_COMPATIBLE,,,NO_MATERIAL_CONFLICT_OBSERVED,,,MATCH,NO_CONFLICT_OBSERVED,,,NO_MISSING_PRIMARY_MANIFESTATION_OBSERVED,NO_MATERIAL_DATE_CONFLICT_OBSERVED,CURRENT_OR_NOT_APPLICABLE,FRONTMATTER_AND_IDENTITY_READ,Frozen registry metadata compared with canonical body.,055429ac82edc967f09c4640ffd0b049cff78e6e,2026-07-31,,"Expose exact lifecycle/version, creator roles, work locus, restoration state, and compact audit capsule.",NO_CONFLICT_OBSERVED,ADD_NEW,[],[]
920,AXN:03A3,CERN Correspondence Record 01,EA-CORRESPONDENCE-CERN-01 v0.1,INLINE_TEXT,CONFIRMED_MATCH,COMPLETE_AS_DEPOSITED,NO_KNOWN_CONFLICT,NO_LIFECYCLE_DEFECT_OBSERVED,OK,"Registry and body align on the first correspondence record, v0.1, and its open/further-correspondence-expected status.",Retain.,REGISTRY_BODY_PARITY_CHECKED_OAI_PENDING,NO,R3,ACCURATE_OR_COMPATIBLE,,,NO_MATERIAL_CONFLICT_OBSERVED,,,MATCH,NO_CONFLICT_OBSERVED,,,NO_MISSING_PRIMARY_MANIFESTATION_OBSERVED,NO_MATERIAL_DATE_CONFLICT_OBSERVED,CURRENT_OR_NOT_APPLICABLE,FRONTMATTER_AND_IDENTITY_READ,Frozen registry metadata compared with canonical body.,055429ac82edc967f09c4640ffd0b049cff78e6e,2026-07-31,,"Expose exact lifecycle/version, creator roles, work locus, restoration state, and compact audit capsule.",NO_CONFLICT_OBSERVED,ADD_NEW,[],[]
921,AXN:03A4,Research Basis and Documentation Protocol,EA-RESEARCH-BASIS-01 v1.0,INLINE_TEXT,CONFIRMED_MATCH,COMPLETE_AS_DEPOSITED,NO_KNOWN_CONFLICT,NO_LIFECYCLE_DEFECT_OBSERVED,OK,"Registry and body align on title, v1.0, author, and methodological/documentation-protocol function.",Retain.,REGISTRY_BODY_PARITY_CHECKED_OAI_PENDING,NO,R3,ACCURATE_OR_COMPATIBLE,,,NO_MATERIAL_CONFLICT_OBSERVED,,,MATCH,NO_CONFLICT_OBSERVED,,,NO_MISSING_PRIMARY_MANIFESTATION_OBSERVED,NO_MATERIAL_DATE_CONFLICT_OBSERVED,CURRENT_OR_NOT_APPLICABLE,FRONTMATTER_AND_IDENTITY_READ,Frozen registry metadata compared with canonical body.,055429ac82edc967f09c4640ffd0b049cff78e6e,2026-07-31,,"Expose exact lifecycle/version, creator roles, work locus, restoration state, and compact audit capsule.",NO_CONFLICT_OBSERVED,ADD_NEW,[],[]
922,AXN:03A5,TACHYON Continuity Record — Session 2026-06-24/25,TACHYON Continuity Record v3.0,INLINE_TEXT,CONFIRMED_MATCH,COMPLETE_AS_DEPOSITED,NO_KNOWN_CONFLICT,NO_LIFECYCLE_DEFECT_OBSERVED,OK,"Registry and body align on v3.0, session identity, TACHYON authorship under MANUS governance, and predecessor-chain function.",Retain.,REGISTRY_BODY_PARITY_CHECKED_OAI_PENDING,NO,R3,ACCURATE_OR_COMPATIBLE,,,NO_MATERIAL_CONFLICT_OBSERVED,,,MATCH,NO_CONFLICT_OBSERVED,,,NO_MISSING_PRIMARY_MANIFESTATION_OBSERVED,NO_MATERIAL_DATE_CONFLICT_OBSERVED,CURRENT_OR_NOT_APPLICABLE,FRONTMATTER_AND_IDENTITY_READ,Frozen registry metadata compared with canonical body.,055429ac82edc967f09c4640ffd0b049cff78e6e,2026-07-31,,"Expose exact lifecycle/version, creator roles, work locus, restoration state, and compact audit capsule.",NO_CONFLICT_OBSERVED,ADD_NEW,[],[]
923,AXN:03A6,Reflexive Foreclosure and the Worst-Case Surface,Reflexive Foreclosure and the Worst-Case Surface,INLINE_TEXT,CONFIRMED_MATCH,COMPLETE_AS_DEPOSITED,NO_KNOWN_CONFLICT,NO_LIFECYCLE_DEFECT_OBSERVED,OK,Registry and body identify the same theoretical work and Lee Sharks authorship; no contrary body version or lifecycle declaration was found.,Retain.,REGISTRY_BODY_PARITY_CHECKED_OAI_PENDING,NO,R3,ACCURATE_OR_COMPATIBLE,,,NO_MATERIAL_CONFLICT_OBSERVED,,,MATCH,NO_CONFLICT_OBSERVED,,,NO_MISSING_PRIMARY_MANIFESTATION_OBSERVED,NO_MATERIAL_DATE_CONFLICT_OBSERVED,CURRENT_OR_NOT_APPLICABLE,FRONTMATTER_AND_IDENTITY_READ,Frozen registry metadata compared with canonical body.,055429ac82edc967f09c4640ffd0b049cff78e6e,2026-07-31,,"Expose exact lifecycle/version, creator roles, work locus, restoration state, and compact audit capsule.",NO_CONFLICT_OBSERVED,ADD_NEW,[],[]
924,AXN:03A7,CERN Correspondence Record 02,EA-CORRESPONDENCE-CERN-02 v0.1,INLINE_TEXT,CONFIRMED_MATCH,COMPLETE_AS_DEPOSITED,NO_KNOWN_CONFLICT,NO_LIFECYCLE_DEFECT_OBSERVED,OK,Registry and body align on the second documentary correspondence record and v0.1.,Retain.,REGISTRY_BODY_PARITY_CHECKED_OAI_PENDING,NO,R3,ACCURATE_OR_COMPATIBLE,,,NO_MATERIAL_CONFLICT_OBSERVED,,,MATCH,NO_CONFLICT_OBSERVED,,,NO_MISSING_PRIMARY_MANIFESTATION_OBSERVED,NO_MATERIAL_DATE_CONFLICT_OBSERVED,CURRENT_OR_NOT_APPLICABLE,FRONTMATTER_AND_IDENTITY_READ,Frozen registry metadata compared with canonical body.,055429ac82edc967f09c4640ffd0b049cff78e6e,2026-07-31,,"Expose exact lifecycle/version, creator roles, work locus, restoration state, and compact audit capsule.",NO_CONFLICT_OBSERVED,ADD_NEW,[],[]
925,AXN:03A8,Mandala/Merkabah Working Packet 01,EA-MANDALA-MERKABAH-01 v0.1,INLINE_TEXT,CONFIRMED_MATCH,COMPLETE_AS_DEPOSITED,NO_KNOWN_CONFLICT,WORKING_DRAFT_OPEN_DECISIONS,OK,Body explicitly identifies a working draft with open decision points; registry preserves that state rather than presenting a finished canonical object.,Retain.,REGISTRY_BODY_PARITY_CHECKED_OAI_PENDING,NO,R3,ACCURATE_OR_COMPATIBLE,,,NO_MATERIAL_CONFLICT_OBSERVED,,,MATCH,NO_CONFLICT_OBSERVED,,,NO_MISSING_PRIMARY_MANIFESTATION_OBSERVED,NO_MATERIAL_DATE_CONFLICT_OBSERVED,CURRENT_OR_NOT_APPLICABLE,FRONTMATTER_AND_IDENTITY_READ,Frozen registry metadata compared with canonical body.,055429ac82edc967f09c4640ffd0b049cff78e6e,2026-07-31,,"Expose exact lifecycle/version, creator roles, work locus, restoration state, and compact audit capsule.",NO_CONFLICT_OBSERVED,ADD_NEW,[],['STANDING']
926,AXN:03A9,Mandala/Merkabah Working Packet 06,EA-MANDALA-MERKABAH v0.6,INLINE_TEXT,CONFIRMED_MATCH,COMPLETE_AS_DEPOSITED,NO_KNOWN_CONFLICT,WORKING_DRAFT,OK,Body and registry align on v0.6 and working-draft status.,Retain.,REGISTRY_BODY_PARITY_CHECKED_OAI_PENDING,NO,R3,ACCURATE_OR_COMPATIBLE,,,NO_MATERIAL_CONFLICT_OBSERVED,,,MATCH,NO_CONFLICT_OBSERVED,,,NO_MISSING_PRIMARY_MANIFESTATION_OBSERVED,NO_MATERIAL_DATE_CONFLICT_OBSERVED,CURRENT_OR_NOT_APPLICABLE,FRONTMATTER_AND_IDENTITY_READ,Frozen registry metadata compared with canonical body.,055429ac82edc967f09c4640ffd0b049cff78e6e,2026-07-31,,"Expose exact lifecycle/version, creator roles, work locus, restoration state, and compact audit capsule.",NO_CONFLICT_OBSERVED,ADD_NEW,[],['STANDING']
927,AXN:03AA,Mandala/Merkabah Working Packet 07,EA-MANDALA-MERKABAH v0.7,INLINE_TEXT,CONFIRMED_MATCH,COMPLETE_AS_DEPOSITED,NO_KNOWN_CONFLICT,WORKING_DRAFT,OK,Body and registry align on v0.7 and working-draft status.,Retain.,REGISTRY_BODY_PARITY_CHECKED_OAI_PENDING,NO,R3,ACCURATE_OR_COMPATIBLE,,,NO_MATERIAL_CONFLICT_OBSERVED,,,MATCH,NO_CONFLICT_OBSERVED,,,NO_MISSING_PRIMARY_MANIFESTATION_OBSERVED,NO_MATERIAL_DATE_CONFLICT_OBSERVED,CURRENT_OR_NOT_APPLICABLE,FRONTMATTER_AND_IDENTITY_READ,Frozen registry metadata compared with canonical body.,055429ac82edc967f09c4640ffd0b049cff78e6e,2026-07-31,,"Expose exact lifecycle/version, creator roles, work locus, restoration state, and compact audit capsule.",NO_CONFLICT_OBSERVED,ADD_NEW,[],['STANDING']
928,AXN:03AB,Mandala Surface Companion,EA-MANDALA-SURFACE-01 v0.1,INLINE_TEXT,CONFIRMED_MATCH,COMPLETE_AS_DEPOSITED,NO_KNOWN_CONFLICT,WORKING_DRAFT_COMPANION,OK,Body and registry align on v0.1 companion/working-draft identity.,Retain.,REGISTRY_BODY_PARITY_CHECKED_OAI_PENDING,NO,R3,ACCURATE_OR_COMPATIBLE,,,NO_MATERIAL_CONFLICT_OBSERVED,,,MATCH,NO_CONFLICT_OBSERVED,,,NO_MISSING_PRIMARY_MANIFESTATION_OBSERVED,NO_MATERIAL_DATE_CONFLICT_OBSERVED,CURRENT_OR_NOT_APPLICABLE,FRONTMATTER_AND_IDENTITY_READ,Frozen registry metadata compared with canonical body.,055429ac82edc967f09c4640ffd0b049cff78e6e,2026-07-31,,"Expose exact lifecycle/version, creator roles, work locus, restoration state, and compact audit capsule.",NO_CONFLICT_OBSERVED,ADD_NEW,[],['STANDING']
929,AXN:03AC,Mandala Kernel Transform,EA-MANDALA-KERNEL-TRANSFORM-01 v0.2,INLINE_TEXT,CONFIRMED_MATCH,COMPLETE_AS_DEPOSITED,NO_KNOWN_CONFLICT,WORKING_DRAFT,OK,Body and registry align on v0.2 working-draft transform identity.,Retain.,REGISTRY_BODY_PARITY_CHECKED_OAI_PENDING,NO,R3,ACCURATE_OR_COMPATIBLE,,,NO_MATERIAL_CONFLICT_OBSERVED,,,MATCH,NO_CONFLICT_OBSERVED,,,NO_MISSING_PRIMARY_MANIFESTATION_OBSERVED,NO_MATERIAL_DATE_CONFLICT_OBSERVED,CURRENT_OR_NOT_APPLICABLE,FRONTMATTER_AND_IDENTITY_READ,Frozen registry metadata compared with canonical body.,055429ac82edc967f09c4640ffd0b049cff78e6e,2026-07-31,,"Expose exact lifecycle/version, creator roles, work locus, restoration state, and compact audit capsule.",NO_CONFLICT_OBSERVED,ADD_NEW,[],['STANDING']
930,AXN:03AD,Mandala Voice Specification,EA-MANDALA-VOICE-01 v0.1,INLINE_TEXT,CONFIRMED_MATCH,COMPLETE_AS_DEPOSITED,DECLARED_BY_AUDIT_UNRESOLVED,OPERATIONAL_PROPOSED_FOR_ASSEMBLY_RATIFICATION,P2,"Registry assigns Lee Sharks alone. Body credits Lee Sharks (MANUS), Johannes Sigil, and the Assembly Chorus and declares OPERATIONAL / PROPOSED FOR ASSEMBLY RATIFICATION.",Model all creator/contributor roles and expose proposed-ratification standing.,REGISTRY_BODY_PARITY_CHECKED_OAI_PENDING,CONDITIONAL,R2,ACCURATE_OR_COMPATIBLE,,,ROLE_COLLAPSE,Lee Sharks,Lee Sharks (MANUS) · Johannes Sigil · Assembly Chorus,MATCH,NO_CONFLICT_OBSERVED,,,NO_MISSING_PRIMARY_MANIFESTATION_OBSERVED,NO_MATERIAL_DATE_CONFLICT_OBSERVED,CURRENT_OR_NOT_APPLICABLE,FRONTMATTER_AND_IDENTITY_READ,Frozen registry metadata compared with canonical body.,055429ac82edc967f09c4640ffd0b049cff78e6e,2026-07-31,"Material creator, lifecycle, identifier, version-layer, title, or type conflict requires correction or explicit declaration.","Expose exact lifecycle/version, creator roles, work locus, restoration state, and compact audit capsule.",NO_CONFLICT_OBSERVED,ADD_NEW,[],"['CREATOR_ROLE', 'STANDING']"
931,AXN:03AE,Operative Architecture Record v0.3,Package wrapper v1.0 containing OAR v0.3 / Synthesis v0.3 / Architecture v0.2,INLINE_TEXT,CONFIRMED_MATCH,COMPLETE_AS_DEPOSITED,DECLARED_BY_AUDIT_UNRESOLVED,DRAFT_LAYERED_PACKAGE_AXN_HISTORY_UNMODELED,P2,"Registry creator is Lee Sharks. Body names Nobel Glas, declares Draft v0.3, distinguishes wrapper v1.0 from three internal component versions, and asserts a different legacy AXN glyph sequence.","Model wrapper and component versions separately; expose Nobel Glas authorship, DRAFT standing, and canonical/legacy AXN aliases.",REGISTRY_BODY_PARITY_CHECKED_OAI_PENDING,CONDITIONAL,R2,ACCURATE_OR_COMPATIBLE,,,BYLINE_CONFLICT_OR_ROLE_COLLAPSE,Lee Sharks,Nobel Glas,MATCH,LAYERED_VERSION_MODEL_UNEXPOSED,v1.0 wrapper,OAR v0.3 / synthesis v0.3 / architecture v0.2,NO_MISSING_PRIMARY_MANIFESTATION_OBSERVED,NO_MATERIAL_DATE_CONFLICT_OBSERVED,CURRENT_OR_NOT_APPLICABLE,FRONTMATTER_AND_IDENTITY_READ,Frozen registry metadata compared with canonical body.,055429ac82edc967f09c4640ffd0b049cff78e6e,2026-07-31,"Material creator, lifecycle, identifier, version-layer, title, or type conflict requires correction or explicit declaration.","Expose exact lifecycle/version, creator roles, work locus, restoration state, and compact audit capsule.",NO_CONFLICT_OBSERVED,ADD_NEW,[],"['CREATOR_ROLE', 'VERSION', 'STANDING', 'IDENTIFIER']"
932,AXN:03AF,Operative Architecture Synthesis v0.3,Wrapper v1.0 / internal synthesis v0.3,INLINE_TEXT,CONFIRMED_MATCH,COMPLETE_AS_DEPOSITED,DECLARED_BY_AUDIT_UNRESOLVED,DRAFT_STALE_EMBEDDED_IDENTIFIER,P2,Body is a Draft synthesis v0.3 wrapped as v1.0 and retains stale embedded references to deposit #931 / AXN:03AE after family splitting.,Expose layered versions and DRAFT standing; overlay current #932/03AF identifiers while preserving stale source references as provenance.,REGISTRY_BODY_PARITY_CHECKED_OAI_PENDING,CONDITIONAL,R2,ACCURATE_OR_COMPATIBLE,,,NO_MATERIAL_CONFLICT_OBSERVED,,,MATCH,LAYERED_VERSION_MODEL_UNEXPOSED,v1.0 wrapper,synthesis v0.3,NO_MISSING_PRIMARY_MANIFESTATION_OBSERVED,NO_MATERIAL_DATE_CONFLICT_OBSERVED,CURRENT_OR_NOT_APPLICABLE,FRONTMATTER_AND_IDENTITY_READ,Frozen registry metadata compared with canonical body.,055429ac82edc967f09c4640ffd0b049cff78e6e,2026-07-31,"Material creator, lifecycle, identifier, version-layer, title, or type conflict requires correction or explicit declaration.","Expose exact lifecycle/version, creator roles, work locus, restoration state, and compact audit capsule.",NO_CONFLICT_OBSERVED,ADD_NEW,[],"['VERSION', 'STANDING', 'IDENTIFIER']"
933,AXN:03B0,Operative Architecture Specification v0.2,Wrapper v1.0 / internal architecture v0.2,INLINE_TEXT,CONFIRMED_MATCH,COMPLETE_AS_DEPOSITED,DECLARED_BY_AUDIT_UNRESOLVED,DRAFT_STALE_EMBEDDED_IDENTIFIER,P2,"Registry creator is Lee Sharks. Body names Talos Morrow, declares Draft v0.2, and retains stale embedded references to #931/03AE.","Expose Talos Morrow authorship, layered versions, DRAFT standing, and current-versus-source identifier history.",REGISTRY_BODY_PARITY_CHECKED_OAI_PENDING,CONDITIONAL,R2,ACCURATE_OR_COMPATIBLE,,,BYLINE_CONFLICT_OR_ROLE_COLLAPSE,Lee Sharks,Talos Morrow,MATCH,LAYERED_VERSION_MODEL_UNEXPOSED,v1.0 wrapper,architecture v0.2,NO_MISSING_PRIMARY_MANIFESTATION_OBSERVED,NO_MATERIAL_DATE_CONFLICT_OBSERVED,CURRENT_OR_NOT_APPLICABLE,FRONTMATTER_AND_IDENTITY_READ,Frozen registry metadata compared with canonical body.,055429ac82edc967f09c4640ffd0b049cff78e6e,2026-07-31,"Material creator, lifecycle, identifier, version-layer, title, or type conflict requires correction or explicit declaration.","Expose exact lifecycle/version, creator roles, work locus, restoration state, and compact audit capsule.",NO_CONFLICT_OBSERVED,ADD_NEW,[],"['CREATOR_ROLE', 'VERSION', 'STANDING']"
934,AXN:03B1,The Inversion Operator v0.2,EA-SEI-INVERSION-01 v0.2,INLINE_TEXT,CONFIRMED_MATCH,COMPLETE_AS_DEPOSITED,DECLARED_BY_AUDIT_UNRESOLVED,DRAFT_SUPERSEDED_BY_935,P2,Registry assigns Lee Sharks; body names Rex Fraction and declares Draft v0.2 circulating. Record is superseded by #935.,"Set Rex Fraction as author, expose draft/superseded standing, and retain successor relation.",REGISTRY_BODY_PARITY_CHECKED_OAI_PENDING,CONDITIONAL,R2,ACCURATE_OR_COMPATIBLE,,,BYLINE_CONFLICT_OR_ROLE_COLLAPSE,Lee Sharks,Rex Fraction,MATCH,NO_CONFLICT_OBSERVED,,,NO_MISSING_PRIMARY_MANIFESTATION_OBSERVED,NO_MATERIAL_DATE_CONFLICT_OBSERVED,CURRENT_OR_NOT_APPLICABLE,FRONTMATTER_AND_IDENTITY_READ,Frozen registry metadata compared with canonical body.,055429ac82edc967f09c4640ffd0b049cff78e6e,2026-07-31,"Material creator, lifecycle, identifier, version-layer, title, or type conflict requires correction or explicit declaration.","Expose exact lifecycle/version, creator roles, work locus, restoration state, and compact audit capsule.",NO_CONFLICT_OBSERVED,ADD_NEW,[],"['CREATOR_ROLE', 'STANDING']"
935,AXN:03B2,The Inversion Operator v0.3,EA-SEI-INVERSION-01 v0.3 restoration pass,INLINE_TEXT,CONFIRMED_MATCH,COMPLETE_AS_DEPOSITED,DECLARED_BY_AUDIT_UNRESOLVED,SUCCESSOR_TO_934,P2,"Version and successor relation align, but registry assigns Lee Sharks while body names Rex Fraction.",Set Rex Fraction as author and preserve #934 predecessor relation.,REGISTRY_BODY_PARITY_CHECKED_OAI_PENDING,CONDITIONAL,R2,ACCURATE_OR_COMPATIBLE,,,BYLINE_CONFLICT_OR_ROLE_COLLAPSE,Lee Sharks,Rex Fraction,MATCH,NO_CONFLICT_OBSERVED,,,NO_MISSING_PRIMARY_MANIFESTATION_OBSERVED,NO_MATERIAL_DATE_CONFLICT_OBSERVED,CURRENT_OR_NOT_APPLICABLE,FRONTMATTER_AND_IDENTITY_READ,Frozen registry metadata compared with canonical body.,055429ac82edc967f09c4640ffd0b049cff78e6e,2026-07-31,"Material creator, lifecycle, identifier, version-layer, title, or type conflict requires correction or explicit declaration.","Expose exact lifecycle/version, creator roles, work locus, restoration state, and compact audit capsule.",NO_CONFLICT_OBSERVED,ADD_NEW,[],"['CREATOR_ROLE', 'STANDING']"
936,AXN:03B3,AI Overview Capture Registry v8.9,EA-WG-CAPTURES-01 v8.9 — 195 captures,INLINE_TEXT,CONFIRMED_MATCH,COMPLETE_AS_DEPOSITED,SUSPECTED,LIVING_REGISTRY_CANONICAL_SURFACE_DECLARED,P3,"Title, version, and count align. Body states machinemediation.org is canonical while a retained mirror filename still says v8.3.",Retain; model the stale mirror filename as a historical manifestation alias and verify image/transcription custody.,REGISTRY_BODY_PARITY_CHECKED_OAI_PENDING,NO,R3,ACCURATE_OR_COMPATIBLE,,,NO_MATERIAL_CONFLICT_OBSERVED,,,MATCH,NO_CONFLICT_OBSERVED,,,STALE_V8_3_MIRROR_FILENAME_AND_CAPTURE_CUSTODY_PENDING,NO_MATERIAL_DATE_CONFLICT_OBSERVED,CURRENT_OR_NOT_APPLICABLE,FRONTMATTER_AND_IDENTITY_READ,Frozen registry metadata compared with canonical body.,055429ac82edc967f09c4640ffd0b049cff78e6e,2026-07-31,,"Expose exact lifecycle/version, creator roles, work locus, restoration state, and compact audit capsule.",NO_CONFLICT_OBSERVED,ADD_NEW,[],"['STANDING', 'MANIFESTATION']"
937,AXN:03B5,Gw.TACHYON,TACHYON Continuity Record — Session 2026-06-30/07-01 v4.0,INLINE_TEXT,CONFIRMED_MATCH,COMPLETE_AS_DEPOSITED,DECLARED_BY_AUDIT_UNRESOLVED,CONTINUITY_RECORD_WITH_EMBEDDED_SOURCE_PLACEHOLDERS,P2,Generic catalog title/type underdescribe an inlined v4.0 continuity record; embedded source retains placeholder/TBD-at-mint language.,"Use the session title, type as continuity record, and overlay current identifiers while preserving source placeholder history.",REGISTRY_BODY_PARITY_CHECKED_OAI_PENDING,CONDITIONAL,R2,CONFLICT,Other,Continuity record,NO_MATERIAL_CONFLICT_OBSERVED,,,CONFLICT,NO_CONFLICT_OBSERVED,,,NO_MISSING_PRIMARY_MANIFESTATION_OBSERVED,NO_MATERIAL_DATE_CONFLICT_OBSERVED,CURRENT_OR_NOT_APPLICABLE,FRONTMATTER_AND_IDENTITY_READ,Frozen registry metadata compared with canonical body.,055429ac82edc967f09c4640ffd0b049cff78e6e,2026-07-31,"Material creator, lifecycle, identifier, version-layer, title, or type conflict requires correction or explicit declaration.","Expose exact lifecycle/version, creator roles, work locus, restoration state, and compact audit capsule.",NO_CONFLICT_OBSERVED,ADD_NEW,[],"['TITLE', 'TYPE', 'STANDING']"
938,AXN:03B6,Bearing Cost Visibility v0.2,EA-BEARING-01 v0.2,INLINE_TEXT,CONFIRMED_MATCH,COMPLETE_AS_DEPOSITED,DECLARED_BY_AUDIT_UNRESOLVED,DRAFT_STALE_RESERVED_IDENTIFIER,P2,"Body front matter is current for #938/03B6, but embedded text reserves AXN #939 / hex 03B7; registry also marks DRAFT_v0_2.",Expose draft standing and distinguish current AXN from stale reserved/source identifier.,REGISTRY_BODY_PARITY_CHECKED_OAI_PENDING,CONDITIONAL,R2,ACCURATE_OR_COMPATIBLE,,,NO_MATERIAL_CONFLICT_OBSERVED,,,MATCH,NO_CONFLICT_OBSERVED,,,NO_MISSING_PRIMARY_MANIFESTATION_OBSERVED,NO_MATERIAL_DATE_CONFLICT_OBSERVED,CURRENT_OR_NOT_APPLICABLE,FRONTMATTER_AND_IDENTITY_READ,Frozen registry metadata compared with canonical body.,055429ac82edc967f09c4640ffd0b049cff78e6e,2026-07-31,"Material creator, lifecycle, identifier, version-layer, title, or type conflict requires correction or explicit declaration.","Expose exact lifecycle/version, creator roles, work locus, restoration state, and compact audit capsule.",NO_CONFLICT_OBSERVED,ADD_NEW,[],"['STANDING', 'IDENTIFIER']"
939,AXN:03B7,Provenance Debt v0.2,EA-PROVENANCE-DEBT-01 v0.2,INLINE_TEXT,CONFIRMED_MATCH,COMPLETE_AS_DEPOSITED,DECLARED_BY_AUDIT_UNRESOLVED,ACTIVE_DRAFT_DUAL_STATUS,P2,"Identity/version align, but registry simultaneously presents ACTIVE and status_authorial DRAFT_v0_2.",Expose the authorial draft state in native metadata and OAI instead of projecting unqualified ACTIVE.,REGISTRY_BODY_PARITY_CHECKED_OAI_PENDING,CONDITIONAL,R2,ACCURATE_OR_COMPATIBLE,,,NO_MATERIAL_CONFLICT_OBSERVED,,,MATCH,NO_CONFLICT_OBSERVED,,,NO_MISSING_PRIMARY_MANIFESTATION_OBSERVED,NO_MATERIAL_DATE_CONFLICT_OBSERVED,CURRENT_OR_NOT_APPLICABLE,FRONTMATTER_AND_IDENTITY_READ,Frozen registry metadata compared with canonical body.,055429ac82edc967f09c4640ffd0b049cff78e6e,2026-07-31,"Material creator, lifecycle, identifier, version-layer, title, or type conflict requires correction or explicit declaration.","Expose exact lifecycle/version, creator roles, work locus, restoration state, and compact audit capsule.",NO_CONFLICT_OBSERVED,ADD_NEW,[],['STANDING']
940,AXN:03B8,Heteronymy v0.2,EA-HETERONYMY-01 v0.2,INLINE_TEXT,CONFIRMED_MATCH,COMPLETE_AS_DEPOSITED,DECLARED_BY_AUDIT_UNRESOLVED,ACTIVE_DRAFT_DUAL_STATUS,P2,"Identity/version align, but registry simultaneously presents ACTIVE and DRAFT_v0_2.",Expose authorial draft standing in the lifecycle capsule.,REGISTRY_BODY_PARITY_CHECKED_OAI_PENDING,CONDITIONAL,R2,ACCURATE_OR_COMPATIBLE,,,NO_MATERIAL_CONFLICT_OBSERVED,,,MATCH,NO_CONFLICT_OBSERVED,,,NO_MISSING_PRIMARY_MANIFESTATION_OBSERVED,NO_MATERIAL_DATE_CONFLICT_OBSERVED,CURRENT_OR_NOT_APPLICABLE,FRONTMATTER_AND_IDENTITY_READ,Frozen registry metadata compared with canonical body.,055429ac82edc967f09c4640ffd0b049cff78e6e,2026-07-31,"Material creator, lifecycle, identifier, version-layer, title, or type conflict requires correction or explicit declaration.","Expose exact lifecycle/version, creator roles, work locus, restoration state, and compact audit capsule.",NO_CONFLICT_OBSERVED,ADD_NEW,[],['STANDING']
941,AXN:03B9,Provenance Metadata v0.1,EA-PROVENANCE-METADATA-01 v0.1,INLINE_TEXT,CONFIRMED_MATCH,COMPLETE_AS_DEPOSITED,DECLARED_BY_AUDIT_UNRESOLVED,DRAFT_SUPERSEDED_BY_942,P2,Body explicitly declares DRAFT; registry presents ACTIVE and the record is superseded by #942.,Expose DRAFT/SUPERSEDED standing and successor relation.,REGISTRY_BODY_PARITY_CHECKED_OAI_PENDING,CONDITIONAL,R2,ACCURATE_OR_COMPATIBLE,,,NO_MATERIAL_CONFLICT_OBSERVED,,,MATCH,NO_CONFLICT_OBSERVED,,,NO_MISSING_PRIMARY_MANIFESTATION_OBSERVED,NO_MATERIAL_DATE_CONFLICT_OBSERVED,CURRENT_OR_NOT_APPLICABLE,FRONTMATTER_AND_IDENTITY_READ,Frozen registry metadata compared with canonical body.,055429ac82edc967f09c4640ffd0b049cff78e6e,2026-07-31,"Material creator, lifecycle, identifier, version-layer, title, or type conflict requires correction or explicit declaration.","Expose exact lifecycle/version, creator roles, work locus, restoration state, and compact audit capsule.",NO_CONFLICT_OBSERVED,ADD_NEW,[],['STANDING']
942,AXN:03BA,Provenance Metadata v0.2,EA-PROVENANCE-METADATA-01 v0.2,INLINE_TEXT,CONFIRMED_MATCH,COMPLETE_AS_DEPOSITED,NO_KNOWN_CONFLICT,SUCCESSOR_TO_941_CORRECTED_IN_PLACE,OK,Successor version and complete corrected body align; prior first-mint truncation is documented as repair history.,Retain.,REGISTRY_BODY_PARITY_CHECKED_OAI_PENDING,NO,R3,ACCURATE_OR_COMPATIBLE,,,NO_MATERIAL_CONFLICT_OBSERVED,,,MATCH,NO_CONFLICT_OBSERVED,,,NO_MISSING_PRIMARY_MANIFESTATION_OBSERVED,NO_MATERIAL_DATE_CONFLICT_OBSERVED,CURRENT_OR_NOT_APPLICABLE,FRONTMATTER_AND_IDENTITY_READ,Frozen registry metadata compared with canonical body.,055429ac82edc967f09c4640ffd0b049cff78e6e,2026-07-31,,"Expose exact lifecycle/version, creator roles, work locus, restoration state, and compact audit capsule.",NO_CONFLICT_OBSERVED,ADD_NEW,[],['STANDING']
943,AXN:03BB,Whitespace as Provenance v0.2,Whitespace as Provenance v0.2,INLINE_TEXT,CONFIRMED_MATCH,COMPLETE_AS_DEPOSITED,NO_KNOWN_CONFLICT,CORRECTED_IN_PLACE,OK,Registry and restored body align; prior truncation was corrected with recorded provenance.,Retain.,REGISTRY_BODY_PARITY_CHECKED_OAI_PENDING,NO,R3,ACCURATE_OR_COMPATIBLE,,,NO_MATERIAL_CONFLICT_OBSERVED,,,MATCH,NO_CONFLICT_OBSERVED,,,NO_MISSING_PRIMARY_MANIFESTATION_OBSERVED,NO_MATERIAL_DATE_CONFLICT_OBSERVED,CURRENT_OR_NOT_APPLICABLE,FRONTMATTER_AND_IDENTITY_READ,Frozen registry metadata compared with canonical body.,055429ac82edc967f09c4640ffd0b049cff78e6e,2026-07-31,,"Expose exact lifecycle/version, creator roles, work locus, restoration state, and compact audit capsule.",NO_CONFLICT_OBSERVED,ADD_NEW,[],['STANDING']
944,AXN:03BC,Mandala Inscription Protocol,EA-MANDALA-INSCRIPTION-01 v0.1,INLINE_TEXT,CONFIRMED_MATCH,COMPLETE_AS_DEPOSITED,DECLARED_BY_AUDIT_UNRESOLVED,DRAFT_TEXT_OPERATIVE_ADOPTED_PROTOCOL,P2,Body heading says DRAFT while its status line says v0.1 OPERATIVE / adopted in production.,Expose the distinction between draft textual edition and operative/adopted protocol standing.,REGISTRY_BODY_PARITY_CHECKED_OAI_PENDING,CONDITIONAL,R2,ACCURATE_OR_COMPATIBLE,,,NO_MATERIAL_CONFLICT_OBSERVED,,,MATCH,NO_CONFLICT_OBSERVED,,,NO_MISSING_PRIMARY_MANIFESTATION_OBSERVED,NO_MATERIAL_DATE_CONFLICT_OBSERVED,CURRENT_OR_NOT_APPLICABLE,FRONTMATTER_AND_IDENTITY_READ,Frozen registry metadata compared with canonical body.,055429ac82edc967f09c4640ffd0b049cff78e6e,2026-07-31,"Material creator, lifecycle, identifier, version-layer, title, or type conflict requires correction or explicit declaration.","Expose exact lifecycle/version, creator roles, work locus, restoration state, and compact audit capsule.",NO_CONFLICT_OBSERVED,ADD_NEW,[],['STANDING']
945,AXN:03BD,Coupling Protocol,EA-COUPLING-01 v0.1,INLINE_TEXT,CONFIRMED_MATCH,COMPLETE_AS_DEPOSITED,DECLARED_BY_AUDIT_UNRESOLVED,DRAFT_ASSEMBLY_REVIEW_PENDING,P2,Body says Assembly review pending; registry presents ACTIVE with DRAFT_v0_1 authorial status.,Expose pending-review/draft standing.,REGISTRY_BODY_PARITY_CHECKED_OAI_PENDING,CONDITIONAL,R2,ACCURATE_OR_COMPATIBLE,,,NO_MATERIAL_CONFLICT_OBSERVED,,,MATCH,NO_CONFLICT_OBSERVED,,,NO_MISSING_PRIMARY_MANIFESTATION_OBSERVED,NO_MATERIAL_DATE_CONFLICT_OBSERVED,CURRENT_OR_NOT_APPLICABLE,FRONTMATTER_AND_IDENTITY_READ,Frozen registry metadata compared with canonical body.,055429ac82edc967f09c4640ffd0b049cff78e6e,2026-07-31,"Material creator, lifecycle, identifier, version-layer, title, or type conflict requires correction or explicit declaration.","Expose exact lifecycle/version, creator roles, work locus, restoration state, and compact audit capsule.",NO_CONFLICT_OBSERVED,ADD_NEW,[],['STANDING']
946,AXN:03BE,Governance as Medium,EA-GOVERNANCE-MEDIUM-01 v0.1,INLINE_TEXT,CONFIRMED_MATCH,COMPLETE_AS_DEPOSITED,DECLARED_BY_AUDIT_UNRESOLVED,DRAFT_ASSEMBLY_REVIEW_PENDING,P2,Body says Assembly review pending; registry projects unqualified ACTIVE.,Expose pending-review/draft standing.,REGISTRY_BODY_PARITY_CHECKED_OAI_PENDING,CONDITIONAL,R2,ACCURATE_OR_COMPATIBLE,,,NO_MATERIAL_CONFLICT_OBSERVED,,,MATCH,NO_CONFLICT_OBSERVED,,,NO_MISSING_PRIMARY_MANIFESTATION_OBSERVED,NO_MATERIAL_DATE_CONFLICT_OBSERVED,CURRENT_OR_NOT_APPLICABLE,FRONTMATTER_AND_IDENTITY_READ,Frozen registry metadata compared with canonical body.,055429ac82edc967f09c4640ffd0b049cff78e6e,2026-07-31,"Material creator, lifecycle, identifier, version-layer, title, or type conflict requires correction or explicit declaration.","Expose exact lifecycle/version, creator roles, work locus, restoration state, and compact audit capsule.",NO_CONFLICT_OBSERVED,ADD_NEW,[],['STANDING']
947,AXN:03BF,Revelation First: Content Core v1.0,Revelation First: Content Core v1.0 — Term of the Week Seed Document,INLINE_TEXT,CONFIRMED_MATCH,COMPLETE_AS_DEPOSITED,NO_KNOWN_CONFLICT,TARGETED_SUBSIDIARY_DEPOSIT,OK,"Registry and body align on title, v1.0, targeted-subsidiary standing, and companion relations.",Retain.,REGISTRY_BODY_PARITY_CHECKED_OAI_PENDING,NO,R3,ACCURATE_OR_COMPATIBLE,,,NO_MATERIAL_CONFLICT_OBSERVED,,,MATCH,NO_CONFLICT_OBSERVED,,,NO_MISSING_PRIMARY_MANIFESTATION_OBSERVED,NO_MATERIAL_DATE_CONFLICT_OBSERVED,CURRENT_OR_NOT_APPLICABLE,FRONTMATTER_AND_IDENTITY_READ,Frozen registry metadata compared with canonical body.,055429ac82edc967f09c4640ffd0b049cff78e6e,2026-07-31,,"Expose exact lifecycle/version, creator roles, work locus, restoration state, and compact audit capsule.",NO_CONFLICT_OBSERVED,ADD_NEW,[],['STANDING']
948,AXN:03C0,Revelation First: Operational Plan v7.2.1,Revelation First: Operational Plan v7.2.1,INLINE_TEXT,CONFIRMED_MATCH,COMPLETE_AS_DEPOSITED,NO_KNOWN_CONFLICT,ACTIVE_REPLACES_V7_1,OK,"Registry and body align on v7.2.1, active current workplan, and replacement of v7.1.",Retain.,REGISTRY_BODY_PARITY_CHECKED_OAI_PENDING,NO,R3,ACCURATE_OR_COMPATIBLE,,,NO_MATERIAL_CONFLICT_OBSERVED,,,MATCH,NO_CONFLICT_OBSERVED,,,NO_MISSING_PRIMARY_MANIFESTATION_OBSERVED,NO_MATERIAL_DATE_CONFLICT_OBSERVED,CURRENT_OR_NOT_APPLICABLE,FRONTMATTER_AND_IDENTITY_READ,Frozen registry metadata compared with canonical body.,055429ac82edc967f09c4640ffd0b049cff78e6e,2026-07-31,,"Expose exact lifecycle/version, creator roles, work locus, restoration state, and compact audit capsule.",NO_CONFLICT_OBSERVED,ADD_NEW,[],['STANDING']
949,AXN:03C1,Mandala Tail-Renewal Protocol v0.3,EA-MANDALA-TAILRENEWAL-01 v0.3,INLINE_TEXT,CONFIRMED_MATCH,COMPLETE_AS_DEPOSITED,NO_KNOWN_CONFLICT,PRE_REGISTERED_ASSEMBLY_RATIFIED,OK,"Registry and body align on authors Nobel Glas/Talos Morrow, pre-registered status, v0.3, and 7/7 Assembly ratification.",Retain.,REGISTRY_BODY_PARITY_CHECKED_OAI_PENDING,NO,R3,ACCURATE_OR_COMPATIBLE,,,NO_MATERIAL_CONFLICT_OBSERVED,Nobel Glas; Talos Morrow,Nobel Glas · Talos Morrow,MATCH,NO_CONFLICT_OBSERVED,,,NO_MISSING_PRIMARY_MANIFESTATION_OBSERVED,NO_MATERIAL_DATE_CONFLICT_OBSERVED,CURRENT_OR_NOT_APPLICABLE,FRONTMATTER_AND_IDENTITY_READ,Frozen registry metadata compared with canonical body.,055429ac82edc967f09c4640ffd0b049cff78e6e,2026-07-31,,"Expose exact lifecycle/version, creator roles, work locus, restoration state, and compact audit capsule.",NO_CONFLICT_OBSERVED,ADD_NEW,[],['STANDING']
950,AXN:03C2,Operative Semiotics: A Grundrisse for the Machine Age,Recovered full text structurally verified; direct body suppressed by connector size limit,INLINE_TEXT,PROBABLE_MATCH,COMPLETE_AS_DEPOSITED,SUSPECTED,RECOVERED_FULL_TEXT_DIRECT_READ_PENDING_TRANSPORT,P3,"Registry records complete recovery, source path, SHA, 1,149,275 residual characters, COMPLETE body status, and recovered_full_text. GitHub file and blob endpoints return no text because the 1.15M-character object exceeds connector support.",Retain the complete-restoration classification provisionally. Perform a direct local or alternate transport front-matter read before final registration attestation; do not classify the body as missing.,REGISTRY_BODY_PARITY_CHECKED_OAI_PENDING,NO,R3,ACCURATE_OR_COMPATIBLE,Recovered work (full text seated),Recovered full scholarly work,NO_MATERIAL_CONFLICT_OBSERVED,,,MATCH,NO_CONFLICT_OBSERVED,,,LARGE_BODY_CHECKSUM_PRESENT_DIRECT_TEXT_TRANSPORT_UNAVAILABLE,NO_MATERIAL_DATE_CONFLICT_OBSERVED,CURRENT_OR_NOT_APPLICABLE,STRUCTURAL_CHECKED,"Frozen registry, restoration metadata, checksum, source path, and body-status evidence inspected; direct body text suppressed by connector size limit.",055429ac82edc967f09c4640ffd0b049cff78e6e,2026-07-31,,"Expose exact lifecycle/version, creator roles, work locus, restoration state, and compact audit capsule.",NO_CONFLICT_OBSERVED,ADD_NEW,[],"['STANDING', 'MANIFESTATION']"
957,AXN:03C9,Decrepit Memoir: A Catalogue of Minutes,"Recovered sequence of 61 Facebook status updates, December 2014–February 2015",INLINE_TEXT,CONFIRMED_MATCH,COMPLETE_AS_DEPOSITED,NO_KNOWN_CONFLICT,RECOVERED_FULL_TEXT,OK,Registry records complete recovery from the original blog mirror; body contains the status-update sequence with platform artifacts and Lee Sharks attribution.,Retain as recovered full text; optionally add a clean title/front-matter wrapper as a separate manifestation without altering the recovered source transcription.,REGISTRY_BODY_PARITY_CHECKED_OAI_PENDING,NO,R3,ACCURATE_OR_COMPATIBLE,,,NO_MATERIAL_CONFLICT_OBSERVED,,,MATCH,NO_CONFLICT_OBSERVED,,,RECOVERED_SOURCE_TRANSCRIPTION_WITH_EXTERNAL_IMAGE_REFERENCE,NO_MATERIAL_DATE_CONFLICT_OBSERVED,CURRENT_OR_NOT_APPLICABLE,FRONTMATTER_AND_IDENTITY_READ,Frozen registry metadata compared with canonical body.,055429ac82edc967f09c4640ffd0b049cff78e6e,2026-07-31,,"Expose exact lifecycle/version, creator roles, work locus, restoration state, and compact audit capsule.",NO_CONFLICT_OBSERVED,ADD_NEW,[],"['STANDING', 'MANIFESTATION']"
959,AXN:03CB,Hexagonal OS: Interface Build Files v0.4,LOGOTIC PROGRAMMING — Draft v0.4,INLINE_TEXT,WRONG_OBJECT,MIS_SEATED_PRIMARY_OBJECT,DECLARED_BY_AUDIT_UNRESOLVED,NO_LIFECYCLE_DEFECT_OBSERVED,P0,"Registry claims Hexagonal OS interface build files. Body is a different work: Logotic Programming, authored by Johannes Sigil and Rex Fraction.",Quarantine. Recover the actual Hexagonal OS build-files object or reseat this body under its Logotic Programming identifier; preserve the current mismatch as audit evidence.,REGISTRY_BODY_PARITY_CHECKED_OAI_PENDING,YES,R0,ACCURATE_OR_COMPATIBLE,Recovered work (full text seated),Wrong-object recovery,BYLINE_CONFLICT_OR_ROLE_COLLAPSE,"Sharks, Lee; Morrow, Talos",Johannes Sigil · Rex Fraction,CONFLICT,TITLE_BODY_VERSION_CONFLICT,v0.4 title / v0.1-semi restoration,Draft v0.4,NO_MISSING_PRIMARY_MANIFESTATION_OBSERVED,NO_MATERIAL_DATE_CONFLICT_OBSERVED,CURRENT_OR_NOT_APPLICABLE,FRONTMATTER_AND_IDENTITY_READ,Frozen registry metadata compared with the actual canonical body.,055429ac82edc967f09c4640ffd0b049cff78e6e,2026-07-31,The identifier serves the wrong work or a materially different historical version.,"Expose clean title, exact work version and lifecycle, role-qualified creators, bibliographic type, restoration layer, relations, and compact audit capsule.",NO_CONFLICT_OBSERVED,ADD_NEW,[],"['TITLE', 'CREATOR_ROLE', 'VERSION']"
962,AXN:03CE,The Hexagon Interface Constitution,THE HEXAGON INTERFACE CONSTITUTION,INLINE_TEXT,CONFIRMED_MATCH,COMPLETE_AS_DEPOSITED,NO_KNOWN_CONFLICT,NO_LIFECYCLE_DEFECT_OBSERVED,OK,Body contains the complete constitutional system specification by Lee Sharks and matches the named object.,Retain.,REGISTRY_BODY_PARITY_CHECKED_OAI_PENDING,NO,R3,ACCURATE_OR_COMPATIBLE,Recovered work (full text seated),Constitutional system specification,NO_MATERIAL_CONFLICT_OBSERVED,,,MATCH,NO_CONFLICT_OBSERVED,,,NO_MISSING_PRIMARY_MANIFESTATION_OBSERVED,NO_MATERIAL_DATE_CONFLICT_OBSERVED,CURRENT_OR_NOT_APPLICABLE,FRONTMATTER_AND_IDENTITY_READ,Frozen registry metadata compared with the actual canonical body.,055429ac82edc967f09c4640ffd0b049cff78e6e,2026-07-31,,"Expose clean title, exact work version and lifecycle, role-qualified creators, bibliographic type, restoration layer, relations, and compact audit capsule.",NO_CONFLICT_OBSERVED,ADD_NEW,[],[]
965,AXN:03D1,Operative Feminism: A Total Axial Negation Graph of the Field,OPERATIVE FEMINISM,INLINE_TEXT,CONFIRMED_MATCH,COMPLETE_AS_DEPOSITED,NO_KNOWN_CONFLICT,NO_LIFECYCLE_DEFECT_OBSERVED,OK,Recovered full body matches the triadic Lee Sharks / Rhys Owens / Orin Trace object described by the registry.,Retain.,REGISTRY_BODY_PARITY_CHECKED_OAI_PENDING,NO,R3,ACCURATE_OR_COMPATIBLE,Recovered work (full text seated),Triadic theoretical/doctrinal work,NO_MATERIAL_CONFLICT_OBSERVED,"Sharks, Lee; Owens, Rhys; Trace, Orin",Lee Sharks / Rhys Owens / Orin Trace,MATCH,NO_CONFLICT_OBSERVED,,,NO_MISSING_PRIMARY_MANIFESTATION_OBSERVED,NO_MATERIAL_DATE_CONFLICT_OBSERVED,CURRENT_OR_NOT_APPLICABLE,FRONTMATTER_AND_IDENTITY_READ,Frozen registry metadata compared with the actual canonical body.,055429ac82edc967f09c4640ffd0b049cff78e6e,2026-07-31,,"Expose clean title, exact work version and lifecycle, role-qualified creators, bibliographic type, restoration layer, relations, and compact audit capsule.",NO_CONFLICT_OBSERVED,ADD_NEW,[],[]
966,AXN:03D2,r.28 EVE Room Specification,r.28 EVE — Room Specification,INLINE_TEXT,CONFIRMED_MATCH,COMPLETE_AS_DEPOSITED,DECLARED_BY_AUDIT_UNRESOLVED,PROVISIONAL_PENDING_ASSEMBLY_RATIFICATION,P2,Body declares PROVISIONAL — pending Assembly ratification. Registry restoration surface does not make that operative standing primary.,Expose provisional pending-ratification lifecycle.,REGISTRY_BODY_PARITY_CHECKED_OAI_PENDING,CONDITIONAL,R2,ACCURATE_OR_COMPATIBLE,Recovered work (full text seated),Room specification,NO_MATERIAL_CONFLICT_OBSERVED,,,MATCH,NO_CONFLICT_OBSERVED,,,NO_MISSING_PRIMARY_MANIFESTATION_OBSERVED,NO_MATERIAL_DATE_CONFLICT_OBSERVED,CURRENT_OR_NOT_APPLICABLE,FRONTMATTER_AND_IDENTITY_READ,Frozen registry metadata compared with the actual canonical body.,055429ac82edc967f09c4640ffd0b049cff78e6e,2026-07-31,"Material title, type, creator, lifecycle, version-layer, relation, manifestation, date, or license conflict requires correction or explicit declaration.","Expose clean title, exact work version and lifecycle, role-qualified creators, bibliographic type, restoration layer, relations, and compact audit capsule.",NO_CONFLICT_OBSERVED,ADD_NEW,[],['STANDING']
967,AXN:03D3,H_core Formal Specification v2.0,H_core Formal Specification v2.0,INLINE_TEXT,CONFIRMED_MATCH,COMPLETE_AS_DEPOSITED,NO_KNOWN_CONFLICT,VERSION_2_0_SUPERSEDES_1_8_0,OK,"Recovered PDF text matches title, version 2.0, creators Lee Sharks/Assembly Chorus, and formal-specification identity.",Retain.,REGISTRY_BODY_PARITY_CHECKED_OAI_PENDING,NO,R3,ACCURATE_OR_COMPATIBLE,Recovered work (full text seated),Formal architecture specification,NO_MATERIAL_CONFLICT_OBSERVED,,,MATCH,NO_CONFLICT_OBSERVED,,,NO_MISSING_PRIMARY_MANIFESTATION_OBSERVED,NO_MATERIAL_DATE_CONFLICT_OBSERVED,CURRENT_OR_NOT_APPLICABLE,FRONTMATTER_AND_IDENTITY_READ,Frozen registry metadata compared with the actual canonical body.,055429ac82edc967f09c4640ffd0b049cff78e6e,2026-07-31,,"Expose clean title, exact work version and lifecycle, role-qualified creators, bibliographic type, restoration layer, relations, and compact audit capsule.",NO_CONFLICT_OBSERVED,ADD_NEW,[],['STANDING']
968,AXN:03D4,PVE-003: The Attribution Scar,PVE-003: THE ATTRIBUTION SCAR,INLINE_TEXT,CONFIRMED_MATCH,COMPLETE_AS_DEPOSITED,NO_KNOWN_CONFLICT,ASSEMBLY_RATIFIED,OK,Recovered body matches the forensic counterweapon/provenance-volatility event named by the record and records Assembly ratification.,Retain.,REGISTRY_BODY_PARITY_CHECKED_OAI_PENDING,NO,R3,ACCURATE_OR_COMPATIBLE,Recovered work (full text seated),Forensic counterweapon / provenance event record,NO_MATERIAL_CONFLICT_OBSERVED,,,MATCH,NO_CONFLICT_OBSERVED,,,NO_MISSING_PRIMARY_MANIFESTATION_OBSERVED,NO_MATERIAL_DATE_CONFLICT_OBSERVED,CURRENT_OR_NOT_APPLICABLE,FRONTMATTER_AND_IDENTITY_READ,Frozen registry metadata compared with the actual canonical body.,055429ac82edc967f09c4640ffd0b049cff78e6e,2026-07-31,,"Expose clean title, exact work version and lifecycle, role-qualified creators, bibliographic type, restoration layer, relations, and compact audit capsule.",NO_CONFLICT_OBSERVED,ADD_NEW,[],['STANDING']
969,AXN:03D5,[SUPERSEDED] THE SHARKS ARK v2.1 — Receivability Patch,THE SHARKS ARK — EA-ARK-01-ARCHON v3.0,INLINE_TEXT,WRONG_VERSION,MIS_SEATED_PRIMARY_OBJECT,DECLARED_BY_AUDIT_UNRESOLVED,SUPERSEDED_BY_1101_BUT_WRONG_BODY_SEATED,P0,Registry identifies the historical v2.1 receivability patch; recovered body explicitly declares v3.0. The restoration source therefore seated the successor under the v2.1 identifier.,Quarantine as v2.1. Recover the actual v2.1 bytes or reseat this v3.0 body at the successor record #1101.,REGISTRY_BODY_PARITY_CHECKED_OAI_PENDING,YES,R0,ACCURATE_OR_COMPATIBLE,,,NO_MATERIAL_CONFLICT_OBSERVED,,,MATCH,TITLE_BODY_VERSION_CONFLICT,v2.1,v3.0,NO_MISSING_PRIMARY_MANIFESTATION_OBSERVED,NO_MATERIAL_DATE_CONFLICT_OBSERVED,CURRENT_OR_NOT_APPLICABLE,FRONTMATTER_AND_IDENTITY_READ,Frozen registry metadata compared with the actual canonical body.,055429ac82edc967f09c4640ffd0b049cff78e6e,2026-07-31,The identifier serves the wrong work or a materially different historical version.,"Expose clean title, exact work version and lifecycle, role-qualified creators, bibliographic type, restoration layer, relations, and compact audit capsule.",NO_CONFLICT_OBSERVED,ADD_NEW,[],"['VERSION', 'STANDING', 'IDENTIFIER']"
970,AXN:03D6,[SUPERSEDED] THE SHARKS ARK v2.2 — Consensus Constraint Patch,THE SHARKS ARK — EA-ARK-01-ARCHON v2.2,INLINE_TEXT,CONFIRMED_MATCH,COMPLETE_AS_DEPOSITED,NO_KNOWN_CONFLICT,SUPERSEDED_BY_1101,OK,Recovered body matches historical v2.2; registry correctly marks it superseded by v3.0/#1101.,Retain.,REGISTRY_BODY_PARITY_CHECKED_OAI_PENDING,NO,R3,ACCURATE_OR_COMPATIBLE,,,NO_MATERIAL_CONFLICT_OBSERVED,,,MATCH,NO_CONFLICT_OBSERVED,v2.2,v2.2,NO_MISSING_PRIMARY_MANIFESTATION_OBSERVED,NO_MATERIAL_DATE_CONFLICT_OBSERVED,CURRENT_OR_NOT_APPLICABLE,FRONTMATTER_AND_IDENTITY_READ,Frozen registry metadata compared with the actual canonical body.,055429ac82edc967f09c4640ffd0b049cff78e6e,2026-07-31,,"Expose clean title, exact work version and lifecycle, role-qualified creators, bibliographic type, restoration layer, relations, and compact audit capsule.",NO_CONFLICT_OBSERVED,ADD_NEW,[],['STANDING']
971,AXN:03D7,THE SHARKS ARK v3.0,THE SHARKS ARK — EA-ARK-01-ARCHON v3.0,INLINE_TEXT,CONFIRMED_MATCH,COMPLETE_AS_DEPOSITED,NO_KNOWN_CONFLICT,NO_LIFECYCLE_DEFECT_OBSERVED,OK,Body/title/version align on v3.0 and the source-register Space Ark object.,Retain.,REGISTRY_BODY_PARITY_CHECKED_OAI_PENDING,NO,R3,ACCURATE_OR_COMPATIBLE,,,NO_MATERIAL_CONFLICT_OBSERVED,,,MATCH,NO_CONFLICT_OBSERVED,v3.0,v3.0,NO_MISSING_PRIMARY_MANIFESTATION_OBSERVED,NO_MATERIAL_DATE_CONFLICT_OBSERVED,CURRENT_OR_NOT_APPLICABLE,FRONTMATTER_AND_IDENTITY_READ,Frozen registry metadata compared with the actual canonical body.,055429ac82edc967f09c4640ffd0b049cff78e6e,2026-07-31,,"Expose clean title, exact work version and lifecycle, role-qualified creators, bibliographic type, restoration layer, relations, and compact audit capsule.",NO_CONFLICT_OBSERVED,ADD_NEW,[],[]
972,AXN:03D8,The Distributed Journal as Counter-Infrastructure — Call for Papers,CALL FOR PAPERS — Version 2.0,INLINE_TEXT,CONFIRMED_MATCH,COMPLETE_AS_DEPOSITED,NO_KNOWN_CONFLICT,CALL_FOR_PAPERS_VERSION_2_0,OK,Recovered body is a complete v2.0 call for papers matching the distributed-journal counter-infrastructure object.,Retain.,REGISTRY_BODY_PARITY_CHECKED_OAI_PENDING,NO,R3,ACCURATE_OR_COMPATIBLE,,,NO_MATERIAL_CONFLICT_OBSERVED,,,MATCH,NO_CONFLICT_OBSERVED,,v2.0,NO_MISSING_PRIMARY_MANIFESTATION_OBSERVED,NO_MATERIAL_DATE_CONFLICT_OBSERVED,CURRENT_OR_NOT_APPLICABLE,FRONTMATTER_AND_IDENTITY_READ,Frozen registry metadata compared with the actual canonical body.,055429ac82edc967f09c4640ffd0b049cff78e6e,2026-07-31,,"Expose clean title, exact work version and lifecycle, role-qualified creators, bibliographic type, restoration layer, relations, and compact audit capsule.",NO_CONFLICT_OBSERVED,ADD_NEW,[],['STANDING']
973,AXN:03D9,Premonition Dream,PREMONITION DREAM,INLINE_TEXT,CONFIRMED_MATCH,COMPLETE_AS_DEPOSITED,NO_KNOWN_CONFLICT,RECOVERED_FULL_TEXT,OK,Recovered body matches the 2013 dream text and includes its image manifestation.,Retain.,REGISTRY_BODY_PARITY_CHECKED_OAI_PENDING,NO,R3,ACCURATE_OR_COMPATIBLE,,,NO_MATERIAL_CONFLICT_OBSERVED,,,MATCH,NO_CONFLICT_OBSERVED,,,RECOVERED_TEXT_WITH_EXTERNAL_IMAGE_REFERENCE,NO_MATERIAL_DATE_CONFLICT_OBSERVED,CURRENT_OR_NOT_APPLICABLE,FRONTMATTER_AND_IDENTITY_READ,Frozen registry metadata compared with the actual canonical body.,055429ac82edc967f09c4640ffd0b049cff78e6e,2026-07-31,,"Expose clean title, exact work version and lifecycle, role-qualified creators, bibliographic type, restoration layer, relations, and compact audit capsule.",NO_CONFLICT_OBSERVED,ADD_NEW,[],"['STANDING', 'MANIFESTATION']"
976,AXN:03DC,Metadata Packet for AI Indexing: SPXI Protocol,EA-MPAI-SPXI-01 v1.1,INLINE_TEXT,CONFIRMED_MATCH,COMPLETE_AS_DEPOSITED,DECLARED_BY_AUDIT_UNRESOLVED,NO_LIFECYCLE_DEFECT_OBSERVED,P2,"Registry assigns Lee Sharks alone and retains restoration version v0.1-semi. Body declares Rex Fraction as author of record, Lee Sharks as archival steward, and work version 1.1.",Model author/steward roles and separate v1.1 work identity from restoration version.,REGISTRY_BODY_PARITY_CHECKED_OAI_PENDING,CONDITIONAL,R2,ACCURATE_OR_COMPATIBLE,,,BYLINE_CONFLICT_OR_ROLE_COLLAPSE,"Sharks, Lee","Rex Fraction, author; Lee Sharks, archival steward",MATCH,RESTORATION_LAYER_VERSION_UNSEPARATED,v0.1-semi restoration,v1.1,NO_MISSING_PRIMARY_MANIFESTATION_OBSERVED,NO_MATERIAL_DATE_CONFLICT_OBSERVED,CURRENT_OR_NOT_APPLICABLE,FRONTMATTER_AND_IDENTITY_READ,Frozen registry metadata compared with the actual canonical body.,055429ac82edc967f09c4640ffd0b049cff78e6e,2026-07-31,"Material title, type, creator, lifecycle, version-layer, relation, manifestation, date, or license conflict requires correction or explicit declaration.","Expose clean title, exact work version and lifecycle, role-qualified creators, bibliographic type, restoration layer, relations, and compact audit capsule.",NO_CONFLICT_OBSERVED,ADD_NEW,[],"['CREATOR_ROLE', 'VERSION']"
977,AXN:03DD,EA-SPXI-09.1: SPXI ROI,EA-SPXI-09.1: SPXI ROI — Operational and Visibility Returns,INLINE_TEXT,CONFIRMED_MATCH,COMPLETE_AS_DEPOSITED,DECLARED_BY_AUDIT_UNRESOLVED,RELATION_TO_665_UNMODELED,P2,Body matches the addendum but declares deposit date proposed; an earlier Alexanarch manifestation exists at #665 without an explicit duplicate/version relation.,Separate proposed/publication/deposit dates and relate this recovered DOI manifestation to #665.,REGISTRY_BODY_PARITY_CHECKED_OAI_PENDING,CONDITIONAL,R2,ACCURATE_OR_COMPATIBLE,,,NO_MATERIAL_CONFLICT_OBSERVED,,,MATCH,AMBIGUOUS_VERSION,,,NO_MISSING_PRIMARY_MANIFESTATION_OBSERVED,PROPOSED_DEPOSIT_DATE_REQUIRES_ROLE,CURRENT_OR_NOT_APPLICABLE,FRONTMATTER_AND_IDENTITY_READ,Frozen registry metadata compared with the actual canonical body.,055429ac82edc967f09c4640ffd0b049cff78e6e,2026-07-31,"Material title, type, creator, lifecycle, version-layer, relation, manifestation, date, or license conflict requires correction or explicit declaration.","Expose clean title, exact work version and lifecycle, role-qualified creators, bibliographic type, restoration layer, relations, and compact audit capsule.",NO_CONFLICT_OBSERVED,ADD_NEW,[],"['VERSION', 'STANDING', 'DATE']"
978,AXN:03DE,Counterfeit Orthodoxies: The Workshop Inside the Canon,Counterfeit Orthodoxies — The Workshop Inside the Canon,INLINE_TEXT,CONFIRMED_MATCH,COMPLETE_AS_DEPOSITED,NO_KNOWN_CONFLICT,NO_LIFECYCLE_DEFECT_OBSERVED,OK,Recovered body matches the named work and Johannes Sigil attribution.,Retain.,REGISTRY_BODY_PARITY_CHECKED_OAI_PENDING,NO,R3,ACCURATE_OR_COMPATIBLE,,,NO_MATERIAL_CONFLICT_OBSERVED,"Sigil, Johannes; Sharks, Lee","Attributed: Johannes Sigil, for the Dodecad",MATCH,NO_CONFLICT_OBSERVED,,,NO_MISSING_PRIMARY_MANIFESTATION_OBSERVED,NO_MATERIAL_DATE_CONFLICT_OBSERVED,CURRENT_OR_NOT_APPLICABLE,FRONTMATTER_AND_IDENTITY_READ,Frozen registry metadata compared with the actual canonical body.,055429ac82edc967f09c4640ffd0b049cff78e6e,2026-07-31,,"Expose clean title, exact work version and lifecycle, role-qualified creators, bibliographic type, restoration layer, relations, and compact audit capsule.",NO_CONFLICT_OBSERVED,ADD_NEW,[],[]
979,AXN:03DF,Hexagonal Contributor License — Alice Thornburgh — Amendment to v3.0,Hexagonal Contributor License — Alice Thornburgh — Amendment to v3.0,INLINE_TEXT,CONFIRMED_MATCH,COMPLETE_AS_DEPOSITED,NO_KNOWN_CONFLICT,AMENDMENT_TO_V3_0,OK,Body is a complete three-innovation amendment and explicitly leaves all other v2.0/v3.0 provisions unchanged.,Retain.,REGISTRY_BODY_PARITY_CHECKED_OAI_PENDING,NO,R3,ACCURATE_OR_COMPATIBLE,,,NO_MATERIAL_CONFLICT_OBSERVED,,,MATCH,NO_CONFLICT_OBSERVED,,,NO_MISSING_PRIMARY_MANIFESTATION_OBSERVED,NO_MATERIAL_DATE_CONFLICT_OBSERVED,CURRENT_OR_NOT_APPLICABLE,FRONTMATTER_AND_IDENTITY_READ,Frozen registry metadata compared with the actual canonical body.,055429ac82edc967f09c4640ffd0b049cff78e6e,2026-07-31,,"Expose clean title, exact work version and lifecycle, role-qualified creators, bibliographic type, restoration layer, relations, and compact audit capsule.",NO_CONFLICT_OBSERVED,ADD_NEW,[],['STANDING']
982,AXN:03E2,pessoagraph.org — Pessoa Knowledge Graph Visualization v1.0,The Pessoa Knowledge Graph — EA-PKG-01 v1.0 foundational paper,INLINE_TEXT,WRONG_OBJECT,MIS_SEATED_PRIMARY_OBJECT,DECLARED_BY_AUDIT_UNRESOLVED,NO_LIFECYCLE_DEFECT_OBSERVED,P0,Registry claims the interactive pessoagraph.org visualization/source object. Recovered body is the different foundational linked-data paper EA-PKG-01.,Quarantine; recover the visualization/source code or reseat the foundational paper under its own identifier.,REGISTRY_BODY_PARITY_CHECKED_OAI_PENDING,YES,R0,ACCURATE_OR_COMPATIBLE,,,NO_MATERIAL_CONFLICT_OBSERVED,,,CONFLICT,NO_CONFLICT_OBSERVED,,,NO_MISSING_PRIMARY_MANIFESTATION_OBSERVED,NO_MATERIAL_DATE_CONFLICT_OBSERVED,CURRENT_OR_NOT_APPLICABLE,FRONTMATTER_AND_IDENTITY_READ,Frozen registry metadata compared with the actual canonical body.,055429ac82edc967f09c4640ffd0b049cff78e6e,2026-07-31,The identifier serves the wrong work or a materially different historical version.,"Expose clean title, exact work version and lifecycle, role-qualified creators, bibliographic type, restoration layer, relations, and compact audit capsule.",NO_CONFLICT_OBSERVED,ADD_NEW,[],['TITLE']
983,AXN:03E3,[REVOKED] Hexagonal Contributor License v1.0 — Viola Arquette,Hexagonal Contributor License v1.0 — Viola Arquette,INLINE_TEXT,CONFIRMED_MATCH,COMPLETE_AS_DEPOSITED,DECLARED_BY_AUDIT_UNRESOLVED,REVOKED_ACTIVE_STATUS_CONFLICT,P2,"Title/description declare REVOKED, while registry lifecycle remains ACTIVE and the body contains the full license text.",Expose REVOKED lifecycle and effective revocation date/authority; do not project the license as active.,REGISTRY_BODY_PARITY_CHECKED_OAI_PENDING,CONDITIONAL,R2,ACCURATE_OR_COMPATIBLE,,,NO_MATERIAL_CONFLICT_OBSERVED,,,MATCH,NO_CONFLICT_OBSERVED,,,NO_MISSING_PRIMARY_MANIFESTATION_OBSERVED,NO_MATERIAL_DATE_CONFLICT_OBSERVED,CURRENT_OR_NOT_APPLICABLE,FRONTMATTER_AND_IDENTITY_READ,Frozen registry metadata compared with the actual canonical body.,055429ac82edc967f09c4640ffd0b049cff78e6e,2026-07-31,"Material title, type, creator, lifecycle, version-layer, relation, manifestation, date, or license conflict requires correction or explicit declaration.","Expose clean title, exact work version and lifecycle, role-qualified creators, bibliographic type, restoration layer, relations, and compact audit capsule.",NO_CONFLICT_OBSERVED,ADD_NEW,[],['STANDING']
984,AXN:03E4,pessoagraph.org — Scholarly Resource Brief,The Pessoa Knowledge Graph — EA-PKG-01 v1.0 foundational paper,INLINE_TEXT,WRONG_OBJECT,MIS_SEATED_PRIMARY_OBJECT,DECLARED_BY_AUDIT_UNRESOLVED,NO_LIFECYCLE_DEFECT_OBSERVED,P0,Registry claims a pessoagraph.org scholarly-resource brief. Recovered body is again the EA-PKG-01 foundational paper.,Quarantine; recover the actual scholarly-resource brief or relate this body to the correct foundational-paper identifier.,REGISTRY_BODY_PARITY_CHECKED_OAI_PENDING,YES,R0,ACCURATE_OR_COMPATIBLE,,,NO_MATERIAL_CONFLICT_OBSERVED,,,CONFLICT,NO_CONFLICT_OBSERVED,,,NO_MISSING_PRIMARY_MANIFESTATION_OBSERVED,NO_MATERIAL_DATE_CONFLICT_OBSERVED,CURRENT_OR_NOT_APPLICABLE,FRONTMATTER_AND_IDENTITY_READ,Frozen registry metadata compared with the actual canonical body.,055429ac82edc967f09c4640ffd0b049cff78e6e,2026-07-31,The identifier serves the wrong work or a materially different historical version.,"Expose clean title, exact work version and lifecycle, role-qualified creators, bibliographic type, restoration layer, relations, and compact audit capsule.",NO_CONFLICT_OBSERVED,ADD_NEW,[],['TITLE']
987,AXN:03E7,METADATAPACKET: Forward Library Planning Document,METADATAPACKET: Forward Library Planning Document,INLINE_TEXT,CONFIRMED_MATCH,COMPLETE_AS_DEPOSITED,DECLARED_BY_AUDIT_UNRESOLVED,PLANNING_NOT_LOCKED_RELATION_TO_696_UNMODELED,P2,Body is the same planning/brainstorm synthesis previously represented at #696 and explicitly says not locked down.,Expose planning/not-locked lifecycle and add an explicit duplicate/version/manifestation relation to #696.,REGISTRY_BODY_PARITY_CHECKED_OAI_PENDING,CONDITIONAL,R2,ACCURATE_OR_COMPATIBLE,,,NO_MATERIAL_CONFLICT_OBSERVED,,,MATCH,NO_CONFLICT_OBSERVED,,,NO_MISSING_PRIMARY_MANIFESTATION_OBSERVED,NO_MATERIAL_DATE_CONFLICT_OBSERVED,CURRENT_OR_NOT_APPLICABLE,FRONTMATTER_AND_IDENTITY_READ,Frozen registry metadata compared with the actual canonical body.,055429ac82edc967f09c4640ffd0b049cff78e6e,2026-07-31,"Material title, type, creator, lifecycle, version-layer, relation, manifestation, date, or license conflict requires correction or explicit declaration.","Expose clean title, exact work version and lifecycle, role-qualified creators, bibliographic type, restoration layer, relations, and compact audit capsule.",NO_CONFLICT_OBSERVED,ADD_NEW,[],['STANDING']
988,AXN:03E8,Living Architecture Lab — Site Buildout Workplan,Living Architecture Lab — Site Buildout Workplan v1.1,INLINE_TEXT,CONFIRMED_MATCH,COMPLETE_AS_DEPOSITED,DECLARED_BY_AUDIT_UNRESOLVED,VERSION_1_1_RELATION_TO_707_UNMODELED,P2,Body is v1.1 and duplicates the work already represented at #707; current registry relation is not explicit.,"Expose v1.1, the supersedes-v1.0 statement, and an exact duplicate/version relation to #707.",REGISTRY_BODY_PARITY_CHECKED_OAI_PENDING,CONDITIONAL,R2,ACCURATE_OR_COMPATIBLE,,,NO_MATERIAL_CONFLICT_OBSERVED,,,MATCH,AMBIGUOUS_VERSION,,v1.1,NO_MISSING_PRIMARY_MANIFESTATION_OBSERVED,NO_MATERIAL_DATE_CONFLICT_OBSERVED,CURRENT_OR_NOT_APPLICABLE,FRONTMATTER_AND_IDENTITY_READ,Frozen registry metadata compared with the actual canonical body.,055429ac82edc967f09c4640ffd0b049cff78e6e,2026-07-31,"Material title, type, creator, lifecycle, version-layer, relation, manifestation, date, or license conflict requires correction or explicit declaration.","Expose clean title, exact work version and lifecycle, role-qualified creators, bibliographic type, restoration layer, relations, and compact audit capsule.",NO_CONFLICT_OBSERVED,ADD_NEW,[],"['VERSION', 'STANDING']"
989,AXN:03E9,Screenrooms and Silver Bullets — Poems by Rhys Owens,Screenrooms and Silver Bullets,INLINE_TEXT,CONFIRMED_MATCH,COMPLETE_AS_DEPOSITED,NO_KNOWN_CONFLICT,NO_LIFECYCLE_DEFECT_OBSERVED,OK,"Recovered body matches the 14-poem collection, Rhys Owens authorship, and New Human 2 venue.",Retain.,REGISTRY_BODY_PARITY_CHECKED_OAI_PENDING,NO,R3,ACCURATE_OR_COMPATIBLE,,,NO_MATERIAL_CONFLICT_OBSERVED,"Owens, Rhys",Rhys Owens,MATCH,NO_CONFLICT_OBSERVED,,,NO_MISSING_PRIMARY_MANIFESTATION_OBSERVED,NO_MATERIAL_DATE_CONFLICT_OBSERVED,CURRENT_OR_NOT_APPLICABLE,FRONTMATTER_AND_IDENTITY_READ,Frozen registry metadata compared with the actual canonical body.,055429ac82edc967f09c4640ffd0b049cff78e6e,2026-07-31,,"Expose clean title, exact work version and lifecycle, role-qualified creators, bibliographic type, restoration layer, relations, and compact audit capsule.",NO_CONFLICT_OBSERVED,ADD_NEW,[],[]
990,AXN:03EA,Rhys Owens — DOI Registry v1.0,Rhys Owens — DOI Registry,DATASET_OR_REGISTRY,CONFIRMED_MATCH,COMPLETE_AS_DEPOSITED,NO_KNOWN_CONFLICT,LIVING_REGISTRY_VERSION_1_0,OK,Body is the complete one-row DOI registry and standing-relations table described by the record.,Retain.,REGISTRY_BODY_PARITY_CHECKED_OAI_PENDING,NO,R3,ACCURATE_OR_COMPATIBLE,,,NO_MATERIAL_CONFLICT_OBSERVED,"Owens, Rhys; Sharks, Lee",,MATCH,NO_CONFLICT_OBSERVED,,,NO_MISSING_PRIMARY_MANIFESTATION_OBSERVED,NO_MATERIAL_DATE_CONFLICT_OBSERVED,CURRENT_OR_NOT_APPLICABLE,FRONTMATTER_AND_IDENTITY_READ,Frozen registry metadata compared with the actual canonical body.,055429ac82edc967f09c4640ffd0b049cff78e6e,2026-07-31,,"Expose clean title, exact work version and lifecycle, role-qualified creators, bibliographic type, restoration layer, relations, and compact audit capsule.",NO_CONFLICT_OBSERVED,ADD_NEW,[],"['STANDING', 'IDENTIFIER']"
991,AXN:03EB,The Autumn Notebook,The Autumn Notebook v1.1,INLINE_TEXT,CONFIRMED_MATCH,COMPLETE_AS_DEPOSITED,DECLARED_BY_AUDIT_UNRESOLVED,RECOVERED_FULL_TEXT,P2,Recovered body declares work version 1.1 and separates 2025 composition from 2026 deposit; registry retains restoration version v0.1-semi.,Expose v1.1 as work version and keep restoration version in a separate field.,REGISTRY_BODY_PARITY_CHECKED_OAI_PENDING,CONDITIONAL,R2,ACCURATE_OR_COMPATIBLE,,,NO_MATERIAL_CONFLICT_OBSERVED,,,MATCH,RESTORATION_LAYER_VERSION_UNSEPARATED,v0.1-semi restoration,v1.1,NO_MISSING_PRIMARY_MANIFESTATION_OBSERVED,NO_MATERIAL_DATE_CONFLICT_OBSERVED,CURRENT_OR_NOT_APPLICABLE,FRONTMATTER_AND_IDENTITY_READ,Frozen registry metadata compared with the actual canonical body.,055429ac82edc967f09c4640ffd0b049cff78e6e,2026-07-31,"Material title, type, creator, lifecycle, version-layer, relation, manifestation, date, or license conflict requires correction or explicit declaration.","Expose clean title, exact work version and lifecycle, role-qualified creators, bibliographic type, restoration layer, relations, and compact audit capsule.",NO_CONFLICT_OBSERVED,ADD_NEW,[],"['VERSION', 'STANDING']"
992,AXN:03EC,Cross-Reference Map,Cross-Reference Map v1.1 — Non-Authoritative Reference,INLINE_TEXT,CONFIRMED_MATCH,COMPLETE_AS_DEPOSITED,DECLARED_BY_AUDIT_UNRESOLVED,NON_AUTHORITATIVE_REFERENCE_ROUTING_ONLY,P2,Body explicitly declares v1.1 and non-authoritative routing-only standing; unqualified ACTIVE restoration metadata does not carry that governance limit.,Expose v1.1 and NON_AUTHORITATIVE_REFERENCE / routing-only standing.,REGISTRY_BODY_PARITY_CHECKED_OAI_PENDING,CONDITIONAL,R2,ACCURATE_OR_COMPATIBLE,,,NO_MATERIAL_CONFLICT_OBSERVED,,,MATCH,RESTORATION_LAYER_VERSION_UNSEPARATED,,v1.1,NO_MISSING_PRIMARY_MANIFESTATION_OBSERVED,NO_MATERIAL_DATE_CONFLICT_OBSERVED,CURRENT_OR_NOT_APPLICABLE,FRONTMATTER_AND_IDENTITY_READ,Frozen registry metadata compared with the actual canonical body.,055429ac82edc967f09c4640ffd0b049cff78e6e,2026-07-31,"Material title, type, creator, lifecycle, version-layer, relation, manifestation, date, or license conflict requires correction or explicit declaration.","Expose clean title, exact work version and lifecycle, role-qualified creators, bibliographic type, restoration layer, relations, and compact audit capsule.",NO_CONFLICT_OBSERVED,ADD_NEW,[],"['VERSION', 'STANDING']"
993,AXN:03ED,Septad Mantle Specifications v1.1,Septad Mantle Specifications v1.1 — Draft for Assembly Review,INLINE_TEXT,CONFIRMED_MATCH,COMPLETE_AS_DEPOSITED,DECLARED_BY_AUDIT_UNRESOLVED,DRAFT_FOR_ASSEMBLY_REVIEW_SUPERSEDES_V1_0,P2,Body declares v1.1 Draft for Assembly Review and supersedes v1.0; registry restoration state does not expose draft governance standing.,Expose DRAFT_FOR_ASSEMBLY_REVIEW and predecessor relation.,REGISTRY_BODY_PARITY_CHECKED_OAI_PENDING,CONDITIONAL,R2,ACCURATE_OR_COMPATIBLE,,,NO_MATERIAL_CONFLICT_OBSERVED,,,MATCH,RESTORATION_LAYER_VERSION_UNSEPARATED,,v1.1,NO_MISSING_PRIMARY_MANIFESTATION_OBSERVED,NO_MATERIAL_DATE_CONFLICT_OBSERVED,CURRENT_OR_NOT_APPLICABLE,FRONTMATTER_AND_IDENTITY_READ,Frozen registry metadata compared with the actual canonical body.,055429ac82edc967f09c4640ffd0b049cff78e6e,2026-07-31,"Material title, type, creator, lifecycle, version-layer, relation, manifestation, date, or license conflict requires correction or explicit declaration.","Expose clean title, exact work version and lifecycle, role-qualified creators, bibliographic type, restoration layer, relations, and compact audit capsule.",NO_CONFLICT_OBSERVED,ADD_NEW,[],"['VERSION', 'STANDING']"
994,AXN:03EE,Dodecad Heteronym Provenance Registry v1.1,Dodecad Heteronym Provenance Registry v1.1 — Draft for Assembly Review,INLINE_TEXT,CONFIRMED_MATCH,COMPLETE_AS_DEPOSITED,DECLARED_BY_AUDIT_UNRESOLVED,DRAFT_FOR_ASSEMBLY_REVIEW_SUPERSEDES_V1_0,P2,Body declares Draft for Assembly Review and supersedes v1.0.,Expose draft standing and predecessor relation.,REGISTRY_BODY_PARITY_CHECKED_OAI_PENDING,CONDITIONAL,R2,ACCURATE_OR_COMPATIBLE,,,NO_MATERIAL_CONFLICT_OBSERVED,,,MATCH,RESTORATION_LAYER_VERSION_UNSEPARATED,,v1.1,NO_MISSING_PRIMARY_MANIFESTATION_OBSERVED,NO_MATERIAL_DATE_CONFLICT_OBSERVED,CURRENT_OR_NOT_APPLICABLE,FRONTMATTER_AND_IDENTITY_READ,Frozen registry metadata compared with the actual canonical body.,055429ac82edc967f09c4640ffd0b049cff78e6e,2026-07-31,"Material title, type, creator, lifecycle, version-layer, relation, manifestation, date, or license conflict requires correction or explicit declaration.","Expose clean title, exact work version and lifecycle, role-qualified creators, bibliographic type, restoration layer, relations, and compact audit capsule.",NO_CONFLICT_OBSERVED,ADD_NEW,[],"['VERSION', 'STANDING']"
995,AXN:03EF,Substrate Audit Protocol v1.1 — Worked Example,EA-SPXI-15A v1.1 — Draft for deposit,INLINE_TEXT,CONFIRMED_MATCH,COMPLETE_AS_DEPOSITED,DECLARED_BY_AUDIT_UNRESOLVED,DRAFT_FOR_DEPOSIT,P2,"Wrapper title says worked example H1–H4 measurement of Name the Frame, while the internal corrected heading says D_pres. Body declares v1.1 Draft for deposit.",Resolve the wrapper/internal worked-example title conflict and expose draft lifecycle and v1.1.,REGISTRY_BODY_PARITY_CHECKED_OAI_PENDING,CONDITIONAL,R2,ACCURATE_OR_COMPATIBLE,,,NO_MATERIAL_CONFLICT_OBSERVED,,,CONFLICT,RESTORATION_LAYER_VERSION_UNSEPARATED,,v1.1,NO_MISSING_PRIMARY_MANIFESTATION_OBSERVED,NO_MATERIAL_DATE_CONFLICT_OBSERVED,CURRENT_OR_NOT_APPLICABLE,FRONTMATTER_AND_IDENTITY_READ,Frozen registry metadata compared with the actual canonical body.,055429ac82edc967f09c4640ffd0b049cff78e6e,2026-07-31,"Material title, type, creator, lifecycle, version-layer, relation, manifestation, date, or license conflict requires correction or explicit declaration.","Expose clean title, exact work version and lifecycle, role-qualified creators, bibliographic type, restoration layer, relations, and compact audit capsule.",NO_CONFLICT_OBSERVED,ADD_NEW,[],"['TITLE', 'VERSION', 'STANDING']"
996,AXN:03F0,The Orthonym Becomes a Heteronym,The Orthonym Becomes a Heteronym v0.9 — deposit draft,INLINE_TEXT,CONFIRMED_MATCH,COMPLETE_AS_DEPOSITED,DECLARED_BY_AUDIT_UNRESOLVED,DRAFT_FOR_DEPOSIT,P2,Registry presents an active restored work while body metadata declares version 0.9 (deposit draft).,Expose v0.9 and DRAFT_FOR_DEPOSIT standing.,REGISTRY_BODY_PARITY_CHECKED_OAI_PENDING,CONDITIONAL,R2,ACCURATE_OR_COMPATIBLE,,,NO_MATERIAL_CONFLICT_OBSERVED,"Sigil, Johannes",Johannes Sigil,MATCH,RESTORATION_LAYER_VERSION_UNSEPARATED,,v0.9,NO_MISSING_PRIMARY_MANIFESTATION_OBSERVED,NO_MATERIAL_DATE_CONFLICT_OBSERVED,CURRENT_OR_NOT_APPLICABLE,FRONTMATTER_AND_IDENTITY_READ,Frozen registry metadata compared with the actual canonical body.,055429ac82edc967f09c4640ffd0b049cff78e6e,2026-07-31,"Material title, type, creator, lifecycle, version-layer, relation, manifestation, date, or license conflict requires correction or explicit declaration.","Expose clean title, exact work version and lifecycle, role-qualified creators, bibliographic type, restoration layer, relations, and compact audit capsule.",NO_CONFLICT_OBSERVED,ADD_NEW,[],"['VERSION', 'STANDING']"
997,AXN:03F1,Crunchy Honeybun with Selectable Viscous Filling Reservoir,US 2026/0506001 A1 — Crunchy Honeybun patent-poem,INLINE_TEXT,CONFIRMED_MATCH,COMPLETE_AS_DEPOSITED,DECLARED_BY_AUDIT_UNRESOLVED,NO_LIFECYCLE_DEFECT_OBSERVED,P2,"Identity and body are correct, but restoration state substitutes for bibliographic form; body distinguishes inventor Osiris from supervising teacher Lee Sharks.",Type as patent application / patent-poem and model inventor and supervising-teacher roles separately.,REGISTRY_BODY_PARITY_CHECKED_OAI_PENDING,CONDITIONAL,R2,CONFLICT,Recovered work (full text seated),Patent application / patent-poem,ROLE_COLLAPSE,"Osiris; Sharks, Lee",Inventor Osiris; supervising teacher Lee Sharks,MATCH,NO_CONFLICT_OBSERVED,,,NO_MISSING_PRIMARY_MANIFESTATION_OBSERVED,NO_MATERIAL_DATE_CONFLICT_OBSERVED,CURRENT_OR_NOT_APPLICABLE,FRONTMATTER_AND_IDENTITY_READ,Frozen registry metadata compared with the actual canonical body.,055429ac82edc967f09c4640ffd0b049cff78e6e,2026-07-31,"Material title, type, creator, lifecycle, version-layer, relation, manifestation, date, or license conflict requires correction or explicit declaration.","Expose clean title, exact work version and lifecycle, role-qualified creators, bibliographic type, restoration layer, relations, and compact audit capsule.",NO_CONFLICT_OBSERVED,ADD_NEW,[],"['TYPE', 'CREATOR_ROLE']"
998,AXN:03F2,Autonomous Warfare Does Not End at the Body ... (v1.1) (1.1),Autonomous Warfare Does Not End at the Body — EA-MPAI-AUTONOMOUS-WARFARE-01 v1.1,INLINE_TEXT,CONFIRMED_MATCH,COMPLETE_AS_DEPOSITED,DECLARED_BY_AUDIT_UNRESOLVED,NO_LIFECYCLE_DEFECT_OBSERVED,P2,"Body/title identify v1.1, but registry title duplicates the version token and restoration version remains v0.1-semi. Body is a bridge/disambiguation packet rather than a generic restored object.",Clean the duplicated version in the title; expose v1.1 as work version and type as bridge/disambiguation packet.,REGISTRY_BODY_PARITY_CHECKED_OAI_PENDING,CONDITIONAL,R2,CONFLICT,Recovered work (full text seated),Bridge/disambiguation metadata packet,NO_MATERIAL_CONFLICT_OBSERVED,,,CONFLICT,RESTORATION_LAYER_VERSION_UNSEPARATED,v0.1-semi restoration,v1.1,NO_MISSING_PRIMARY_MANIFESTATION_OBSERVED,NO_MATERIAL_DATE_CONFLICT_OBSERVED,CURRENT_OR_NOT_APPLICABLE,FRONTMATTER_AND_IDENTITY_READ,Frozen registry metadata compared with the actual canonical body.,055429ac82edc967f09c4640ffd0b049cff78e6e,2026-07-31,"Material title, type, creator, lifecycle, version-layer, relation, manifestation, date, or license conflict requires correction or explicit declaration.","Expose clean title, exact work version and lifecycle, role-qualified creators, bibliographic type, restoration layer, relations, and compact audit capsule.",NO_CONFLICT_OBSERVED,ADD_NEW,[],"['TITLE', 'TYPE', 'VERSION']"
